{
    "RPT": {
        "ScanTime": "0.53 sec.",
        "ScanFile": "esame33_1f8bc751949b9d5b2628_20230303162615_scan.json",
        "Warnings": 0,
        "Success": 6
    },
    "SRV": {
        "PHP": {
            "websrv": true,
            "openbase": true,
            "maxtime": true,
            "mysqli": true,
            "version": true
        },
        "SYS": {
            "managedHost": true,
            "ALL": "Good"
        },
        "WP": {
            "version": true,
            "core": true,
            "ismu": false,
            "ALL": "Good"
        }
    },
    "ARC": {
        "Size": "0B",
        "DirCount": "0",
        "FileCount": "0",
        "FullCount": "0",
        "WarnFileCount": 0,
        "WarnDirCount": 0,
        "UnreadableDirCount": 0,
        "UnreadableFileCount": 0,
        "FilterDirsAll": [
            "C:\/laragon\/www\/Esame\/.opcache",
            "C:\/laragon\/www\/Esame\/wp-content\/ai1wm-backups",
            "C:\/laragon\/www\/Esame\/wp-content\/backups-dup-lite",
            "C:\/laragon\/www\/Esame\/wp-content\/backups-dup-pro",
            "C:\/laragon\/www\/Esame\/wp-content\/backupwordpress",
            "C:\/laragon\/www\/Esame\/wp-content\/bps-backup",
            "C:\/laragon\/www\/Esame\/wp-content\/cache",
            "C:\/laragon\/www\/Esame\/wp-content\/content\/cache",
            "C:\/laragon\/www\/Esame\/wp-content\/contents\/cache",
            "C:\/laragon\/www\/Esame\/wp-content\/infinitewp\/backups",
            "C:\/laragon\/www\/Esame\/wp-content\/managewp\/backups",
            "C:\/laragon\/www\/Esame\/wp-content\/old-cache",
            "C:\/laragon\/www\/Esame\/wp-content\/plugins\/all-in-one-wp-migration\/storage",
            "C:\/laragon\/www\/Esame\/wp-content\/updraft",
            "C:\/laragon\/www\/Esame\/wp-content\/uploads\/aiowps_backups",
            "C:\/laragon\/www\/Esame\/wp-content\/uploads\/backupbuddy_backups",
            "C:\/laragon\/www\/Esame\/wp-content\/uploads\/backupbuddy_temp",
            "C:\/laragon\/www\/Esame\/wp-content\/uploads\/ithemes-security\/backups",
            "C:\/laragon\/www\/Esame\/wp-content\/uploads\/mainwp\/backup",
            "C:\/laragon\/www\/Esame\/wp-content\/uploads\/pb_backupbuddy",
            "C:\/laragon\/www\/Esame\/wp-content\/uploads\/snapshots",
            "C:\/laragon\/www\/Esame\/wp-content\/uploads\/sucuri",
            "C:\/laragon\/www\/Esame\/wp-content\/uploads\/wp-clone",
            "C:\/laragon\/www\/Esame\/wp-content\/uploads\/wp_all_backup",
            "C:\/laragon\/www\/Esame\/wp-content\/uploads\/wpbackitup_backups",
            "C:\/laragon\/www\/Esame\/wp-content\/wfcache",
            "C:\/laragon\/www\/Esame\/wp-content\/wishlist-backup",
            "C:\/laragon\/www\/Esame\/wp-snapshots"
        ],
        "FilterFilesAll": [
            "error_log",
            "error.log",
            "debug_log",
            "ws_ftp.log",
            "dbcache",
            "pgcache",
            "objectcache",
            ".DS_Store",
            "C:\/laragon\/www\/Esame\/.htaccess",
            "C:\/laragon\/www\/Esame\/web.config",
            "C:\/laragon\/www\/Esame\/wp-config.php"
        ],
        "FilterExtsAll": [],
        "FilterInfo": {
            "Dirs": {
                "Core": [
                    "C:\/laragon\/www\/Esame\/wp-snapshots",
                    "C:\/laragon\/www\/Esame\/wp-content\/backups-dup-lite",
                    "C:\/laragon\/www\/Esame\/.opcache",
                    "C:\/laragon\/www\/Esame\/wp-content\/backups-dup-pro",
                    "C:\/laragon\/www\/Esame\/wp-content\/ai1wm-backups",
                    "C:\/laragon\/www\/Esame\/wp-content\/backupwordpress",
                    "C:\/laragon\/www\/Esame\/wp-content\/content\/cache",
                    "C:\/laragon\/www\/Esame\/wp-content\/contents\/cache",
                    "C:\/laragon\/www\/Esame\/wp-content\/infinitewp\/backups",
                    "C:\/laragon\/www\/Esame\/wp-content\/managewp\/backups",
                    "C:\/laragon\/www\/Esame\/wp-content\/old-cache",
                    "C:\/laragon\/www\/Esame\/wp-content\/plugins\/all-in-one-wp-migration\/storage",
                    "C:\/laragon\/www\/Esame\/wp-content\/updraft",
                    "C:\/laragon\/www\/Esame\/wp-content\/wishlist-backup",
                    "C:\/laragon\/www\/Esame\/wp-content\/wfcache",
                    "C:\/laragon\/www\/Esame\/wp-content\/bps-backup",
                    "C:\/laragon\/www\/Esame\/wp-content\/cache",
                    "C:\/laragon\/www\/Esame\/wp-content\/uploads\/aiowps_backups",
                    "C:\/laragon\/www\/Esame\/wp-content\/uploads\/backupbuddy_temp",
                    "C:\/laragon\/www\/Esame\/wp-content\/uploads\/backupbuddy_backups",
                    "C:\/laragon\/www\/Esame\/wp-content\/uploads\/ithemes-security\/backups",
                    "C:\/laragon\/www\/Esame\/wp-content\/uploads\/mainwp\/backup",
                    "C:\/laragon\/www\/Esame\/wp-content\/uploads\/pb_backupbuddy",
                    "C:\/laragon\/www\/Esame\/wp-content\/uploads\/snapshots",
                    "C:\/laragon\/www\/Esame\/wp-content\/uploads\/sucuri",
                    "C:\/laragon\/www\/Esame\/wp-content\/uploads\/wp-clone",
                    "C:\/laragon\/www\/Esame\/wp-content\/uploads\/wp_all_backup",
                    "C:\/laragon\/www\/Esame\/wp-content\/uploads\/wpbackitup_backups"
                ],
                "Global": [],
                "Instance": [],
                "Warning": [],
                "Unreadable": [],
                "AddonSites": []
            },
            "Files": {
                "Core": [],
                "Global": [
                    "error_log",
                    "error.log",
                    "debug_log",
                    "ws_ftp.log",
                    "dbcache",
                    "pgcache",
                    "objectcache",
                    ".DS_Store"
                ],
                "Instance": [],
                "Warning": [],
                "Unreadable": [],
                "AddonSites": [],
                "Size": []
            },
            "Exts": {
                "Core": [],
                "Global": [],
                "Instance": []
            },
            "UDirCount": 0,
            "UFileCount": 0,
            "UExtCount": 0,
            "TreeSize": [],
            "TreeWarning": []
        },
        "RecursiveLinks": [],
        "UnreadableItems": [],
        "Status": {
            "Size": "Good",
            "Names": "Good",
            "UnreadableItems": "Good",
            "MigratePackage": "Good",
            "CanbeMigratePackage": true,
            "showCreateProcFuncStatus": "Good",
            "showCreateProcFunc": true,
            "AddonSites": "Good"
        },
        "Dirs": [],
        "Files": []
    },
    "DB": {
        "Status": {
            "Success": true,
            "DB_Case": "Good",
            "DB_Rows": "Good",
            "DB_Size": "Good",
            "TBL_Case": "Good",
            "TBL_Rows": "Good",
            "TBL_Size": "Good",
            "Triggers": "Good"
        },
        "Size": 15237120,
        "Rows": 3272,
        "TableCount": 48,
        "TableList": {
            "wp_actionscheduler_actions": {
                "Case": 0,
                "Rows": "36",
                "Size": "128KB",
                "USize": "131072"
            },
            "wp_actionscheduler_claims": {
                "Case": 0,
                "Rows": "0",
                "Size": "32KB",
                "USize": "32768"
            },
            "wp_actionscheduler_groups": {
                "Case": 0,
                "Rows": "3",
                "Size": "32KB",
                "USize": "32768"
            },
            "wp_actionscheduler_logs": {
                "Case": 0,
                "Rows": "79",
                "Size": "48KB",
                "USize": "49152"
            },
            "wp_commentmeta": {
                "Case": 0,
                "Rows": "14",
                "Size": "48KB",
                "USize": "49152"
            },
            "wp_comments": {
                "Case": 0,
                "Rows": "31",
                "Size": "112KB",
                "USize": "114688"
            },
            "wp_duplicator_packages": {
                "Case": 0,
                "Rows": "0",
                "Size": "32KB",
                "USize": "32768"
            },
            "wp_links": {
                "Case": 0,
                "Rows": "0",
                "Size": "32KB",
                "USize": "32768"
            },
            "wp_options": {
                "Case": 0,
                "Rows": "537",
                "Size": "8.48MB",
                "USize": "8896512"
            },
            "wp_postmeta": {
                "Case": 0,
                "Rows": "1,691",
                "Size": "1.53MB",
                "USize": "1605632"
            },
            "wp_posts": {
                "Case": 0,
                "Rows": "373",
                "Size": "2.45MB",
                "USize": "2572288"
            },
            "wp_simply_static_pages": {
                "Case": 0,
                "Rows": "0",
                "Size": "80KB",
                "USize": "81920"
            },
            "wp_term_relationships": {
                "Case": 0,
                "Rows": "132",
                "Size": "32KB",
                "USize": "32768"
            },
            "wp_term_taxonomy": {
                "Case": 0,
                "Rows": "90",
                "Size": "48KB",
                "USize": "49152"
            },
            "wp_termmeta": {
                "Case": 0,
                "Rows": "30",
                "Size": "48KB",
                "USize": "49152"
            },
            "wp_terms": {
                "Case": 0,
                "Rows": "89",
                "Size": "48KB",
                "USize": "49152"
            },
            "wp_usermeta": {
                "Case": 0,
                "Rows": "55",
                "Size": "48KB",
                "USize": "49152"
            },
            "wp_users": {
                "Case": 0,
                "Rows": "0",
                "Size": "64KB",
                "USize": "65536"
            },
            "wp_wc_admin_note_actions": {
                "Case": 0,
                "Rows": "44",
                "Size": "32KB",
                "USize": "32768"
            },
            "wp_wc_admin_notes": {
                "Case": 0,
                "Rows": "33",
                "Size": "16KB",
                "USize": "16384"
            },
            "wp_wc_category_lookup": {
                "Case": 0,
                "Rows": "9",
                "Size": "16KB",
                "USize": "16384"
            },
            "wp_wc_customer_lookup": {
                "Case": 0,
                "Rows": "0",
                "Size": "48KB",
                "USize": "49152"
            },
            "wp_wc_download_log": {
                "Case": 0,
                "Rows": "0",
                "Size": "48KB",
                "USize": "49152"
            },
            "wp_wc_order_coupon_lookup": {
                "Case": 0,
                "Rows": "0",
                "Size": "48KB",
                "USize": "49152"
            },
            "wp_wc_order_product_lookup": {
                "Case": 0,
                "Rows": "0",
                "Size": "80KB",
                "USize": "81920"
            },
            "wp_wc_order_stats": {
                "Case": 0,
                "Rows": "0",
                "Size": "64KB",
                "USize": "65536"
            },
            "wp_wc_order_tax_lookup": {
                "Case": 0,
                "Rows": "0",
                "Size": "48KB",
                "USize": "49152"
            },
            "wp_wc_product_attributes_lookup": {
                "Case": 0,
                "Rows": "0",
                "Size": "32KB",
                "USize": "32768"
            },
            "wp_wc_product_download_directories": {
                "Case": 0,
                "Rows": "2",
                "Size": "32KB",
                "USize": "32768"
            },
            "wp_wc_product_meta_lookup": {
                "Case": 0,
                "Rows": "5",
                "Size": "112KB",
                "USize": "114688"
            },
            "wp_wc_rate_limits": {
                "Case": 0,
                "Rows": "0",
                "Size": "32KB",
                "USize": "32768"
            },
            "wp_wc_reserved_stock": {
                "Case": 0,
                "Rows": "0",
                "Size": "16KB",
                "USize": "16384"
            },
            "wp_wc_tax_rate_classes": {
                "Case": 0,
                "Rows": "2",
                "Size": "32KB",
                "USize": "32768"
            },
            "wp_wc_webhooks": {
                "Case": 0,
                "Rows": "0",
                "Size": "32KB",
                "USize": "32768"
            },
            "wp_woocommerce_api_keys": {
                "Case": 0,
                "Rows": "0",
                "Size": "48KB",
                "USize": "49152"
            },
            "wp_woocommerce_attribute_taxonomies": {
                "Case": 0,
                "Rows": "0",
                "Size": "32KB",
                "USize": "32768"
            },
            "wp_woocommerce_downloadable_product_permissions": {
                "Case": 0,
                "Rows": "0",
                "Size": "80KB",
                "USize": "81920"
            },
            "wp_woocommerce_log": {
                "Case": 0,
                "Rows": "0",
                "Size": "32KB",
                "USize": "32768"
            },
            "wp_woocommerce_order_itemmeta": {
                "Case": 0,
                "Rows": "15",
                "Size": "48KB",
                "USize": "49152"
            },
            "wp_woocommerce_order_items": {
                "Case": 0,
                "Rows": "2",
                "Size": "32KB",
                "USize": "32768"
            },
            "wp_woocommerce_payment_tokenmeta": {
                "Case": 0,
                "Rows": "0",
                "Size": "48KB",
                "USize": "49152"
            },
            "wp_woocommerce_payment_tokens": {
                "Case": 0,
                "Rows": "0",
                "Size": "32KB",
                "USize": "32768"
            },
            "wp_woocommerce_sessions": {
                "Case": 0,
                "Rows": "0",
                "Size": "32KB",
                "USize": "32768"
            },
            "wp_woocommerce_shipping_zone_locations": {
                "Case": 0,
                "Rows": "0",
                "Size": "48KB",
                "USize": "49152"
            },
            "wp_woocommerce_shipping_zone_methods": {
                "Case": 0,
                "Rows": "0",
                "Size": "16KB",
                "USize": "16384"
            },
            "wp_woocommerce_shipping_zones": {
                "Case": 0,
                "Rows": "0",
                "Size": "16KB",
                "USize": "16384"
            },
            "wp_woocommerce_tax_rate_locations": {
                "Case": 0,
                "Rows": "0",
                "Size": "48KB",
                "USize": "49152"
            },
            "wp_woocommerce_tax_rates": {
                "Case": 0,
                "Rows": "0",
                "Size": "80KB",
                "USize": "81920"
            }
        },
        "RawSize": 15237120,
        "EasySize": "14.53MB"
    },
    "LL": {
        "TotalSize": "14.53MB",
        "Status": {
            "TotalSize": "Good"
        }
    }
}