{"id-51452":{"title":"Theatre Artist","id":51452,"publish-date":1617304821,"featured-image-url":"https:\/\/websitedemos.net\/wp-content\/uploads\/2021\/03\/theatre-artist-02.jpg","thumbnail-image-url":"https:\/\/websitedemos.net\/wp-content\/uploads\/2021\/03\/theatre-artist-02.jpg","fullpage-thumbnail-image-url":"https:\/\/websitedemos.net\/wp-content\/uploads\/2021\/03\/theatre-artist-02.jpg","astra-site-url":"\/\/websitedemos.net\/theatre-artist-02","astra-site-parent-id":1904,"astra-sites-tag":{"1906":"actor","339":"artist","1572":"performer","444":"portfolio","1905":"theatre-artist"},"astra-sites-type":"free","astra-site-category":{"27":"business","39":"free"},"astra-sites-template-category":{"2802":"artist","2784":"event","2770":"personal","2768":"portfolio"},"astra-site-page-builder":"elementor","categories":{"2488":"portfolio"},"required-plugins":[{"slug":"elementor","init":"elementor\/elementor.php","name":"Elementor"},{"slug":"wpforms-lite","init":"wpforms-lite\/wpforms.php","name":"WPForms Lite"}],"post-status":"publish","post-content":"<!-- wp:paragraph -->\n<p>The Theater Artist template is a dark design with an elegant feel thanks to gold contrast color. The design has a full screen image and simple navigation that gives an upscale look while the rest of the homepage includes everything you might need to promote yourself or your business.<\/p>\n<!-- \/wp:paragraph -->\n\n<!-- wp:paragraph -->\n<p>While configured for an actor, you can see how it could work for musicians, bands or other businesses. It\u2019s easy to customize and allows you to change everything you see on the page using a drag and drop page builder.<\/p>\n<!-- \/wp:paragraph -->\n\n<!-- wp:heading -->\n<h2>Key features of the Theater Artist template<\/h2>\n<!-- \/wp:heading -->\n\n<!-- wp:list -->\n<ul><li>Elegant design ideal as a business website or portfolio<\/li><li>Attractive dark theme with gold contrast color<\/li><li>Lots of product and service areas<\/li><li>Useful timeline element on the homepage<\/li><li>Full compatibility with leading page builders<\/li><\/ul>\n<!-- \/wp:list -->","post-excerpt":"Upscale web template with dark design and gold elements that stand out","pages":{"id-51453":{"title":"Biography","featured-image-url":"https:\/\/websitedemos.net\/wp-content\/uploads\/2021\/03\/theatre-artist-02-biography.jpg","thumbnail-image-url":"https:\/\/websitedemos.net\/wp-content\/uploads\/2021\/03\/theatre-artist-02-biography.jpg","astra-page-api-url":"https:\/\/websitedemos.net\/theatre-artist-02\/wp-json\/wp\/v2\/pages\/394","dynamic-page":"no","astra-page-url":"\/\/websitedemos.net\/theatre-artist-02\/biography\/","astra-sites-tag":{"352":"about","1566":"biography"},"site-pages-type":"free","site-pages-page-builder":"elementor","site-pages-category":[],"site-pages-parent-category":{"60":"business","61":"free"},"required-plugins":[{"slug":"elementor","init":"elementor\/elementor.php","name":"Elementor"}]},"id-51454":{"title":"Contact","featured-image-url":"https:\/\/websitedemos.net\/wp-content\/uploads\/2021\/03\/theatre-artist-02-contact.jpg","thumbnail-image-url":"https:\/\/websitedemos.net\/wp-content\/uploads\/2021\/03\/theatre-artist-02-contact.jpg","astra-page-api-url":"https:\/\/websitedemos.net\/theatre-artist-02\/wp-json\/wp\/v2\/pages\/512","dynamic-page":"no","astra-page-url":"\/\/websitedemos.net\/theatre-artist-02\/contact\/","astra-sites-tag":{"415":"contact"},"site-pages-type":"free","site-pages-page-builder":"elementor","site-pages-category":[],"site-pages-parent-category":{"60":"business","61":"free"},"required-plugins":[{"slug":"elementor","init":"elementor\/elementor.php","name":"Elementor"},{"slug":"wpforms-lite","init":"wpforms-lite\/wpforms.php","name":"WPForms Lite"}]},"id-51455":{"title":"Home","featured-image-url":"https:\/\/websitedemos.net\/wp-content\/uploads\/2021\/03\/theatre-artist-02.jpg","thumbnail-image-url":"https:\/\/websitedemos.net\/wp-content\/uploads\/2021\/03\/theatre-artist-02.jpg","astra-page-api-url":"https:\/\/websitedemos.net\/theatre-artist-02\/wp-json\/wp\/v2\/pages\/19","dynamic-page":"no","astra-page-url":"\/\/websitedemos.net\/theatre-artist-02\/","astra-sites-tag":{"423":"home"},"site-pages-type":"free","site-pages-page-builder":"elementor","site-pages-category":[],"site-pages-parent-category":{"60":"business","61":"free"},"required-plugins":[{"slug":"elementor","init":"elementor\/elementor.php","name":"Elementor"}]},"id-51456":{"title":"Repertoire","featured-image-url":"https:\/\/websitedemos.net\/wp-content\/uploads\/2021\/03\/theatre-artist-02-repertoire.jpg","thumbnail-image-url":"https:\/\/websitedemos.net\/wp-content\/uploads\/2021\/03\/theatre-artist-02-repertoire.jpg","astra-page-api-url":"https:\/\/websitedemos.net\/theatre-artist-02\/wp-json\/wp\/v2\/pages\/447","dynamic-page":"no","astra-page-url":"\/\/websitedemos.net\/theatre-artist-02\/repertoire\/","astra-sites-tag":{"444":"portfolio","1907":"repertoire"},"site-pages-type":"free","site-pages-page-builder":"elementor","site-pages-category":[],"site-pages-parent-category":{"60":"business","61":"free"},"required-plugins":[{"slug":"elementor","init":"elementor\/elementor.php","name":"Elementor"}]}},"related-bb-template":"","related-elementor-template":"","related-gutenberg-template":""},"id-47138":{"title":"Event Management Agency","id":47138,"publish-date":1597226669,"featured-image-url":"https:\/\/websitedemos.net\/wp-content\/uploads\/2020\/08\/event-management-02.jpg","thumbnail-image-url":"https:\/\/websitedemos.net\/wp-content\/uploads\/2020\/08\/event-management-02.jpg","fullpage-thumbnail-image-url":"https:\/\/websitedemos.net\/wp-content\/uploads\/2020\/08\/event-management-02.jpg","astra-site-url":"\/\/websitedemos.net\/event-management-04","astra-site-parent-id":1609,"astra-sites-tag":{"663":"agency","1611":"corporate-events","1612":"event-agency","1610":"event-management"},"astra-sites-type":"agency-mini","astra-site-category":{"27":"business"},"astra-sites-template-category":{"2777":"business","2784":"event","2768":"portfolio"},"astra-site-page-builder":"elementor","categories":{"2483":"expert-services"},"required-plugins":[{"slug":"elementor","init":"elementor\/elementor.php","name":"Elementor"},{"slug":"wpforms-lite","init":"wpforms-lite\/wpforms.php","name":"WPForms Lite"}],"post-status":"publish","post-content":"<!-- wp:paragraph -->\n<p>The Event Management Agency template is a business website with a professional feel. It\u2019s engaging and includes options for a video header as well as images to show off the events you manage. It\u2019s a very modern design with instant appeal.<\/p>\n<!-- \/wp:paragraph -->\n\n<!-- wp:paragraph -->\n<p>The homepage includes lots of content areas to share products and services, a portfolio area to show off previous events, a testimonial area and optional blog and event sections. Everything can be fully customized so you can build your pages however you like.<\/p>\n<!-- \/wp:paragraph -->\n\n<!-- wp:heading -->\n<h2>Key features of the Event Management Agency template<\/h2>\n<!-- \/wp:heading -->\n\n<!-- wp:list -->\n<ul><li>Professional business template ideal for event management companies<\/li><li>Lots of content areas for products and services<\/li><li>Supports video and audio headers<\/li><li>Attractive portfolio section to showcase previous events<\/li><li>Full compatibility with leading page builders<\/li><\/ul>\n<!-- \/wp:list -->","post-excerpt":"Professional web template ideal for businesses that like to show as well as tell","pages":{"id-47141":{"title":"Home","featured-image-url":"https:\/\/websitedemos.net\/wp-content\/uploads\/2020\/08\/event-management-02.jpg","thumbnail-image-url":"https:\/\/websitedemos.net\/wp-content\/uploads\/2020\/08\/event-management-02.jpg","astra-page-api-url":"https:\/\/websitedemos.net\/event-management-04\/wp-json\/wp\/v2\/pages\/19","dynamic-page":"no","astra-page-url":"\/\/websitedemos.net\/event-management-04\/","astra-sites-tag":{"423":"home","814":"homepage"},"site-pages-type":"agency-mini","site-pages-page-builder":"elementor","site-pages-category":[],"site-pages-parent-category":{"60":"business"},"required-plugins":[{"slug":"elementor","init":"elementor\/elementor.php","name":"Elementor"}]},"id-47143":{"title":"Works","featured-image-url":"https:\/\/websitedemos.net\/wp-content\/uploads\/2020\/08\/event-management-02-works.jpg","thumbnail-image-url":"https:\/\/websitedemos.net\/wp-content\/uploads\/2020\/08\/event-management-02-works.jpg","astra-page-api-url":"https:\/\/websitedemos.net\/event-management-04\/wp-json\/wp\/v2\/pages\/167","dynamic-page":"no","astra-page-url":"\/\/websitedemos.net\/event-management-04\/works\/","astra-sites-tag":{"444":"portfolio","1613":"projects","451":"work"},"site-pages-type":"agency-mini","site-pages-page-builder":"elementor","site-pages-category":[],"site-pages-parent-category":{"60":"business"},"required-plugins":[{"slug":"elementor","init":"elementor\/elementor.php","name":"Elementor"}]},"id-47142":{"title":"Services","featured-image-url":"https:\/\/websitedemos.net\/wp-content\/uploads\/2020\/08\/event-management-02-services.jpg","thumbnail-image-url":"https:\/\/websitedemos.net\/wp-content\/uploads\/2020\/08\/event-management-02-services.jpg","astra-page-api-url":"https:\/\/websitedemos.net\/event-management-04\/wp-json\/wp\/v2\/pages\/206","dynamic-page":"no","astra-page-url":"\/\/websitedemos.net\/event-management-04\/services\/","astra-sites-tag":{"1605":"our-services","425":"services"},"site-pages-type":"agency-mini","site-pages-page-builder":"elementor","site-pages-category":[],"site-pages-parent-category":{"60":"business"},"required-plugins":[{"slug":"elementor","init":"elementor\/elementor.php","name":"Elementor"}]},"id-47139":{"title":"About Us","featured-image-url":"https:\/\/websitedemos.net\/wp-content\/uploads\/2020\/08\/event-management-02-about-us.jpg","thumbnail-image-url":"https:\/\/websitedemos.net\/wp-content\/uploads\/2020\/08\/event-management-02-about-us.jpg","astra-page-api-url":"https:\/\/websitedemos.net\/event-management-04\/wp-json\/wp\/v2\/pages\/128","dynamic-page":"no","astra-page-url":"\/\/websitedemos.net\/event-management-04\/about-us\/","astra-sites-tag":{"352":"about","455":"about-us"},"site-pages-type":"agency-mini","site-pages-page-builder":"elementor","site-pages-category":[],"site-pages-parent-category":{"60":"business"},"required-plugins":[{"slug":"elementor","init":"elementor\/elementor.php","name":"Elementor"}]},"id-47140":{"title":"Contact Us","featured-image-url":"https:\/\/websitedemos.net\/wp-content\/uploads\/2020\/08\/event-management-02-contact-us.jpg","thumbnail-image-url":"https:\/\/websitedemos.net\/wp-content\/uploads\/2020\/08\/event-management-02-contact-us.jpg","astra-page-api-url":"https:\/\/websitedemos.net\/event-management-04\/wp-json\/wp\/v2\/pages\/224","dynamic-page":"no","astra-page-url":"\/\/websitedemos.net\/event-management-04\/contact-us\/","astra-sites-tag":{"415":"contact","454":"contact-us","896":"get-connected","377":"get-in-touch"},"site-pages-type":"agency-mini","site-pages-page-builder":"elementor","site-pages-category":[],"site-pages-parent-category":{"60":"business"},"required-plugins":[{"slug":"elementor","init":"elementor\/elementor.php","name":"Elementor"},{"slug":"wpforms-lite","init":"wpforms-lite\/wpforms.php","name":"WPForms Lite"}]}},"related-bb-template":"","related-elementor-template":"","related-gutenberg-template":""},"id-47815":{"title":"Online Courses","id":47815,"publish-date":1602850916,"featured-image-url":"https:\/\/websitedemos.net\/wp-content\/uploads\/2020\/10\/online-courses-02-home.jpg","thumbnail-image-url":"https:\/\/websitedemos.net\/wp-content\/uploads\/2020\/10\/online-courses-02-home.jpg","fullpage-thumbnail-image-url":"https:\/\/websitedemos.net\/wp-content\/uploads\/2020\/10\/online-courses-02-home.jpg","astra-site-url":"\/\/websitedemos.net\/online-courses-02","astra-site-parent-id":1676,"astra-sites-tag":{"462":"courses","468":"elearning","467":"learndash","466":"online-courses","975":"online-learning"},"astra-sites-type":"free","astra-site-category":{"27":"business","39":"free"},"astra-sites-template-category":{"2825":"coaching","2772":"education","2835":"elearning","2880":"membership","2827":"online-course"},"astra-site-page-builder":"elementor","categories":{"2494":"elearning"},"required-plugins":[{"slug":"elementor","init":"elementor\/elementor.php","name":"Elementor"},{"slug":"header-footer-elementor","init":"header-footer-elementor\/header-footer-elementor.php","name":"Elementor Header & Footer Builder"},{"slug":"sfwd-lms","init":"sfwd-lms\/sfwd_lms.php","name":"LearnDash LMS"},{"slug":"learndash-course-grid","init":"learndash-course-grid\/learndash_course_grid.php","name":"LearnDash LMS - Course Grid"},{"slug":"wpforms-lite","init":"wpforms-lite\/wpforms.php","name":"WPForms Lite"},{"slug":"presto-player","init":"presto-player\/presto-player.php","name":"Presto Player"}],"post-status":"publish","post-content":"<!-- wp:paragraph -->\n<p>The Online Courses template uses reassuring colors and plenty of whitespace to build authority immediately. It\u2019s ideal for schools, colleges, universities and online learning. Built to convert and provide everything you need to deliver eLearning courses.<\/p>\n<!-- \/wp:paragraph -->\n\n<!-- wp:paragraph -->\n<p>The template has a relaxed feel, with light colors, attractive course boxes and course pages, lots of banners and graphics to communicate and convert, as well as build confidence in students. It\u2019s an excellent option for eLearning and is fully compatible with popular learning management systems.<\/p>\n<!-- \/wp:paragraph -->\n\n<!-- wp:heading -->\n<h2>Key features of the Online Courses template<\/h2>\n<!-- \/wp:heading -->\n\n<!-- wp:list -->\n<ul><li>Reassuring website template ideal for building trust<\/li><li>Attractive course elements and course pages<\/li><li>Built to convert and sell as well as build authority<\/li><li>Supports popular learning management systems<\/li><li>Full compatibility with leading page builders<\/li><\/ul>\n<!-- \/wp:list -->","post-excerpt":"Reassuring web template ideal for schools, colleges, universities and online learning","pages":{"id-47819":{"title":"Home","featured-image-url":"https:\/\/websitedemos.net\/wp-content\/uploads\/2020\/10\/online-courses-02-home.jpg","thumbnail-image-url":"https:\/\/websitedemos.net\/wp-content\/uploads\/2020\/10\/online-courses-02-home.jpg","astra-page-api-url":"https:\/\/websitedemos.net\/online-courses-02\/wp-json\/wp\/v2\/pages\/6","dynamic-page":"yes","astra-page-url":"\/\/websitedemos.net\/online-courses-02\/","astra-sites-tag":{"423":"home"},"site-pages-type":"free","site-pages-page-builder":"elementor","site-pages-category":[],"site-pages-parent-category":{"60":"business","61":"free"},"required-plugins":[{"slug":"elementor","init":"elementor\/elementor.php","name":"Elementor"}]},"id-47817":{"title":"All Courses","featured-image-url":"https:\/\/websitedemos.net\/wp-content\/uploads\/2020\/10\/online-courses-02-courses.jpg","thumbnail-image-url":"https:\/\/websitedemos.net\/wp-content\/uploads\/2020\/10\/online-courses-02-courses.jpg","astra-page-api-url":"https:\/\/websitedemos.net\/online-courses-02\/wp-json\/wp\/v2\/pages\/476","dynamic-page":"yes","astra-page-url":"\/\/websitedemos.net\/online-courses-02\/all-courses\/","astra-sites-tag":{"462":"courses"},"site-pages-type":"free","site-pages-page-builder":"elementor","site-pages-category":[],"site-pages-parent-category":{"60":"business","61":"free"},"required-plugins":[{"slug":"elementor","init":"elementor\/elementor.php","name":"Elementor"}]},"id-47816":{"title":"About Us","featured-image-url":"https:\/\/websitedemos.net\/wp-content\/uploads\/2020\/10\/online-courses-02-about.jpg","thumbnail-image-url":"https:\/\/websitedemos.net\/wp-content\/uploads\/2020\/10\/online-courses-02-about.jpg","astra-page-api-url":"https:\/\/websitedemos.net\/online-courses-02\/wp-json\/wp\/v2\/pages\/8","dynamic-page":"no","astra-page-url":"\/\/websitedemos.net\/online-courses-02\/about-us\/","astra-sites-tag":{"352":"about"},"site-pages-type":"free","site-pages-page-builder":"elementor","site-pages-category":[],"site-pages-parent-category":{"60":"business","61":"free"},"required-plugins":[{"slug":"elementor","init":"elementor\/elementor.php","name":"Elementor"}]},"id-47820":{"title":"Instructors","featured-image-url":"https:\/\/websitedemos.net\/wp-content\/uploads\/2020\/10\/online-courses-02-instructors-1.jpg","thumbnail-image-url":"https:\/\/websitedemos.net\/wp-content\/uploads\/2020\/10\/online-courses-02-instructors-1.jpg","astra-page-api-url":"https:\/\/websitedemos.net\/online-courses-02\/wp-json\/wp\/v2\/pages\/14","dynamic-page":"no","astra-page-url":"\/\/websitedemos.net\/online-courses-02\/instructors\/","astra-sites-tag":{"1677":"instructors"},"site-pages-type":"free","site-pages-page-builder":"elementor","site-pages-category":[],"site-pages-parent-category":{"60":"business","61":"free"},"required-plugins":[{"slug":"elementor","init":"elementor\/elementor.php","name":"Elementor"}]},"id-47821":{"title":"Pricing &amp; FAQ","featured-image-url":"https:\/\/websitedemos.net\/wp-content\/uploads\/2020\/10\/online-courses-02-pricing.jpg","thumbnail-image-url":"https:\/\/websitedemos.net\/wp-content\/uploads\/2020\/10\/online-courses-02-pricing.jpg","astra-page-api-url":"https:\/\/websitedemos.net\/online-courses-02\/wp-json\/wp\/v2\/pages\/16","dynamic-page":"no","astra-page-url":"\/\/websitedemos.net\/online-courses-02\/pricing-faq\/","astra-sites-tag":{"426":"faq","585":"pricing"},"site-pages-type":"free","site-pages-page-builder":"elementor","site-pages-category":[],"site-pages-parent-category":{"60":"business","61":"free"},"required-plugins":[{"slug":"elementor","init":"elementor\/elementor.php","name":"Elementor"}]},"id-47818":{"title":"Contact","featured-image-url":"https:\/\/websitedemos.net\/wp-content\/uploads\/2020\/10\/online-courses-02-contact-1.jpg","thumbnail-image-url":"https:\/\/websitedemos.net\/wp-content\/uploads\/2020\/10\/online-courses-02-contact-1.jpg","astra-page-api-url":"https:\/\/websitedemos.net\/online-courses-02\/wp-json\/wp\/v2\/pages\/12","dynamic-page":"no","astra-page-url":"\/\/websitedemos.net\/online-courses-02\/contact\/","astra-sites-tag":{"415":"contact"},"site-pages-type":"free","site-pages-page-builder":"elementor","site-pages-category":[],"site-pages-parent-category":{"60":"business","61":"free"},"required-plugins":[{"slug":"elementor","init":"elementor\/elementor.php","name":"Elementor"},{"slug":"wpforms-lite","init":"wpforms-lite\/wpforms.php","name":"WPForms Lite"}]}},"related-bb-template":48985,"related-elementor-template":47815,"related-gutenberg-template":""},"id-48985":{"title":"Online Courses","id":48985,"publish-date":1606840880,"featured-image-url":"https:\/\/websitedemos.net\/wp-content\/uploads\/2020\/12\/online-courses-01-home.jpg","thumbnail-image-url":"https:\/\/websitedemos.net\/wp-content\/uploads\/2020\/12\/online-courses-01-home.jpg","fullpage-thumbnail-image-url":"https:\/\/websitedemos.net\/wp-content\/uploads\/2020\/12\/online-courses-01-home.jpg","astra-site-url":"\/\/websitedemos.net\/online-courses-01","astra-site-parent-id":1767,"astra-sites-tag":{"462":"courses","468":"elearning","467":"learndash","466":"online-courses","975":"online-learning"},"astra-sites-type":"free","astra-site-category":{"27":"business","39":"free"},"astra-sites-template-category":[],"astra-site-page-builder":"beaver-builder","categories":{"2494":"elearning"},"required-plugins":[{"slug":"beaver-builder-lite-version","init":"beaver-builder-lite-version\/fl-builder.php","name":"Beaver Builder Plugin (Lite Version)"},{"slug":"ultimate-addons-for-beaver-builder-lite","init":"ultimate-addons-for-beaver-builder-lite\/bb-ultimate-addon.php","name":"Ultimate Addons for Beaver Builder - Lite"},{"slug":"sfwd-lms","init":"sfwd-lms\/sfwd_lms.php","name":"LearnDash LMS"},{"slug":"learndash-course-grid","init":"learndash-course-grid\/learndash_course_grid.php","name":"LearnDash LMS - Course Grid"},{"slug":"presto-player","init":"presto-player\/presto-player.php","name":"Presto Player"},{"slug":"wpforms-lite","init":"wpforms-lite\/wpforms.php","name":"WPForms Lite"}],"post-status":"publish","post-content":"","post-excerpt":"","pages":{"id-48986":{"title":"About Us","featured-image-url":"https:\/\/websitedemos.net\/wp-content\/uploads\/2020\/12\/online-courses-01-about.jpg","thumbnail-image-url":"https:\/\/websitedemos.net\/wp-content\/uploads\/2020\/12\/online-courses-01-about.jpg","astra-page-api-url":"https:\/\/websitedemos.net\/online-courses-01\/wp-json\/wp\/v2\/pages\/738","dynamic-page":"no","astra-page-url":"\/\/websitedemos.net\/online-courses-01\/about-us\/","astra-sites-tag":{"352":"about"},"site-pages-type":"free","site-pages-page-builder":"beaver-builder","site-pages-category":[],"site-pages-parent-category":{"60":"business","61":"free"},"required-plugins":[{"slug":"beaver-builder-lite-version","init":"beaver-builder-lite-version\/fl-builder.php","name":"Beaver Builder Plugin (Lite Version)"},{"slug":"ultimate-addons-for-beaver-builder-lite","init":"ultimate-addons-for-beaver-builder-lite\/bb-ultimate-addon.php","name":"Ultimate Addons for Beaver Builder - Lite"}]},"id-48987":{"title":"All Courses","featured-image-url":"https:\/\/websitedemos.net\/wp-content\/uploads\/2020\/12\/online-courses-01-course.jpg","thumbnail-image-url":"https:\/\/websitedemos.net\/wp-content\/uploads\/2020\/12\/online-courses-01-course.jpg","astra-page-api-url":"https:\/\/websitedemos.net\/online-courses-01\/wp-json\/wp\/v2\/pages\/737","dynamic-page":"yes","astra-page-url":"\/\/websitedemos.net\/online-courses-01\/all-courses\/","astra-sites-tag":{"462":"courses"},"site-pages-type":"free","site-pages-page-builder":"beaver-builder","site-pages-category":[],"site-pages-parent-category":{"60":"business","61":"free"},"required-plugins":[{"slug":"beaver-builder-lite-version","init":"beaver-builder-lite-version\/fl-builder.php","name":"Beaver Builder Plugin (Lite Version)"},{"slug":"ultimate-addons-for-beaver-builder-lite","init":"ultimate-addons-for-beaver-builder-lite\/bb-ultimate-addon.php","name":"Ultimate Addons for Beaver Builder - Lite"}]},"id-48988":{"title":"Contact","featured-image-url":"https:\/\/websitedemos.net\/wp-content\/uploads\/2020\/12\/online-courses-01-contact.jpg","thumbnail-image-url":"https:\/\/websitedemos.net\/wp-content\/uploads\/2020\/12\/online-courses-01-contact.jpg","astra-page-api-url":"https:\/\/websitedemos.net\/online-courses-01\/wp-json\/wp\/v2\/pages\/741","dynamic-page":"no","astra-page-url":"\/\/websitedemos.net\/online-courses-01\/contact\/","astra-sites-tag":{"415":"contact"},"site-pages-type":"free","site-pages-page-builder":"beaver-builder","site-pages-category":[],"site-pages-parent-category":{"60":"business","61":"free"},"required-plugins":[{"slug":"beaver-builder-lite-version","init":"beaver-builder-lite-version\/fl-builder.php","name":"Beaver Builder Plugin (Lite Version)"},{"slug":"ultimate-addons-for-beaver-builder-lite","init":"ultimate-addons-for-beaver-builder-lite\/bb-ultimate-addon.php","name":"Ultimate Addons for Beaver Builder - Lite"},{"slug":"wpforms-lite","init":"wpforms-lite\/wpforms.php","name":"WPForms Lite"}]},"id-48989":{"title":"Home","featured-image-url":"https:\/\/websitedemos.net\/wp-content\/uploads\/2020\/12\/online-courses-01-home.jpg","thumbnail-image-url":"https:\/\/websitedemos.net\/wp-content\/uploads\/2020\/12\/online-courses-01-home.jpg","astra-page-api-url":"https:\/\/websitedemos.net\/online-courses-01\/wp-json\/wp\/v2\/pages\/736","dynamic-page":"yes","astra-page-url":"\/\/websitedemos.net\/online-courses-01\/","astra-sites-tag":{"423":"home"},"site-pages-type":"free","site-pages-page-builder":"beaver-builder","site-pages-category":[],"site-pages-parent-category":{"60":"business","61":"free"},"required-plugins":[{"slug":"beaver-builder-lite-version","init":"beaver-builder-lite-version\/fl-builder.php","name":"Beaver Builder Plugin (Lite Version)"},{"slug":"ultimate-addons-for-beaver-builder-lite","init":"ultimate-addons-for-beaver-builder-lite\/bb-ultimate-addon.php","name":"Ultimate Addons for Beaver Builder - Lite"}]},"id-48990":{"title":"Instructors","featured-image-url":"https:\/\/websitedemos.net\/wp-content\/uploads\/2020\/12\/online-courses-01-instructors.jpg","thumbnail-image-url":"https:\/\/websitedemos.net\/wp-content\/uploads\/2020\/12\/online-courses-01-instructors.jpg","astra-page-api-url":"https:\/\/websitedemos.net\/online-courses-01\/wp-json\/wp\/v2\/pages\/739","dynamic-page":"no","astra-page-url":"\/\/websitedemos.net\/online-courses-01\/instructors\/","astra-sites-tag":{"1677":"instructors"},"site-pages-type":"free","site-pages-page-builder":"beaver-builder","site-pages-category":[],"site-pages-parent-category":{"60":"business","61":"free"},"required-plugins":[{"slug":"beaver-builder-lite-version","init":"beaver-builder-lite-version\/fl-builder.php","name":"Beaver Builder Plugin (Lite Version)"},{"slug":"ultimate-addons-for-beaver-builder-lite","init":"ultimate-addons-for-beaver-builder-lite\/bb-ultimate-addon.php","name":"Ultimate Addons for Beaver Builder - Lite"}]},"id-48991":{"title":"Pricing &#038; FAQ","featured-image-url":"https:\/\/websitedemos.net\/wp-content\/uploads\/2020\/12\/online-courses-01-pricing.jpg","thumbnail-image-url":"https:\/\/websitedemos.net\/wp-content\/uploads\/2020\/12\/online-courses-01-pricing.jpg","astra-page-api-url":"https:\/\/websitedemos.net\/online-courses-01\/wp-json\/wp\/v2\/pages\/740","dynamic-page":"no","astra-page-url":"\/\/websitedemos.net\/online-courses-01\/pricing-faq\/","astra-sites-tag":{"585":"pricing"},"site-pages-type":"free","site-pages-page-builder":"beaver-builder","site-pages-category":[],"site-pages-parent-category":{"60":"business","61":"free"},"required-plugins":[{"slug":"beaver-builder-lite-version","init":"beaver-builder-lite-version\/fl-builder.php","name":"Beaver Builder Plugin (Lite Version)"},{"slug":"ultimate-addons-for-beaver-builder-lite","init":"ultimate-addons-for-beaver-builder-lite\/bb-ultimate-addon.php","name":"Ultimate Addons for Beaver Builder - Lite"}]}},"related-bb-template":"","related-elementor-template":"","related-gutenberg-template":""},"id-51405":{"title":"Child Care Blog","id":51405,"publish-date":1617130819,"featured-image-url":"https:\/\/websitedemos.net\/wp-content\/uploads\/2021\/03\/childcare-blog-02-home.jpg","thumbnail-image-url":"https:\/\/websitedemos.net\/wp-content\/uploads\/2021\/03\/childcare-blog-02-home.jpg","fullpage-thumbnail-image-url":"https:\/\/websitedemos.net\/wp-content\/uploads\/2021\/03\/childcare-blog-02-home.jpg","astra-site-url":"\/\/websitedemos.net\/childcare-blog-02","astra-site-parent-id":1882,"astra-sites-tag":{"480":"blog","1652":"blogger","1897":"child-care-blog","1896":"child-care-expert","1547":"influencer"},"astra-sites-type":"free","astra-site-category":{"37":"blog","39":"free"},"astra-sites-template-category":{"2828":"blog","2770":"personal"},"astra-site-page-builder":"elementor","categories":{"2497":"blog"},"required-plugins":[{"slug":"elementor","init":"elementor\/elementor.php","name":"Elementor"},{"slug":"header-footer-elementor","init":"header-footer-elementor\/header-footer-elementor.php","name":"Elementor - Header, Footer & Blocks"},{"slug":"wpforms-lite","init":"wpforms-lite\/wpforms.php","name":"WPForms Lite"}],"post-status":"publish","post-content":"<!-- wp:paragraph -->\n<p>The Child Care Blog template is a great option for sharing your expertise, using as a childcare business website or for becoming the next Mumsnet. It\u2019s a light, engaging design with fullscreen header and a genuine, welcoming feel.<\/p>\n<!-- \/wp:paragraph -->\n\n<!-- wp:paragraph -->\n<p>The template includes flexible content areas with areas for images, a biography, your latest posts, products and services, testimonials and a signup form. Extra pages reflect the niche and can be easily customized to suit your particular needs.<\/p>\n<!-- \/wp:paragraph -->\n\n<!-- wp:heading -->\n<h2>Key features of the Child Care Blog template<\/h2>\n<!-- \/wp:heading -->\n\n<!-- wp:list -->\n<ul><li>Professional blog template ideal for childcare or similar niches<\/li><li>Light and engaging design with a genuine feel<\/li><li>Flexible content areas you can customize to suit<\/li><li>Supplementary pages ideal for the industry<\/li><li>Full compatibility with leading page builders<\/li><\/ul>\n<!-- \/wp:list -->","post-excerpt":"Light and engaging web template for childminders and the childcare niche","pages":{"id-51406":{"title":"Contact","featured-image-url":"https:\/\/websitedemos.net\/wp-content\/uploads\/2021\/03\/childcare-blog-02-contact.jpg","thumbnail-image-url":"https:\/\/websitedemos.net\/wp-content\/uploads\/2021\/03\/childcare-blog-02-contact.jpg","astra-page-api-url":"https:\/\/websitedemos.net\/childcare-blog-02\/wp-json\/wp\/v2\/pages\/468","dynamic-page":"no","astra-page-url":"\/\/websitedemos.net\/childcare-blog-02\/contact\/","astra-sites-tag":{"415":"contact"},"site-pages-type":"free","site-pages-page-builder":"elementor","site-pages-category":[],"site-pages-parent-category":{"74":"blog","61":"free"},"required-plugins":[{"slug":"elementor","init":"elementor\/elementor.php","name":"Elementor"},{"slug":"wpforms-lite","init":"wpforms-lite\/wpforms.php","name":"WPForms Lite"}]},"id-51407":{"title":"Home","featured-image-url":"https:\/\/websitedemos.net\/wp-content\/uploads\/2021\/03\/childcare-blog-02-home.jpg","thumbnail-image-url":"https:\/\/websitedemos.net\/wp-content\/uploads\/2021\/03\/childcare-blog-02-home.jpg","astra-page-api-url":"https:\/\/websitedemos.net\/childcare-blog-02\/wp-json\/wp\/v2\/pages\/17","dynamic-page":"no","astra-page-url":"\/\/websitedemos.net\/childcare-blog-02\/","astra-sites-tag":{"423":"home"},"site-pages-type":"free","site-pages-page-builder":"elementor","site-pages-category":[],"site-pages-parent-category":{"74":"blog","61":"free"},"required-plugins":[{"slug":"elementor","init":"elementor\/elementor.php","name":"Elementor"}]}},"related-bb-template":"","related-elementor-template":"","related-gutenberg-template":""},"id-47745":{"title":"Online Programming Course","id":47745,"publish-date":1602788588,"featured-image-url":"https:\/\/websitedemos.net\/wp-content\/uploads\/2020\/10\/online-coding-course-02-home.jpg","thumbnail-image-url":"https:\/\/websitedemos.net\/wp-content\/uploads\/2020\/10\/online-coding-course-02-home.jpg","fullpage-thumbnail-image-url":"https:\/\/websitedemos.net\/wp-content\/uploads\/2020\/10\/online-coding-course-02-home.jpg","astra-site-url":"\/\/websitedemos.net\/online-coding-course-02","astra-site-parent-id":1671,"astra-sites-tag":{"462":"courses","469":"ecourse","468":"elearning","467":"learndash","466":"online-courses","975":"online-learning","1673":"programming-course"},"astra-sites-type":"free","astra-site-category":{"27":"business","39":"free"},"astra-sites-template-category":{"2825":"coaching","2772":"education","2835":"elearning","2880":"membership","2827":"online-course"},"astra-site-page-builder":"elementor","categories":{"2494":"elearning"},"required-plugins":[{"slug":"elementor","init":"elementor\/elementor.php","name":"Elementor"},{"slug":"header-footer-elementor","init":"header-footer-elementor\/header-footer-elementor.php","name":"Elementor Header & Footer Builder"},{"slug":"sfwd-lms","init":"sfwd-lms\/sfwd_lms.php","name":"LearnDash LMS"},{"slug":"learndash-course-grid","init":"learndash-course-grid\/learndash_course_grid.php","name":"LearnDash LMS - Course Grid"},{"slug":"wpforms-lite","init":"wpforms-lite\/wpforms.php","name":"WPForms Lite"},{"slug":"presto-player","init":"presto-player\/presto-player.php","name":"Presto Player"}],"post-status":"publish","post-content":"<!-- wp:paragraph -->\n<p>The Online Programming Course template is ideal for schools, colleges, universities or online learning. It\u2019s a light design with bold colors that reassure visitors as soon as they arrive, ready for them to explore the rest of your website.<\/p>\n<!-- \/wp:paragraph -->\n\n<!-- wp:paragraph -->\n<p>The template includes a very attractive homepage with course outline areas and a selection of course pages to add more detail. The template is fully compatible with most learning management systems and WooCommerce, so you\u2019re all set to offer courses for free or for money.<\/p>\n<!-- \/wp:paragraph -->\n\n<!-- wp:heading -->\n<h2>Key features of the Online Programming Course template<\/h2>\n<!-- \/wp:heading -->\n\n<!-- wp:list -->\n<ul><li>Light website template with strong colors for learning<\/li><li>Compatible with learning management systems<\/li><li>Compatible with WooCommerce for paid courses<\/li><li>Ideal for schools, colleges, universities or online learning<\/li><li>Full compatibility with leading page builders<\/li><\/ul>\n<!-- \/wp:list -->","post-excerpt":"Light online course website that welcomes you in and converts you easily","pages":{"id-47749":{"title":"Home","featured-image-url":"https:\/\/websitedemos.net\/wp-content\/uploads\/2020\/10\/online-coding-course-02-home.jpg","thumbnail-image-url":"https:\/\/websitedemos.net\/wp-content\/uploads\/2020\/10\/online-coding-course-02-home.jpg","astra-page-api-url":"https:\/\/websitedemos.net\/online-coding-course-02\/wp-json\/wp\/v2\/pages\/10","dynamic-page":"no","astra-page-url":"\/\/websitedemos.net\/online-coding-course-02\/","astra-sites-tag":{"423":"home"},"site-pages-type":"free","site-pages-page-builder":"elementor","site-pages-category":[],"site-pages-parent-category":{"60":"business","61":"free"},"required-plugins":[{"slug":"elementor","init":"elementor\/elementor.php","name":"Elementor"}]},"id-47747":{"title":"All Courses","featured-image-url":"https:\/\/websitedemos.net\/wp-content\/uploads\/2020\/10\/online-coding-course-02-all-courses.jpg","thumbnail-image-url":"https:\/\/websitedemos.net\/wp-content\/uploads\/2020\/10\/online-coding-course-02-all-courses.jpg","astra-page-api-url":"https:\/\/websitedemos.net\/online-coding-course-02\/wp-json\/wp\/v2\/pages\/179","dynamic-page":"yes","astra-page-url":"\/\/websitedemos.net\/online-coding-course-02\/all-courses\/","astra-sites-tag":{"462":"courses"},"site-pages-type":"free","site-pages-page-builder":"elementor","site-pages-category":[],"site-pages-parent-category":{"60":"business","61":"free"},"required-plugins":[{"slug":"elementor","init":"elementor\/elementor.php","name":"Elementor"}]},"id-47746":{"title":"About","featured-image-url":"https:\/\/websitedemos.net\/wp-content\/uploads\/2020\/10\/online-coding-course-02-about.jpg","thumbnail-image-url":"https:\/\/websitedemos.net\/wp-content\/uploads\/2020\/10\/online-coding-course-02-about.jpg","astra-page-api-url":"https:\/\/websitedemos.net\/online-coding-course-02\/wp-json\/wp\/v2\/pages\/249","dynamic-page":"no","astra-page-url":"\/\/websitedemos.net\/online-coding-course-02\/about\/","astra-sites-tag":{"352":"about"},"site-pages-type":"free","site-pages-page-builder":"elementor","site-pages-category":[],"site-pages-parent-category":{"60":"business","61":"free"},"required-plugins":[{"slug":"elementor","init":"elementor\/elementor.php","name":"Elementor"}]},"id-47748":{"title":"Contact","featured-image-url":"https:\/\/websitedemos.net\/wp-content\/uploads\/2020\/10\/online-coding-course-02-contact.jpg","thumbnail-image-url":"https:\/\/websitedemos.net\/wp-content\/uploads\/2020\/10\/online-coding-course-02-contact.jpg","astra-page-api-url":"https:\/\/websitedemos.net\/online-coding-course-02\/wp-json\/wp\/v2\/pages\/332","dynamic-page":"no","astra-page-url":"\/\/websitedemos.net\/online-coding-course-02\/contact\/","astra-sites-tag":{"415":"contact"},"site-pages-type":"free","site-pages-page-builder":"elementor","site-pages-category":[],"site-pages-parent-category":{"60":"business","61":"free"},"required-plugins":[{"slug":"elementor","init":"elementor\/elementor.php","name":"Elementor"},{"slug":"wpforms-lite","init":"wpforms-lite\/wpforms.php","name":"WPForms Lite"}]}},"related-bb-template":48719,"related-elementor-template":47745,"related-gutenberg-template":47896},"id-48719":{"title":"Online Programming Course","id":48719,"publish-date":1605548862,"featured-image-url":"https:\/\/websitedemos.net\/wp-content\/uploads\/2020\/11\/online-coding-course-01-wip-home.jpg","thumbnail-image-url":"https:\/\/websitedemos.net\/wp-content\/uploads\/2020\/11\/online-coding-course-01-wip-home.jpg","fullpage-thumbnail-image-url":"https:\/\/websitedemos.net\/wp-content\/uploads\/2020\/11\/online-coding-course-01-wip-home.jpg","astra-site-url":"\/\/websitedemos.net\/online-coding-course-01","astra-site-parent-id":1765,"astra-sites-tag":{"462":"courses","469":"ecourse","468":"elearning","467":"learndash","466":"online-courses","975":"online-learning","1673":"programming-course"},"astra-sites-type":"free","astra-site-category":{"27":"business","39":"free"},"astra-sites-template-category":[],"astra-site-page-builder":"beaver-builder","categories":{"2494":"elearning"},"required-plugins":[{"slug":"sfwd-lms","init":"sfwd-lms\/sfwd_lms.php","name":"LearnDash LMS"},{"slug":"learndash-course-grid","init":"learndash-course-grid\/learndash_course_grid.php","name":"LearnDash LMS - Course Grid"},{"slug":"beaver-builder-lite-version","init":"beaver-builder-lite-version\/fl-builder.php","name":"Beaver Builder Plugin (Lite Version)"},{"slug":"ultimate-addons-for-beaver-builder-lite","init":"ultimate-addons-for-beaver-builder-lite\/bb-ultimate-addon.php","name":"Ultimate Addons for Beaver Builder - Lite"},{"slug":"presto-player","init":"presto-player\/presto-player.php","name":"Presto Player"},{"slug":"wpforms-lite","init":"wpforms-lite\/wpforms.php","name":"WPForms Lite"}],"post-status":"publish","post-content":"","post-excerpt":"","pages":{"id-48720":{"title":"About","featured-image-url":"https:\/\/websitedemos.net\/wp-content\/uploads\/2020\/11\/online-coding-course-01-wip-about.jpg","thumbnail-image-url":"https:\/\/websitedemos.net\/wp-content\/uploads\/2020\/11\/online-coding-course-01-wip-about.jpg","astra-page-api-url":"https:\/\/websitedemos.net\/online-coding-course-01\/wp-json\/wp\/v2\/pages\/506","dynamic-page":"no","astra-page-url":"\/\/websitedemos.net\/online-coding-course-01\/about\/","astra-sites-tag":{"352":"about"},"site-pages-type":"free","site-pages-page-builder":"beaver-builder","site-pages-category":[],"site-pages-parent-category":{"60":"business","61":"free"},"required-plugins":[{"slug":"beaver-builder-lite-version","init":"beaver-builder-lite-version\/fl-builder.php","name":"Beaver Builder Plugin (Lite Version)"},{"slug":"ultimate-addons-for-beaver-builder-lite","init":"ultimate-addons-for-beaver-builder-lite\/bb-ultimate-addon.php","name":"Ultimate Addons for Beaver Builder - Lite"}]},"id-48721":{"title":"All Courses","featured-image-url":"https:\/\/websitedemos.net\/wp-content\/uploads\/2020\/11\/online-coding-course-01-wip-all-courses.jpg","thumbnail-image-url":"https:\/\/websitedemos.net\/wp-content\/uploads\/2020\/11\/online-coding-course-01-wip-all-courses.jpg","astra-page-api-url":"https:\/\/websitedemos.net\/online-coding-course-01\/wp-json\/wp\/v2\/pages\/508","dynamic-page":"yes","astra-page-url":"\/\/websitedemos.net\/online-coding-course-01\/all-courses\/","astra-sites-tag":{"462":"courses"},"site-pages-type":"free","site-pages-page-builder":"beaver-builder","site-pages-category":[],"site-pages-parent-category":{"60":"business","61":"free"},"required-plugins":[{"slug":"beaver-builder-lite-version","init":"beaver-builder-lite-version\/fl-builder.php","name":"Beaver Builder Plugin (Lite Version)"},{"slug":"ultimate-addons-for-beaver-builder-lite","init":"ultimate-addons-for-beaver-builder-lite\/bb-ultimate-addon.php","name":"Ultimate Addons for Beaver Builder - Lite"}]},"id-48722":{"title":"Contact","featured-image-url":"https:\/\/websitedemos.net\/wp-content\/uploads\/2020\/11\/online-coding-course-01-wip-contact.jpg","thumbnail-image-url":"https:\/\/websitedemos.net\/wp-content\/uploads\/2020\/11\/online-coding-course-01-wip-contact.jpg","astra-page-api-url":"https:\/\/websitedemos.net\/online-coding-course-01\/wp-json\/wp\/v2\/pages\/510","dynamic-page":"no","astra-page-url":"\/\/websitedemos.net\/online-coding-course-01\/contact\/","astra-sites-tag":{"415":"contact"},"site-pages-type":"free","site-pages-page-builder":"beaver-builder","site-pages-category":[],"site-pages-parent-category":{"60":"business","61":"free"},"required-plugins":[{"slug":"beaver-builder-lite-version","init":"beaver-builder-lite-version\/fl-builder.php","name":"Beaver Builder Plugin (Lite Version)"},{"slug":"ultimate-addons-for-beaver-builder-lite","init":"ultimate-addons-for-beaver-builder-lite\/bb-ultimate-addon.php","name":"Ultimate Addons for Beaver Builder - Lite"},{"slug":"wpforms-lite","init":"wpforms-lite\/wpforms.php","name":"WPForms Lite"}]},"id-48723":{"title":"Home","featured-image-url":"https:\/\/websitedemos.net\/wp-content\/uploads\/2020\/11\/online-coding-course-01-wip-home.jpg","thumbnail-image-url":"https:\/\/websitedemos.net\/wp-content\/uploads\/2020\/11\/online-coding-course-01-wip-home.jpg","astra-page-api-url":"https:\/\/websitedemos.net\/online-coding-course-01\/wp-json\/wp\/v2\/pages\/512","dynamic-page":"no","astra-page-url":"\/\/websitedemos.net\/online-coding-course-01\/","astra-sites-tag":{"423":"home"},"site-pages-type":"free","site-pages-page-builder":"beaver-builder","site-pages-category":[],"site-pages-parent-category":{"60":"business","61":"free"},"required-plugins":[{"slug":"beaver-builder-lite-version","init":"beaver-builder-lite-version\/fl-builder.php","name":"Beaver Builder Plugin (Lite Version)"},{"slug":"ultimate-addons-for-beaver-builder-lite","init":"ultimate-addons-for-beaver-builder-lite\/bb-ultimate-addon.php","name":"Ultimate Addons for Beaver Builder - Lite"}]}},"related-bb-template":"","related-elementor-template":"","related-gutenberg-template":""},"id-48026":{"title":"Online Course","id":48026,"publish-date":1603830103,"featured-image-url":"https:\/\/websitedemos.net\/wp-content\/uploads\/2020\/10\/online-courses-08-1.jpg","thumbnail-image-url":"https:\/\/websitedemos.net\/wp-content\/uploads\/2020\/10\/online-courses-08-1-600x2031.jpg","fullpage-thumbnail-image-url":"https:\/\/websitedemos.net\/wp-content\/uploads\/2020\/10\/online-courses-08-1-400x1354.jpg","astra-site-url":"\/\/websitedemos.net\/online-courses-08","astra-site-parent-id":1694,"astra-sites-tag":{"462":"courses","468":"elearning","467":"learndash","460":"learning","466":"online-courses","975":"online-learning"},"astra-sites-type":"free","astra-site-category":{"27":"business","39":"free"},"astra-sites-template-category":[],"astra-site-page-builder":"gutenberg","categories":{"2494":"elearning"},"required-plugins":[{"slug":"sfwd-lms","init":"sfwd-lms\/sfwd_lms.php","name":"LearnDash LMS"},{"slug":"learndash-course-grid","init":"learndash-course-grid\/learndash_course_grid.php","name":"LearnDash LMS - Course Grid"},{"slug":"presto-player","init":"presto-player\/presto-player.php","name":"Presto Player"},{"slug":"wpforms-lite","init":"wpforms-lite\/wpforms.php","name":"WPForms Lite"},{"slug":"ultimate-addons-for-gutenberg","init":"ultimate-addons-for-gutenberg\/ultimate-addons-for-gutenberg.php","name":"Spectra"}],"post-status":"publish","post-content":"","post-excerpt":"","pages":{"id-48030":{"title":"Home","featured-image-url":"https:\/\/websitedemos.net\/wp-content\/uploads\/2020\/10\/online-courses-08-1.jpg","thumbnail-image-url":"https:\/\/websitedemos.net\/wp-content\/uploads\/2020\/10\/online-courses-08-1-600x2031.jpg","astra-page-api-url":"https:\/\/websitedemos.net\/online-courses-08\/wp-json\/wp\/v2\/pages\/10","dynamic-page":"yes","astra-page-url":"\/\/websitedemos.net\/online-courses-08\/","astra-sites-tag":{"423":"home"},"site-pages-type":"free","site-pages-page-builder":"gutenberg","site-pages-category":[],"site-pages-parent-category":{"60":"business","61":"free"},"required-plugins":[{"slug":"ultimate-addons-for-gutenberg","init":"ultimate-addons-for-gutenberg\/ultimate-addons-for-gutenberg.php","name":"Spectra"}]},"id-48028":{"title":"All Courses","featured-image-url":"https:\/\/websitedemos.net\/wp-content\/uploads\/2020\/10\/online-courses-08-all-courses-1.jpg","thumbnail-image-url":"https:\/\/websitedemos.net\/wp-content\/uploads\/2020\/10\/online-courses-08-all-courses-1-600x936.jpg","astra-page-api-url":"https:\/\/websitedemos.net\/online-courses-08\/wp-json\/wp\/v2\/pages\/14","dynamic-page":"yes","astra-page-url":"\/\/websitedemos.net\/online-courses-08\/all-courses\/","astra-sites-tag":{"462":"courses"},"site-pages-type":"free","site-pages-page-builder":"gutenberg","site-pages-category":[],"site-pages-parent-category":{"60":"business","61":"free"},"required-plugins":[{"slug":"ultimate-addons-for-gutenberg","init":"ultimate-addons-for-gutenberg\/ultimate-addons-for-gutenberg.php","name":"Spectra"}]},"id-48027":{"title":"About Us","featured-image-url":"https:\/\/websitedemos.net\/wp-content\/uploads\/2020\/10\/online-courses-08-about-us-1.jpg","thumbnail-image-url":"https:\/\/websitedemos.net\/wp-content\/uploads\/2020\/10\/online-courses-08-about-us-1-600x1431.jpg","astra-page-api-url":"https:\/\/websitedemos.net\/online-courses-08\/wp-json\/wp\/v2\/pages\/12","dynamic-page":"no","astra-page-url":"\/\/websitedemos.net\/online-courses-08\/about-us\/","astra-sites-tag":{"352":"about"},"site-pages-type":"free","site-pages-page-builder":"gutenberg","site-pages-category":[],"site-pages-parent-category":{"60":"business","61":"free"},"required-plugins":[{"slug":"ultimate-addons-for-gutenberg","init":"ultimate-addons-for-gutenberg\/ultimate-addons-for-gutenberg.php","name":"Spectra"}]},"id-48031":{"title":"Instructors","featured-image-url":"https:\/\/websitedemos.net\/wp-content\/uploads\/2020\/10\/online-courses-08-instructors-1.jpg","thumbnail-image-url":"https:\/\/websitedemos.net\/wp-content\/uploads\/2020\/10\/online-courses-08-instructors-1-600x1306.jpg","astra-page-api-url":"https:\/\/websitedemos.net\/online-courses-08\/wp-json\/wp\/v2\/pages\/18","dynamic-page":"no","astra-page-url":"\/\/websitedemos.net\/online-courses-08\/instructors\/","astra-sites-tag":{"1677":"instructors"},"site-pages-type":"free","site-pages-page-builder":"gutenberg","site-pages-category":[],"site-pages-parent-category":{"60":"business","61":"free"},"required-plugins":[{"slug":"ultimate-addons-for-gutenberg","init":"ultimate-addons-for-gutenberg\/ultimate-addons-for-gutenberg.php","name":"Spectra"}]},"id-48032":{"title":"Pricing &#038; FAQ","featured-image-url":"https:\/\/websitedemos.net\/wp-content\/uploads\/2020\/10\/online-courses-08-pricing-and-faq.jpg","thumbnail-image-url":"https:\/\/websitedemos.net\/wp-content\/uploads\/2020\/10\/online-courses-08-pricing-and-faq-600x1417.jpg","astra-page-api-url":"https:\/\/websitedemos.net\/online-courses-08\/wp-json\/wp\/v2\/pages\/20","dynamic-page":"no","astra-page-url":"\/\/websitedemos.net\/online-courses-08\/pricing-faq\/","astra-sites-tag":{"585":"pricing"},"site-pages-type":"free","site-pages-page-builder":"gutenberg","site-pages-category":[],"site-pages-parent-category":{"60":"business","61":"free"},"required-plugins":[{"slug":"ultimate-addons-for-gutenberg","init":"ultimate-addons-for-gutenberg\/ultimate-addons-for-gutenberg.php","name":"Spectra"}]},"id-48029":{"title":"Contact","featured-image-url":"https:\/\/websitedemos.net\/wp-content\/uploads\/2020\/10\/online-courses-08-contact-1.jpg","thumbnail-image-url":"https:\/\/websitedemos.net\/wp-content\/uploads\/2020\/10\/online-courses-08-contact-1-600x978.jpg","astra-page-api-url":"https:\/\/websitedemos.net\/online-courses-08\/wp-json\/wp\/v2\/pages\/16","dynamic-page":"no","astra-page-url":"\/\/websitedemos.net\/online-courses-08\/contact\/","astra-sites-tag":{"415":"contact"},"site-pages-type":"free","site-pages-page-builder":"gutenberg","site-pages-category":[],"site-pages-parent-category":{"60":"business","61":"free"},"required-plugins":[{"slug":"ultimate-addons-for-gutenberg","init":"ultimate-addons-for-gutenberg\/ultimate-addons-for-gutenberg.php","name":"Spectra"},{"slug":"wpforms-lite","init":"wpforms-lite\/wpforms.php","name":"WPForms Lite"}]}},"related-bb-template":"","related-elementor-template":"","related-gutenberg-template":""},"id-55936":{"title":"Media Agency","id":55936,"publish-date":1624472955,"featured-image-url":"https:\/\/websitedemos.net\/wp-content\/uploads\/2020\/08\/media-agency-04-home.jpg","thumbnail-image-url":"https:\/\/websitedemos.net\/wp-content\/uploads\/2020\/08\/media-agency-04-home.jpg","fullpage-thumbnail-image-url":"https:\/\/websitedemos.net\/wp-content\/uploads\/2020\/08\/media-agency-04-home.jpg","astra-site-url":"\/\/websitedemos.net\/media-agency-04","astra-site-parent-id":2236,"astra-sites-tag":{"1587":"advertising-agency","2232":"advertising-company","2229":"advertising-firm","663":"agency","979":"company","1588":"marketing-agency","2233":"marketing-company","2228":"marketing-firm","2237":"media-agency","2230":"press-agency","2227":"promotion-firm","2231":"publicity-firm","2234":"publicity-services"},"astra-sites-type":"agency-mini","astra-site-category":{"27":"business"},"astra-sites-template-category":{"2777":"business","2812":"digital-agency","2796":"digital-marketing","2768":"portfolio"},"astra-site-page-builder":"elementor","categories":{"2487":"agency"},"required-plugins":[{"slug":"elementor","init":"elementor\/elementor.php","name":"Elementor"},{"slug":"header-footer-elementor","init":"header-footer-elementor\/header-footer-elementor.php","name":"Elementor Header & Footer Builder"},{"slug":"wpforms-lite","init":"wpforms-lite\/wpforms.php","name":"WPForms Lite"}],"post-status":"publish","post-content":"<!-- wp:paragraph -->\n<p>The Media Agency template is a stylish dark design with bold colors and exactly the kind of impact a media agency would want to make. It\u2019s a well-designed web template with strong imagery, bold content boxes and a well-chosen font.<\/p>\n<!-- \/wp:paragraph -->\n\n<!-- wp:paragraph -->\n<p>The template includes typical content areas and supplementary pages you would need along with the flexibility to change anything you see on the page using a page builder. It\u2019s an excellent option for any agency!<\/p>\n<!-- \/wp:paragraph -->\n\n<!-- wp:heading -->\n<h2>Key features of the Media Agency template<\/h2>\n<!-- \/wp:heading -->\n\n<!-- wp:list -->\n<ul><li>Stylish dark design that makes an impact<\/li><li>Well-chosen colors and fonts<\/li><li>Prominent product and service sections<\/li><li>Cutting edge design ideal for the niche<\/li><li>Full compatibility with leading page builders<\/li><\/ul>\n<!-- \/wp:list -->","post-excerpt":"Stylish dark website template ideal for freelancers, media or digital agencies","pages":{"id-47003":{"title":"Home","featured-image-url":"https:\/\/websitedemos.net\/wp-content\/uploads\/2020\/08\/media-agency-04-home.jpg","thumbnail-image-url":"https:\/\/websitedemos.net\/wp-content\/uploads\/2020\/08\/media-agency-04-home.jpg","astra-page-api-url":"https:\/\/websitedemos.net\/media-agency-04\/wp-json\/wp\/v2\/pages\/7","dynamic-page":"no","astra-page-url":"\/\/websitedemos.net\/media-agency-04\/","astra-sites-tag":{"423":"home","814":"homepage"},"site-pages-type":"agency-mini","site-pages-page-builder":"elementor","site-pages-category":[],"site-pages-parent-category":{"60":"business"},"required-plugins":[{"slug":"elementor","init":"elementor\/elementor.php","name":"Elementor"}]},"id-47001":{"title":"About","featured-image-url":"https:\/\/websitedemos.net\/wp-content\/uploads\/2020\/08\/media-agency-04-about.jpg","thumbnail-image-url":"https:\/\/websitedemos.net\/wp-content\/uploads\/2020\/08\/media-agency-04-about.jpg","astra-page-api-url":"https:\/\/websitedemos.net\/media-agency-04\/wp-json\/wp\/v2\/pages\/53","dynamic-page":"no","astra-page-url":"\/\/websitedemos.net\/media-agency-04\/about\/","astra-sites-tag":{"352":"about","455":"about-us"},"site-pages-type":"agency-mini","site-pages-page-builder":"elementor","site-pages-category":[],"site-pages-parent-category":{"60":"business"},"required-plugins":[{"slug":"elementor","init":"elementor\/elementor.php","name":"Elementor"}]},"id-47005":{"title":"Services","featured-image-url":"https:\/\/websitedemos.net\/wp-content\/uploads\/2020\/08\/media-agency-04-services.jpg","thumbnail-image-url":"https:\/\/websitedemos.net\/wp-content\/uploads\/2020\/08\/media-agency-04-services.jpg","astra-page-api-url":"https:\/\/websitedemos.net\/media-agency-04\/wp-json\/wp\/v2\/pages\/57","dynamic-page":"no","astra-page-url":"\/\/websitedemos.net\/media-agency-04\/services\/","astra-sites-tag":{"425":"services","628":"what-we-do","1542":"what-we-offer"},"site-pages-type":"agency-mini","site-pages-page-builder":"elementor","site-pages-category":[],"site-pages-parent-category":{"60":"business"},"required-plugins":[{"slug":"elementor","init":"elementor\/elementor.php","name":"Elementor"}]},"id-47004":{"title":"Portfolio","featured-image-url":"https:\/\/websitedemos.net\/wp-content\/uploads\/2020\/08\/media-agency-04-portfolio.jpg","thumbnail-image-url":"https:\/\/websitedemos.net\/wp-content\/uploads\/2020\/08\/media-agency-04-portfolio.jpg","astra-page-api-url":"https:\/\/websitedemos.net\/media-agency-04\/wp-json\/wp\/v2\/pages\/55","dynamic-page":"no","astra-page-url":"\/\/websitedemos.net\/media-agency-04\/works\/","astra-sites-tag":{"444":"portfolio"},"site-pages-type":"agency-mini","site-pages-page-builder":"elementor","site-pages-category":[],"site-pages-parent-category":{"60":"business"},"required-plugins":[{"slug":"elementor","init":"elementor\/elementor.php","name":"Elementor"}]},"id-47002":{"title":"Contact","featured-image-url":"https:\/\/websitedemos.net\/wp-content\/uploads\/2020\/08\/media-agency-04-contact.jpg","thumbnail-image-url":"https:\/\/websitedemos.net\/wp-content\/uploads\/2020\/08\/media-agency-04-contact.jpg","astra-page-api-url":"https:\/\/websitedemos.net\/media-agency-04\/wp-json\/wp\/v2\/pages\/10","dynamic-page":"no","astra-page-url":"\/\/websitedemos.net\/media-agency-04\/contact\/","astra-sites-tag":{"415":"contact","454":"contact-us","896":"get-connected","377":"get-in-touch"},"site-pages-type":"agency-mini","site-pages-page-builder":"elementor","site-pages-category":[],"site-pages-parent-category":{"60":"business"},"required-plugins":[{"slug":"elementor","init":"elementor\/elementor.php","name":"Elementor"},{"slug":"wpforms-lite","init":"wpforms-lite\/wpforms.php","name":"WPForms Lite"}]}},"related-bb-template":"","related-elementor-template":"","related-gutenberg-template":""},"id-21574":{"title":"Life Coach","id":21574,"publish-date":1555388906,"featured-image-url":"https:\/\/websitedemos.net\/wp-content\/uploads\/2019\/04\/life-coach-sara-john-1.jpg","thumbnail-image-url":"https:\/\/websitedemos.net\/wp-content\/uploads\/2019\/04\/life-coach-sara-john-1.jpg","fullpage-thumbnail-image-url":"https:\/\/websitedemos.net\/wp-content\/uploads\/2019\/04\/life-coach-sara-john-1.jpg","astra-site-url":"\/\/websitedemos.net\/life-coach-sara-john","astra-site-parent-id":91,"astra-sites-tag":{"610":"coaching","608":"guidance","612":"life-coach","609":"motivator","611":"self-improvement"},"astra-sites-type":"free","astra-site-category":{"27":"business","39":"free"},"astra-sites-template-category":{"2839":"author-writer","2814":"bookstore","2825":"coaching","2769":"ecommerce","2874":"life-coach","2770":"personal"},"astra-site-page-builder":"elementor","categories":{"2483":"expert-services"},"required-plugins":[{"slug":"elementor","init":"elementor\/elementor.php","name":"Elementor"},{"slug":"woocommerce","init":"woocommerce\/woocommerce.php","name":"WooCommerce"},{"slug":"wpforms-lite","init":"wpforms-lite\/wpforms.php","name":"WPForms Lite"},{"slug":"variation-swatches-woo","init":"variation-swatches-woo\/variation-swatches-woo.php","name":"Variation Swatches for WooCommerce"}],"post-status":"publish","post-content":"<!-- wp:paragraph -->\n<p>The Life Coach template is a simple, effective design that enables your content to take center stage. It\u2019s a welcoming template with a static image header with headline and clear content and service areas down the page to help tell your story.<\/p>\n<!-- \/wp:paragraph -->\n\n<!-- wp:paragraph -->\n<p>The template offers a range of flexible elements and pages you can customize to your particular needs without losing the overall appeal. The theme works seamlessly with WooCommerce and includes a product page so you can sell merch as soon as you launch.<\/p>\n<!-- \/wp:paragraph -->\n\n<!-- wp:heading -->\n<h2>Key features of the Life Coach template<\/h2>\n<!-- \/wp:heading -->\n\n<!-- wp:list -->\n<ul><li>Effective design ideal for life coaches and the wellness niche<\/li><li>Flexible pages and content areas can be easily personalized<\/li><li>Integrates with WooCommerce for selling online<\/li><li>Great use of images, content areas and layout<\/li><li>Full compatibility with leading page builders<\/li><\/ul>\n<!-- \/wp:list -->","post-excerpt":"Effective web design that can be fully customized for life coaches or wellness","pages":{"id-22854":{"title":"Home","featured-image-url":"https:\/\/websitedemos.net\/wp-content\/uploads\/2019\/04\/life-coach-sara-john-1.jpg","thumbnail-image-url":"https:\/\/websitedemos.net\/wp-content\/uploads\/2019\/04\/life-coach-sara-john-1.jpg","astra-page-api-url":"https:\/\/websitedemos.net\/life-coach-sara-john\/wp-json\/wp\/v2\/pages\/340","dynamic-page":"no","astra-page-url":"\/\/websitedemos.net\/life-coach-sara-john\/","astra-sites-tag":{"423":"home"},"site-pages-type":"free","site-pages-page-builder":"elementor","site-pages-category":[],"site-pages-parent-category":{"60":"business","61":"free"},"required-plugins":[{"slug":"elementor","init":"elementor\/elementor.php","name":"Elementor"}]},"id-22850":{"title":"About","featured-image-url":"https:\/\/websitedemos.net\/wp-content\/uploads\/2019\/07\/life-coach-sara-john-about-1.jpg","thumbnail-image-url":"https:\/\/websitedemos.net\/wp-content\/uploads\/2019\/07\/life-coach-sara-john-about-1.jpg","astra-page-api-url":"https:\/\/websitedemos.net\/life-coach-sara-john\/wp-json\/wp\/v2\/pages\/621","dynamic-page":"no","astra-page-url":"\/\/websitedemos.net\/life-coach-sara-john\/about\/","astra-sites-tag":{"352":"about","455":"about-us"},"site-pages-type":"free","site-pages-page-builder":"elementor","site-pages-category":[],"site-pages-parent-category":{"60":"business","61":"free"},"required-plugins":[{"slug":"elementor","init":"elementor\/elementor.php","name":"Elementor"}]},"id-22855":{"title":"Work With Me","featured-image-url":"https:\/\/websitedemos.net\/wp-content\/uploads\/2019\/07\/life-coach-sara-john-work-with-me-1.jpg","thumbnail-image-url":"https:\/\/websitedemos.net\/wp-content\/uploads\/2019\/07\/life-coach-sara-john-work-with-me-1.jpg","astra-page-api-url":"https:\/\/websitedemos.net\/life-coach-sara-john\/wp-json\/wp\/v2\/pages\/622","dynamic-page":"yes","astra-page-url":"\/\/websitedemos.net\/life-coach-sara-john\/work-with-me\/","astra-sites-tag":{"415":"contact","454":"contact-us"},"site-pages-type":"free","site-pages-page-builder":"elementor","site-pages-category":[],"site-pages-parent-category":{"60":"business","61":"free"},"required-plugins":[{"slug":"elementor","init":"elementor\/elementor.php","name":"Elementor"},{"slug":"wpforms-lite","init":"wpforms-lite\/wpforms.php","name":"WPForms Lite"}]},"id-22852":{"title":"Books","featured-image-url":"https:\/\/websitedemos.net\/wp-content\/uploads\/2019\/07\/life-coach-sara-john-books-1.jpg","thumbnail-image-url":"https:\/\/websitedemos.net\/wp-content\/uploads\/2019\/07\/life-coach-sara-john-books-1.jpg","astra-page-api-url":"https:\/\/websitedemos.net\/life-coach-sara-john\/wp-json\/wp\/v2\/pages\/342","dynamic-page":"no","astra-page-url":"\/\/websitedemos.net\/life-coach-sara-john\/books\/","astra-sites-tag":{"727":"book"},"site-pages-type":"free","site-pages-page-builder":"elementor","site-pages-category":[],"site-pages-parent-category":{"60":"business","61":"free"},"required-plugins":[{"slug":"elementor","init":"elementor\/elementor.php","name":"Elementor"}]},"id-22853":{"title":"Contact","featured-image-url":"https:\/\/websitedemos.net\/wp-content\/uploads\/2019\/07\/life-coach-sara-john-contact-1.jpg","thumbnail-image-url":"https:\/\/websitedemos.net\/wp-content\/uploads\/2019\/07\/life-coach-sara-john-contact-1.jpg","astra-page-api-url":"https:\/\/websitedemos.net\/life-coach-sara-john\/wp-json\/wp\/v2\/pages\/9","dynamic-page":"no","astra-page-url":"\/\/websitedemos.net\/life-coach-sara-john\/contact\/","astra-sites-tag":{"415":"contact"},"site-pages-type":"free","site-pages-page-builder":"elementor","site-pages-category":[],"site-pages-parent-category":{"60":"business","61":"free"},"required-plugins":[{"slug":"elementor","init":"elementor\/elementor.php","name":"Elementor"},{"slug":"wpforms-lite","init":"wpforms-lite\/wpforms.php","name":"WPForms Lite"}]}},"related-bb-template":"","related-elementor-template":51341,"related-gutenberg-template":48149},"id-47529":{"title":"Roofing Services","id":47529,"publish-date":1600948285,"featured-image-url":"https:\/\/websitedemos.net\/wp-content\/uploads\/2020\/09\/roofing-services-02.jpg","thumbnail-image-url":"https:\/\/websitedemos.net\/wp-content\/uploads\/2020\/09\/roofing-services-02.jpg","fullpage-thumbnail-image-url":"https:\/\/websitedemos.net\/wp-content\/uploads\/2020\/09\/roofing-services-02.jpg","astra-site-url":"\/\/websitedemos.net\/roofing-services-02","astra-site-parent-id":1628,"astra-sites-tag":{"1630":"commercial-roofing","1629":"residential-roofing","1634":"roof-installation","1633":"roof-repair","1631":"roof-replacement","1632":"roofing-services"},"astra-sites-type":"free","astra-site-category":{"27":"business","39":"free"},"astra-sites-template-category":{"2795":"architecture","2777":"business","2818":"roofing"},"astra-site-page-builder":"elementor","categories":{"2477":"home-services","2471":"local-technician"},"required-plugins":[{"slug":"elementor","init":"elementor\/elementor.php","name":"Elementor"},{"slug":"wpforms-lite","init":"wpforms-lite\/wpforms.php","name":"WPForms Lite"}],"post-status":"publish","post-content":"<!-- wp:paragraph -->\n<p>The Roofing Services web template is a bright and breezy business design that welcomes you with open arms. It opens with a fullscreen image with bright colors and white headline that sets the scene perfectly. It could be used for literally any type of business.<\/p>\n<!-- \/wp:paragraph -->\n\n<!-- wp:paragraph -->\n<p>The design is light and easy to use, with modern fonts, lots of whitespace, a contact form front and center, creative product and service section and supplementary pages. It\u2019s a very composed design that inspires confidence, ideal for business use.<\/p>\n<!-- \/wp:paragraph -->\n\n<!-- wp:heading -->\n<h2>Key features of the Roofing Services template<\/h2>\n<!-- \/wp:heading -->\n\n<!-- wp:list -->\n<ul><li>Bright and breezy design suitable for many types of business<\/li><li>Excellent layout with customizable content areas<\/li><li>Contact form front and center<\/li><li>Supplementary pages ideal for business<\/li><li>Full compatibility with leading page builders<\/li><\/ul>\n<!-- \/wp:list -->","post-excerpt":"Bright and breezy web template suitable for almost any business you can think of","pages":{"id-47532":{"title":"Home","featured-image-url":"https:\/\/websitedemos.net\/wp-content\/uploads\/2020\/09\/roofing-services-02.jpg","thumbnail-image-url":"https:\/\/websitedemos.net\/wp-content\/uploads\/2020\/09\/roofing-services-02.jpg","astra-page-api-url":"https:\/\/websitedemos.net\/roofing-services-02\/wp-json\/wp\/v2\/pages\/7","dynamic-page":"no","astra-page-url":"\/\/websitedemos.net\/roofing-services-02\/","astra-sites-tag":{"423":"home"},"site-pages-type":"free","site-pages-page-builder":"elementor","site-pages-category":[],"site-pages-parent-category":{"60":"business","61":"free"},"required-plugins":[{"slug":"elementor","init":"elementor\/elementor.php","name":"Elementor"}]},"id-47530":{"title":"About Us","featured-image-url":"https:\/\/websitedemos.net\/wp-content\/uploads\/2020\/09\/roofing-services-02-about-us.jpg","thumbnail-image-url":"https:\/\/websitedemos.net\/wp-content\/uploads\/2020\/09\/roofing-services-02-about-us.jpg","astra-page-api-url":"https:\/\/websitedemos.net\/roofing-services-02\/wp-json\/wp\/v2\/pages\/119","dynamic-page":"no","astra-page-url":"\/\/websitedemos.net\/roofing-services-02\/about-us\/","astra-sites-tag":{"352":"about"},"site-pages-type":"free","site-pages-page-builder":"elementor","site-pages-category":[],"site-pages-parent-category":{"60":"business","61":"free"},"required-plugins":[{"slug":"elementor","init":"elementor\/elementor.php","name":"Elementor"}]},"id-47534":{"title":"Services","featured-image-url":"https:\/\/websitedemos.net\/wp-content\/uploads\/2020\/09\/roofing-services-02-services-1.jpg","thumbnail-image-url":"https:\/\/websitedemos.net\/wp-content\/uploads\/2020\/09\/roofing-services-02-services-1.jpg","astra-page-api-url":"https:\/\/websitedemos.net\/roofing-services-02\/wp-json\/wp\/v2\/pages\/147","dynamic-page":"no","astra-page-url":"\/\/websitedemos.net\/roofing-services-02\/services\/","astra-sites-tag":{"425":"services"},"site-pages-type":"free","site-pages-page-builder":"elementor","site-pages-category":[],"site-pages-parent-category":{"60":"business","61":"free"},"required-plugins":[{"slug":"elementor","init":"elementor\/elementor.php","name":"Elementor"}]},"id-47533":{"title":"Projects","featured-image-url":"https:\/\/websitedemos.net\/wp-content\/uploads\/2020\/09\/oofing-services-02-projects.jpg","thumbnail-image-url":"https:\/\/websitedemos.net\/wp-content\/uploads\/2020\/09\/oofing-services-02-projects.jpg","astra-page-api-url":"https:\/\/websitedemos.net\/roofing-services-02\/wp-json\/wp\/v2\/pages\/162","dynamic-page":"no","astra-page-url":"\/\/websitedemos.net\/roofing-services-02\/projects\/","astra-sites-tag":{"1613":"projects"},"site-pages-type":"free","site-pages-page-builder":"elementor","site-pages-category":[],"site-pages-parent-category":{"60":"business","61":"free"},"required-plugins":[{"slug":"elementor","init":"elementor\/elementor.php","name":"Elementor"}]},"id-47531":{"title":"Contact Us","featured-image-url":"https:\/\/websitedemos.net\/wp-content\/uploads\/2020\/09\/roofing-services-02-contact-us.jpg","thumbnail-image-url":"https:\/\/websitedemos.net\/wp-content\/uploads\/2020\/09\/roofing-services-02-contact-us.jpg","astra-page-api-url":"https:\/\/websitedemos.net\/roofing-services-02\/wp-json\/wp\/v2\/pages\/169","dynamic-page":"no","astra-page-url":"\/\/websitedemos.net\/roofing-services-02\/contact-us\/","astra-sites-tag":{"415":"contact"},"site-pages-type":"free","site-pages-page-builder":"elementor","site-pages-category":[],"site-pages-parent-category":{"60":"business","61":"free"},"required-plugins":[{"slug":"elementor","init":"elementor\/elementor.php","name":"Elementor"},{"slug":"wpforms-lite","init":"wpforms-lite\/wpforms.php","name":"WPForms Lite"}]}},"related-bb-template":"","related-elementor-template":47529,"related-gutenberg-template":48648},"id-48648":{"title":"Roofing Services","id":48648,"publish-date":1603984605,"featured-image-url":"https:\/\/websitedemos.net\/wp-content\/uploads\/2020\/10\/roofing-services-08.jpg","thumbnail-image-url":"https:\/\/websitedemos.net\/wp-content\/uploads\/2020\/10\/roofing-services-08-600x2864.jpg","fullpage-thumbnail-image-url":"https:\/\/websitedemos.net\/wp-content\/uploads\/2020\/10\/roofing-services-08-400x1909.jpg","astra-site-url":"\/\/websitedemos.net\/roofing-services-08","astra-site-parent-id":1754,"astra-sites-tag":{"1630":"commercial-roofing","1629":"residential-roofing","1633":"roof-repair","1631":"roof-replacement","1632":"roofing-services"},"astra-sites-type":"free","astra-site-category":{"27":"business","39":"free"},"astra-sites-template-category":{"2795":"architecture","2777":"business","2818":"roofing"},"astra-site-page-builder":"gutenberg","categories":{"2477":"home-services","2471":"local-technician"},"required-plugins":[{"slug":"wpforms-lite","init":"wpforms-lite\/wpforms.php","name":"WPForms Lite"},{"slug":"ultimate-addons-for-gutenberg","init":"ultimate-addons-for-gutenberg\/ultimate-addons-for-gutenberg.php","name":"Spectra"}],"post-status":"publish","post-content":"","post-excerpt":"","pages":{"id-48651":{"title":"Home","featured-image-url":"https:\/\/websitedemos.net\/wp-content\/uploads\/2020\/10\/roofing-services-08.jpg","thumbnail-image-url":"https:\/\/websitedemos.net\/wp-content\/uploads\/2020\/10\/roofing-services-08-600x2864.jpg","astra-page-api-url":"https:\/\/websitedemos.net\/roofing-services-08\/wp-json\/wp\/v2\/pages\/296","dynamic-page":"no","astra-page-url":"\/\/websitedemos.net\/roofing-services-08\/","astra-sites-tag":{"423":"home"},"site-pages-type":"free","site-pages-page-builder":"gutenberg","site-pages-category":[],"site-pages-parent-category":{"60":"business","61":"free"},"required-plugins":[{"slug":"ultimate-addons-for-gutenberg","init":"ultimate-addons-for-gutenberg\/ultimate-addons-for-gutenberg.php","name":"Spectra"},{"slug":"wpforms-lite","init":"wpforms-lite\/wpforms.php","name":"WPForms Lite"}]},"id-48649":{"title":"About Us","featured-image-url":"https:\/\/websitedemos.net\/wp-content\/uploads\/2020\/10\/roofing-services-08-about-us.jpg","thumbnail-image-url":"https:\/\/websitedemos.net\/wp-content\/uploads\/2020\/10\/roofing-services-08-about-us-600x2103.jpg","astra-page-api-url":"https:\/\/websitedemos.net\/roofing-services-08\/wp-json\/wp\/v2\/pages\/297","dynamic-page":"no","astra-page-url":"\/\/websitedemos.net\/roofing-services-08\/about-us\/","astra-sites-tag":{"352":"about","455":"about-us"},"site-pages-type":"free","site-pages-page-builder":"gutenberg","site-pages-category":[],"site-pages-parent-category":{"60":"business","61":"free"},"required-plugins":[{"slug":"ultimate-addons-for-gutenberg","init":"ultimate-addons-for-gutenberg\/ultimate-addons-for-gutenberg.php","name":"Spectra"}]},"id-48653":{"title":"Services","featured-image-url":"https:\/\/websitedemos.net\/wp-content\/uploads\/2020\/10\/roofing-services-08-services-1.jpg","thumbnail-image-url":"https:\/\/websitedemos.net\/wp-content\/uploads\/2020\/10\/roofing-services-08-services-1-600x2432.jpg","astra-page-api-url":"https:\/\/websitedemos.net\/roofing-services-08\/wp-json\/wp\/v2\/pages\/298","dynamic-page":"no","astra-page-url":"\/\/websitedemos.net\/roofing-services-08\/services\/","astra-sites-tag":{"425":"services"},"site-pages-type":"free","site-pages-page-builder":"gutenberg","site-pages-category":[],"site-pages-parent-category":{"60":"business","61":"free"},"required-plugins":[{"slug":"ultimate-addons-for-gutenberg","init":"ultimate-addons-for-gutenberg\/ultimate-addons-for-gutenberg.php","name":"Spectra"}]},"id-48652":{"title":"Projects","featured-image-url":"https:\/\/websitedemos.net\/wp-content\/uploads\/2020\/10\/roofing-services-08-projects-1.jpg","thumbnail-image-url":"https:\/\/websitedemos.net\/wp-content\/uploads\/2020\/10\/roofing-services-08-projects-1-600x1716.jpg","astra-page-api-url":"https:\/\/websitedemos.net\/roofing-services-08\/wp-json\/wp\/v2\/pages\/299","dynamic-page":"no","astra-page-url":"\/\/websitedemos.net\/roofing-services-08\/projects\/","astra-sites-tag":{"444":"portfolio","1613":"projects","451":"work"},"site-pages-type":"free","site-pages-page-builder":"gutenberg","site-pages-category":[],"site-pages-parent-category":{"60":"business","61":"free"},"required-plugins":[{"slug":"ultimate-addons-for-gutenberg","init":"ultimate-addons-for-gutenberg\/ultimate-addons-for-gutenberg.php","name":"Spectra"}]},"id-48650":{"title":"Contact Us","featured-image-url":"https:\/\/websitedemos.net\/wp-content\/uploads\/2020\/10\/roofing-services-08-contact-us.jpg","thumbnail-image-url":"https:\/\/websitedemos.net\/wp-content\/uploads\/2020\/10\/roofing-services-08-contact-us-600x1170.jpg","astra-page-api-url":"https:\/\/websitedemos.net\/roofing-services-08\/wp-json\/wp\/v2\/pages\/300","dynamic-page":"no","astra-page-url":"\/\/websitedemos.net\/roofing-services-08\/contact-us\/","astra-sites-tag":{"415":"contact","377":"get-in-touch"},"site-pages-type":"free","site-pages-page-builder":"gutenberg","site-pages-category":[],"site-pages-parent-category":{"60":"business","61":"free"},"required-plugins":[{"slug":"ultimate-addons-for-gutenberg","init":"ultimate-addons-for-gutenberg\/ultimate-addons-for-gutenberg.php","name":"Spectra"},{"slug":"wpforms-lite","init":"wpforms-lite\/wpforms.php","name":"WPForms Lite"}]}},"related-bb-template":"","related-elementor-template":"","related-gutenberg-template":""},"id-57190":{"title":"Luxury Hotel","id":57190,"publish-date":1627060454,"featured-image-url":"https:\/\/websitedemos.net\/wp-content\/uploads\/2021\/07\/luxury-hotel-04-home.jpg","thumbnail-image-url":"https:\/\/websitedemos.net\/wp-content\/uploads\/2021\/07\/luxury-hotel-04-home.jpg","fullpage-thumbnail-image-url":"https:\/\/websitedemos.net\/wp-content\/uploads\/2021\/07\/luxury-hotel-04-home.jpg","astra-site-url":"\/\/websitedemos.net\/luxury-hotel-04","astra-site-parent-id":2282,"astra-sites-tag":{"2073":"accommodation","1534":"bnb","2078":"business-hotel","350":"hotel","2082":"luxury-hotel","2197":"luxury-residence","714":"resort","430":"tourism","427":"travel"},"astra-sites-type":"agency-mini","astra-site-category":{"27":"business"},"astra-sites-template-category":{"2777":"business","2785":"food","2788":"hotel-bnb","2775":"travel-tourism"},"astra-site-page-builder":"elementor","categories":{"2498":"hotel-travel"},"required-plugins":[{"slug":"elementor","init":"elementor\/elementor.php","name":"Elementor"},{"slug":"wpforms-lite","init":"wpforms-lite\/wpforms.php","name":"WPForms Lite"}],"post-status":"publish","post-content":"<!-- wp:paragraph -->\n<p>The Luxury Hotel template uses a dark design and gold color to create a feeling of elegance and luxury. It includes an attractive slider to paint the picture of a lifestyle and a parallax effect with hotel images as the background. All designed to help sell rooms.<\/p>\n<!-- \/wp:paragraph -->\n\n<!-- wp:paragraph -->\n<p>The template includes typical content areas for a hotel including for rooms, amenities, dining and more. Each can be fully customized to suit your particular hotel, as can the portfolio, blog area and individual room and amenity pages. It\u2019s the only hotel template you need!<\/p>\n<!-- \/wp:paragraph -->\n\n<!-- wp:heading -->\n<h2>Key features of the Luxury Hotel template<\/h2>\n<!-- \/wp:heading -->\n\n<!-- wp:list -->\n<ul><li>Elegant website template ideal for luxury hotels<\/li><li>Dark and gold colors create an exclusive feel<\/li><li>Lots of opportunities for images to help sell<\/li><li>Relevant content areas and pages for hotels<\/li><li>Full compatibility with leading page builders<\/li><\/ul>\n<!-- \/wp:list -->","post-excerpt":"Elegant web template ideal for luxury hotels, travel and big ticket items","pages":{"id-57191":{"title":"About","featured-image-url":"https:\/\/websitedemos.net\/wp-content\/uploads\/2021\/07\/luxury-hotel-04-about.jpg","thumbnail-image-url":"https:\/\/websitedemos.net\/wp-content\/uploads\/2021\/07\/luxury-hotel-04-about.jpg","astra-page-api-url":"https:\/\/websitedemos.net\/luxury-hotel-04\/wp-json\/wp\/v2\/pages\/9","dynamic-page":"no","astra-page-url":"\/\/websitedemos.net\/luxury-hotel-04\/about\/","astra-sites-tag":{"352":"about"},"site-pages-type":"agency-mini","site-pages-page-builder":"elementor","site-pages-category":[],"site-pages-parent-category":{"60":"business"},"required-plugins":[{"slug":"elementor","init":"elementor\/elementor.php","name":"Elementor"}]},"id-57192":{"title":"Accommodation","featured-image-url":"https:\/\/websitedemos.net\/wp-content\/uploads\/2021\/07\/luxury-hotel-04-accomodation.jpg","thumbnail-image-url":"https:\/\/websitedemos.net\/wp-content\/uploads\/2021\/07\/luxury-hotel-04-accomodation.jpg","astra-page-api-url":"https:\/\/websitedemos.net\/luxury-hotel-04\/wp-json\/wp\/v2\/pages\/11","dynamic-page":"no","astra-page-url":"\/\/websitedemos.net\/luxury-hotel-04\/accommodation\/","astra-sites-tag":{"2073":"accommodation"},"site-pages-type":"agency-mini","site-pages-page-builder":"elementor","site-pages-category":[],"site-pages-parent-category":{"60":"business"},"required-plugins":[{"slug":"elementor","init":"elementor\/elementor.php","name":"Elementor"}]},"id-57193":{"title":"Contact","featured-image-url":"https:\/\/websitedemos.net\/wp-content\/uploads\/2021\/07\/luxury-hotel-04-contact.jpg","thumbnail-image-url":"https:\/\/websitedemos.net\/wp-content\/uploads\/2021\/07\/luxury-hotel-04-contact.jpg","astra-page-api-url":"https:\/\/websitedemos.net\/luxury-hotel-04\/wp-json\/wp\/v2\/pages\/15","dynamic-page":"no","astra-page-url":"\/\/websitedemos.net\/luxury-hotel-04\/contact\/","astra-sites-tag":{"415":"contact"},"site-pages-type":"agency-mini","site-pages-page-builder":"elementor","site-pages-category":[],"site-pages-parent-category":{"60":"business"},"required-plugins":[{"slug":"elementor","init":"elementor\/elementor.php","name":"Elementor"},{"slug":"wpforms-lite","init":"wpforms-lite\/wpforms.php","name":"WPForms Lite"}]},"id-57194":{"title":"Dining","featured-image-url":"https:\/\/websitedemos.net\/wp-content\/uploads\/2021\/07\/luxury-hotel-04-dining.jpg","thumbnail-image-url":"https:\/\/websitedemos.net\/wp-content\/uploads\/2021\/07\/luxury-hotel-04-dining.jpg","astra-page-api-url":"https:\/\/websitedemos.net\/luxury-hotel-04\/wp-json\/wp\/v2\/pages\/1121","dynamic-page":"no","astra-page-url":"\/\/websitedemos.net\/luxury-hotel-04\/dining\/","astra-sites-tag":{"1798":"dining"},"site-pages-type":"agency-mini","site-pages-page-builder":"elementor","site-pages-category":[],"site-pages-parent-category":{"60":"business"},"required-plugins":[{"slug":"elementor","init":"elementor\/elementor.php","name":"Elementor"}]},"id-57196":{"title":"Home","featured-image-url":"https:\/\/websitedemos.net\/wp-content\/uploads\/2021\/07\/luxury-hotel-04-home.jpg","thumbnail-image-url":"https:\/\/websitedemos.net\/wp-content\/uploads\/2021\/07\/luxury-hotel-04-home.jpg","astra-page-api-url":"https:\/\/websitedemos.net\/luxury-hotel-04\/wp-json\/wp\/v2\/pages\/7","dynamic-page":"no","astra-page-url":"\/\/websitedemos.net\/luxury-hotel-04\/","astra-sites-tag":{"423":"home"},"site-pages-type":"agency-mini","site-pages-page-builder":"elementor","site-pages-category":[],"site-pages-parent-category":{"60":"business"},"required-plugins":[{"slug":"elementor","init":"elementor\/elementor.php","name":"Elementor"}]},"id-57195":{"title":"Facilities &amp; Amenities","featured-image-url":"https:\/\/websitedemos.net\/wp-content\/uploads\/2021\/07\/luxury-hotel-04-facilities.jpg","thumbnail-image-url":"https:\/\/websitedemos.net\/wp-content\/uploads\/2021\/07\/luxury-hotel-04-facilities.jpg","astra-page-api-url":"https:\/\/websitedemos.net\/luxury-hotel-04\/wp-json\/wp\/v2\/pages\/13","dynamic-page":"no","astra-page-url":"\/\/websitedemos.net\/luxury-hotel-04\/fascilities-amenities\/","astra-sites-tag":{"777":"amenities","1599":"facilities"},"site-pages-type":"agency-mini","site-pages-page-builder":"elementor","site-pages-category":[],"site-pages-parent-category":{"60":"business"},"required-plugins":[{"slug":"elementor","init":"elementor\/elementor.php","name":"Elementor"}]}},"related-bb-template":"","related-elementor-template":"","related-gutenberg-template":""},"id-47896":{"title":"Online Programming Course","id":47896,"publish-date":1603825611,"featured-image-url":"https:\/\/websitedemos.net\/wp-content\/uploads\/2020\/10\/online-programming-08.jpg","thumbnail-image-url":"https:\/\/websitedemos.net\/wp-content\/uploads\/2020\/10\/online-programming-08-600x2335.jpg","fullpage-thumbnail-image-url":"https:\/\/websitedemos.net\/wp-content\/uploads\/2020\/10\/online-programming-08-400x1557.jpg","astra-site-url":"\/\/websitedemos.net\/online-coding-course-08","astra-site-parent-id":1681,"astra-sites-tag":{"462":"courses","469":"ecourse","468":"elearning","467":"learndash","466":"online-courses","975":"online-learning","1673":"programming-course"},"astra-sites-type":"free","astra-site-category":{"27":"business","39":"free"},"astra-sites-template-category":[],"astra-site-page-builder":"gutenberg","categories":{"2494":"elearning"},"required-plugins":[{"slug":"ultimate-addons-for-gutenberg","init":"ultimate-addons-for-gutenberg\/ultimate-addons-for-gutenberg.php","name":"Spectra"},{"slug":"sfwd-lms","init":"sfwd-lms\/sfwd_lms.php","name":"LearnDash LMS"},{"slug":"learndash-course-grid","init":"learndash-course-grid\/learndash_course_grid.php","name":"LearnDash LMS - Course Grid"},{"slug":"presto-player","init":"presto-player\/presto-player.php","name":"Presto Player"},{"slug":"wpforms-lite","init":"wpforms-lite\/wpforms.php","name":"WPForms Lite"}],"post-status":"publish","post-content":"","post-excerpt":"","pages":{"id-47900":{"title":"Home","featured-image-url":"https:\/\/websitedemos.net\/wp-content\/uploads\/2020\/10\/online-programming-08.jpg","thumbnail-image-url":"https:\/\/websitedemos.net\/wp-content\/uploads\/2020\/10\/online-programming-08-600x2335.jpg","astra-page-api-url":"https:\/\/websitedemos.net\/online-coding-course-08\/wp-json\/wp\/v2\/pages\/523","dynamic-page":"no","astra-page-url":"\/\/websitedemos.net\/online-coding-course-08\/","astra-sites-tag":{"423":"home"},"site-pages-type":"free","site-pages-page-builder":"gutenberg","site-pages-category":[],"site-pages-parent-category":{"60":"business","61":"free"},"required-plugins":[{"slug":"ultimate-addons-for-gutenberg","init":"ultimate-addons-for-gutenberg\/ultimate-addons-for-gutenberg.php","name":"Spectra"}]},"id-47898":{"title":"All Courses","featured-image-url":"https:\/\/websitedemos.net\/wp-content\/uploads\/2020\/10\/online-programming-08-courses.jpg","thumbnail-image-url":"https:\/\/websitedemos.net\/wp-content\/uploads\/2020\/10\/online-programming-08-courses-600x1348.jpg","astra-page-api-url":"https:\/\/websitedemos.net\/online-coding-course-08\/wp-json\/wp\/v2\/pages\/519","dynamic-page":"yes","astra-page-url":"\/\/websitedemos.net\/online-coding-course-08\/all-courses\/","astra-sites-tag":{"462":"courses"},"site-pages-type":"free","site-pages-page-builder":"gutenberg","site-pages-category":[],"site-pages-parent-category":{"60":"business","61":"free"},"required-plugins":[{"slug":"sfwd-lms","init":"sfwd-lms\/sfwd_lms.php","name":"LearnDash LMS"},{"slug":"learndash-course-grid","init":"learndash-course-grid\/learndash_course_grid.php","name":"LearnDash LMS - Course Grid"},{"slug":"ultimate-addons-for-gutenberg","init":"ultimate-addons-for-gutenberg\/ultimate-addons-for-gutenberg.php","name":"Spectra"}]},"id-47897":{"title":"About","featured-image-url":"https:\/\/websitedemos.net\/wp-content\/uploads\/2020\/10\/online-programming-08-about.jpg","thumbnail-image-url":"https:\/\/websitedemos.net\/wp-content\/uploads\/2020\/10\/online-programming-08-about-600x1986.jpg","astra-page-api-url":"https:\/\/websitedemos.net\/online-coding-course-08\/wp-json\/wp\/v2\/pages\/517","dynamic-page":"no","astra-page-url":"\/\/websitedemos.net\/online-coding-course-08\/about\/","astra-sites-tag":{"352":"about"},"site-pages-type":"free","site-pages-page-builder":"gutenberg","site-pages-category":[],"site-pages-parent-category":{"60":"business","61":"free"},"required-plugins":[{"slug":"ultimate-addons-for-gutenberg","init":"ultimate-addons-for-gutenberg\/ultimate-addons-for-gutenberg.php","name":"Spectra"}]},"id-47899":{"title":"Contact","featured-image-url":"https:\/\/websitedemos.net\/wp-content\/uploads\/2020\/10\/online-programming-08-contact.jpg","thumbnail-image-url":"https:\/\/websitedemos.net\/wp-content\/uploads\/2020\/10\/online-programming-08-contact-600x1047.jpg","astra-page-api-url":"https:\/\/websitedemos.net\/online-coding-course-08\/wp-json\/wp\/v2\/pages\/521","dynamic-page":"no","astra-page-url":"\/\/websitedemos.net\/online-coding-course-08\/contact\/","astra-sites-tag":{"415":"contact"},"site-pages-type":"free","site-pages-page-builder":"gutenberg","site-pages-category":[],"site-pages-parent-category":{"60":"business","61":"free"},"required-plugins":[{"slug":"ultimate-addons-for-gutenberg","init":"ultimate-addons-for-gutenberg\/ultimate-addons-for-gutenberg.php","name":"Spectra"}]}},"related-bb-template":"","related-elementor-template":"","related-gutenberg-template":""},"id-47585":{"title":"Freelance Copywriter","id":47585,"publish-date":1600960953,"featured-image-url":"https:\/\/websitedemos.net\/wp-content\/uploads\/2020\/09\/freelance-copywriter-02-homepage.jpg","thumbnail-image-url":"https:\/\/websitedemos.net\/wp-content\/uploads\/2020\/09\/freelance-copywriter-02-homepage.jpg","fullpage-thumbnail-image-url":"https:\/\/websitedemos.net\/wp-content\/uploads\/2020\/09\/freelance-copywriter-02-homepage.jpg","astra-site-url":"\/\/websitedemos.net\/freelance-copywriter-02","astra-site-parent-id":1647,"astra-sites-tag":{"1652":"blogger","1654":"content-creator","1649":"content-writer","1650":"copywriter","1648":"freelance-copywriter","669":"freelancer","1651":"marketer","1653":"web-content-creator"},"astra-sites-type":"free","astra-site-category":{"27":"business","39":"free"},"astra-sites-template-category":{"2839":"author-writer","2810":"freelance","2768":"portfolio"},"astra-site-page-builder":"elementor","categories":{"2488":"portfolio"},"required-plugins":[{"slug":"elementor","init":"elementor\/elementor.php","name":"Elementor"},{"slug":"header-footer-elementor","init":"header-footer-elementor\/header-footer-elementor.php","name":"Elementor - Header, Footer & Blocks"},{"slug":"wpforms-lite","init":"wpforms-lite\/wpforms.php","name":"WPForms Lite"}],"post-status":"publish","post-content":"<!-- wp:paragraph -->\n<p>The Freelance Copywriter template works as a business website or online resume depending on how you configure it. It\u2019s a relaxed design with lots of white space and calm complementing colors.<\/p>\n<!-- \/wp:paragraph -->\n\n<!-- wp:paragraph -->\n<p>The design includes plenty of opportunities to highlight skills and experience as well as products and services. There\u2019s an engaging call to action, milestone and awards section, a portfolio page, testimonials page and an attractive contact page. Everything the budding freelancer needs to grow their business.<\/p>\n<!-- \/wp:paragraph -->\n\n<!-- wp:heading -->\n<h2>Key features of the Freelance Copywriter template<\/h2>\n<!-- \/wp:heading -->\n\n<!-- wp:list -->\n<ul><li>Configurable resume or business website for freelancers<\/li><li>Easygoing design with calm colors and whitespace<\/li><li>Lots of customizable content areas<\/li><li>Portfolio page already designed and ready to go<\/li><li>Full compatibility with leading page builders<\/li><\/ul>\n<!-- \/wp:list -->","post-excerpt":"Adaptable web template ideal for freelancer and small business promotion","pages":{"id-47587":{"title":"Home","featured-image-url":"https:\/\/websitedemos.net\/wp-content\/uploads\/2020\/09\/freelance-copywriter-02-homepage.jpg","thumbnail-image-url":"https:\/\/websitedemos.net\/wp-content\/uploads\/2020\/09\/freelance-copywriter-02-homepage.jpg","astra-page-api-url":"https:\/\/websitedemos.net\/freelance-copywriter-02\/wp-json\/wp\/v2\/pages\/6","dynamic-page":"no","astra-page-url":"\/\/websitedemos.net\/freelance-copywriter-02\/","astra-sites-tag":{"423":"home"},"site-pages-type":"free","site-pages-page-builder":"elementor","site-pages-category":[],"site-pages-parent-category":{"60":"business","61":"free"},"required-plugins":[{"slug":"elementor","init":"elementor\/elementor.php","name":"Elementor"}]},"id-47589":{"title":"Work","featured-image-url":"https:\/\/websitedemos.net\/wp-content\/uploads\/2020\/09\/freelance-copywriter-02-work.jpg","thumbnail-image-url":"https:\/\/websitedemos.net\/wp-content\/uploads\/2020\/09\/freelance-copywriter-02-work.jpg","astra-page-api-url":"https:\/\/websitedemos.net\/freelance-copywriter-02\/wp-json\/wp\/v2\/pages\/99","dynamic-page":"no","astra-page-url":"\/\/websitedemos.net\/freelance-copywriter-02\/work\/","astra-sites-tag":{"444":"portfolio","425":"services","451":"work"},"site-pages-type":"free","site-pages-page-builder":"elementor","site-pages-category":[],"site-pages-parent-category":{"60":"business","61":"free"},"required-plugins":[{"slug":"elementor","init":"elementor\/elementor.php","name":"Elementor"}]},"id-47588":{"title":"Testimonials","featured-image-url":"https:\/\/websitedemos.net\/wp-content\/uploads\/2020\/09\/freelance-copywriter-02-testimonials.jpg","thumbnail-image-url":"https:\/\/websitedemos.net\/wp-content\/uploads\/2020\/09\/freelance-copywriter-02-testimonials.jpg","astra-page-api-url":"https:\/\/websitedemos.net\/freelance-copywriter-02\/wp-json\/wp\/v2\/pages\/135","dynamic-page":"no","astra-page-url":"\/\/websitedemos.net\/freelance-copywriter-02\/testimonials\/","astra-sites-tag":{"1615":"reviews","433":"testimonials"},"site-pages-type":"free","site-pages-page-builder":"elementor","site-pages-category":[],"site-pages-parent-category":{"60":"business","61":"free"},"required-plugins":[{"slug":"elementor","init":"elementor\/elementor.php","name":"Elementor"}]},"id-47586":{"title":"Contact","featured-image-url":"https:\/\/websitedemos.net\/wp-content\/uploads\/2020\/09\/freelance-copywriter-02-contact.jpg","thumbnail-image-url":"https:\/\/websitedemos.net\/wp-content\/uploads\/2020\/09\/freelance-copywriter-02-contact.jpg","astra-page-api-url":"https:\/\/websitedemos.net\/freelance-copywriter-02\/wp-json\/wp\/v2\/pages\/158","dynamic-page":"no","astra-page-url":"\/\/websitedemos.net\/freelance-copywriter-02\/contact\/","astra-sites-tag":{"415":"contact"},"site-pages-type":"free","site-pages-page-builder":"elementor","site-pages-category":[],"site-pages-parent-category":{"60":"business","61":"free"},"required-plugins":[{"slug":"elementor","init":"elementor\/elementor.php","name":"Elementor"},{"slug":"wpforms-lite","init":"wpforms-lite\/wpforms.php","name":"WPForms Lite"}]}},"related-bb-template":"","related-elementor-template":"","related-gutenberg-template":""}}