{"id-71591":{"title":"Photographer Portfolio","id":71591,"publish-date":1676378669,"featured-image-url":"https:\/\/websitedemos.net\/wp-content\/uploads\/2023\/02\/portfolio-photographer-04.jpg","thumbnail-image-url":"https:\/\/websitedemos.net\/wp-content\/uploads\/2023\/02\/portfolio-photographer-04-600x2414.jpg","fullpage-thumbnail-image-url":"https:\/\/websitedemos.net\/wp-content\/uploads\/2023\/02\/portfolio-photographer-04-400x1609.jpg","astra-site-url":"\/\/websitedemos.net\/portfolio-photographer-04","astra-site-parent-id":3104,"astra-sites-tag":{"3116":"candid","670":"designer","3114":"photo","511":"photographer","509":"photography","3113":"photoshoot","444":"portfolio","3115":"portrait"},"astra-sites-type":"agency-mini","astra-site-category":{"27":"business"},"astra-sites-template-category":{"2802":"artist","2777":"business","2791":"creative","2770":"personal","2773":"photography","2768":"portfolio"},"astra-site-page-builder":"elementor","categories":{"2485":"photography","2488":"portfolio"},"required-plugins":[{"slug":"elementor","init":"elementor\/elementor.php","name":"Elementor"},{"slug":"ultimate-elementor","init":"ultimate-elementor\/ultimate-elementor.php","name":"Ultimate Addons for Elementor"},{"slug":"wpforms-lite","init":"wpforms-lite\/wpforms.php","name":"WPForms Lite"}],"post-status":"publish","post-content":"<!-- wp:paragraph -->\n<p>The Photographer Portfolio template uses dark design with a contemporary edge to provide everything a creative needs to showcase their work. The template includes a homepage, attractive gallery, services page, about and a contact page.<\/p>\n<!-- \/wp:paragraph -->\n\n<!-- wp:paragraph -->\n<p>The Photographer Portfolio template has a very modern look, with plenty of customizable page elements you can change as you like without touching any code. Simple drag and drop whatever you want on the page without slowing it down. It\u2019s a fantastic design perfect for the niche!<\/p>\n<!-- \/wp:paragraph -->\n\n<!-- wp:heading -->\n<h2>Key features of the Photographer Portfolio template<\/h2>\n<!-- \/wp:heading -->\n\n<!-- wp:list -->\n<ul><!-- wp:list-item -->\n<li>Modern dark design with a contemporary feel<\/li>\n<!-- \/wp:list-item -->\n\n<!-- wp:list-item -->\n<li>Flexible content areas ideal for photography<\/li>\n<!-- \/wp:list-item -->\n\n<!-- wp:list-item -->\n<li>Attractive portfolio page with interactive images<\/li>\n<!-- \/wp:list-item -->\n\n<!-- wp:list-item -->\n<li>Can be fully customized without touching code<\/li>\n<!-- \/wp:list-item -->\n\n<!-- wp:list-item -->\n<li>Full compatibility with leading page builders<\/li>\n<!-- \/wp:list-item --><\/ul>\n<!-- \/wp:list -->","post-excerpt":"Dark Photographer Portfolio template with attractive portfolio and image options","pages":{"id-71597":{"title":"Services","featured-image-url":"https:\/\/websitedemos.net\/wp-content\/uploads\/2023\/02\/portfolio-photographer-04-services.jpg","thumbnail-image-url":"https:\/\/websitedemos.net\/wp-content\/uploads\/2023\/02\/portfolio-photographer-04-services-600x1716.jpg","astra-page-api-url":"https:\/\/websitedemos.net\/portfolio-photographer-04\/wp-json\/wp\/v2\/pages\/15","dynamic-page":"no","astra-page-url":"\/\/websitedemos.net\/portfolio-photographer-04\/services\/","astra-sites-tag":{"425":"services"},"site-pages-type":"agency-mini","site-pages-page-builder":"elementor","site-pages-category":[],"site-pages-parent-category":{"60":"business"},"required-plugins":[{"slug":"elementor","init":"elementor\/elementor.php","name":"Elementor"},{"slug":"ultimate-elementor","init":"ultimate-elementor\/ultimate-elementor.php","name":"Ultimate Addons for Elementor"},{"slug":"wpforms-lite","init":"wpforms-lite\/wpforms.php","name":"WPForms Lite"}]},"id-71593":{"title":"Columns","featured-image-url":"","thumbnail-image-url":"","astra-page-api-url":"https:\/\/websitedemos.net\/portfolio-photographer-04\/wp-json\/wp\/v2\/pages\/7","dynamic-page":"no","astra-page-url":"\/\/websitedemos.net\/portfolio-photographer-04\/columns\/","astra-sites-tag":[],"site-pages-type":"agency-mini","site-pages-page-builder":"gutenberg","site-pages-category":[],"site-pages-parent-category":{"60":"business"},"required-plugins":""},"id-71594":{"title":"Contact","featured-image-url":"https:\/\/websitedemos.net\/wp-content\/uploads\/2023\/02\/portfolio-photographer-04-contact.jpg","thumbnail-image-url":"https:\/\/websitedemos.net\/wp-content\/uploads\/2023\/02\/portfolio-photographer-04-contact-600x715.jpg","astra-page-api-url":"https:\/\/websitedemos.net\/portfolio-photographer-04\/wp-json\/wp\/v2\/pages\/14","dynamic-page":"no","astra-page-url":"\/\/websitedemos.net\/portfolio-photographer-04\/contact\/","astra-sites-tag":{"415":"contact"},"site-pages-type":"agency-mini","site-pages-page-builder":"elementor","site-pages-category":[],"site-pages-parent-category":{"60":"business"},"required-plugins":[{"slug":"elementor","init":"elementor\/elementor.php","name":"Elementor"},{"slug":"wpforms-lite","init":"wpforms-lite\/wpforms.php","name":"WPForms Lite"}]},"id-71595":{"title":"Gallery","featured-image-url":"https:\/\/websitedemos.net\/wp-content\/uploads\/2023\/02\/portfolio-photographer-04-gallery.jpg","thumbnail-image-url":"https:\/\/websitedemos.net\/wp-content\/uploads\/2023\/02\/portfolio-photographer-04-gallery-600x4467.jpg","astra-page-api-url":"https:\/\/websitedemos.net\/portfolio-photographer-04\/wp-json\/wp\/v2\/pages\/29","dynamic-page":"no","astra-page-url":"\/\/websitedemos.net\/portfolio-photographer-04\/gallery\/","astra-sites-tag":{"461":"gallery"},"site-pages-type":"agency-mini","site-pages-page-builder":"elementor","site-pages-category":[],"site-pages-parent-category":{"60":"business"},"required-plugins":[{"slug":"elementor","init":"elementor\/elementor.php","name":"Elementor"},{"slug":"ultimate-elementor","init":"ultimate-elementor\/ultimate-elementor.php","name":"Ultimate Addons for Elementor"},{"slug":"wpforms-lite","init":"wpforms-lite\/wpforms.php","name":"WPForms Lite"}]},"id-71596":{"title":"Home","featured-image-url":"https:\/\/websitedemos.net\/wp-content\/uploads\/2023\/02\/portfolio-photographer-04.jpg","thumbnail-image-url":"https:\/\/websitedemos.net\/wp-content\/uploads\/2023\/02\/portfolio-photographer-04-600x2414.jpg","astra-page-api-url":"https:\/\/websitedemos.net\/portfolio-photographer-04\/wp-json\/wp\/v2\/pages\/10","dynamic-page":"no","astra-page-url":"\/\/websitedemos.net\/portfolio-photographer-04\/","astra-sites-tag":{"423":"home"},"site-pages-type":"agency-mini","site-pages-page-builder":"elementor","site-pages-category":[],"site-pages-parent-category":{"60":"business"},"required-plugins":[{"slug":"elementor","init":"elementor\/elementor.php","name":"Elementor"},{"slug":"ultimate-elementor","init":"ultimate-elementor\/ultimate-elementor.php","name":"Ultimate Addons for Elementor"},{"slug":"wpforms-lite","init":"wpforms-lite\/wpforms.php","name":"WPForms Lite"}]},"id-71592":{"title":"About","featured-image-url":"https:\/\/websitedemos.net\/wp-content\/uploads\/2023\/02\/portfolio-photographer-04-about-me.jpg","thumbnail-image-url":"https:\/\/websitedemos.net\/wp-content\/uploads\/2023\/02\/portfolio-photographer-04-about-me-600x1777.jpg","astra-page-api-url":"https:\/\/websitedemos.net\/portfolio-photographer-04\/wp-json\/wp\/v2\/pages\/27","dynamic-page":"no","astra-page-url":"\/\/websitedemos.net\/portfolio-photographer-04\/about\/","astra-sites-tag":{"352":"about"},"site-pages-type":"agency-mini","site-pages-page-builder":"elementor","site-pages-category":[],"site-pages-parent-category":{"60":"business"},"required-plugins":[{"slug":"elementor","init":"elementor\/elementor.php","name":"Elementor"},{"slug":"wpforms-lite","init":"wpforms-lite\/wpforms.php","name":"WPForms Lite"}]}},"related-bb-template":"","related-elementor-template":"","related-gutenberg-template":""},"id-71669":{"title":"Planet Earth Store","id":71669,"publish-date":1676657292,"featured-image-url":"https:\/\/websitedemos.net\/wp-content\/uploads\/2023\/02\/earth-store-02.jpg","thumbnail-image-url":"https:\/\/websitedemos.net\/wp-content\/uploads\/2023\/02\/earth-store-02-600x1210.jpg","fullpage-thumbnail-image-url":"https:\/\/websitedemos.net\/wp-content\/uploads\/2023\/02\/earth-store-02-400x806.jpg","astra-site-url":"\/\/websitedemos.net\/earth-store-02","astra-site-parent-id":3118,"astra-sites-tag":{"3119":"earth","496":"ecommerce","535":"nature","383":"online-store","3120":"simple"},"astra-sites-type":"free","astra-site-category":{"27":"business","38":"ecommerce"},"astra-sites-template-category":{"2777":"business","2812":"digital-agency","2769":"ecommerce","2860":"multipurpose","2830":"nature","2797":"simple-minimal"},"astra-site-page-builder":"elementor","categories":{"2495":"ecommerce","2500":"multipurpose"},"required-plugins":[{"slug":"elementor","init":"elementor\/elementor.php","name":"Elementor"},{"slug":"wpforms-lite","init":"wpforms-lite\/wpforms.php","name":"WPForms Lite"},{"slug":"woocommerce","init":"woocommerce\/woocommerce.php","name":"WooCommerce"}],"post-status":"publish","post-content":"","post-excerpt":"","pages":{"id-58087":{"title":"Home","featured-image-url":"https:\/\/websitedemos.net\/wp-content\/uploads\/2023\/02\/earth-store-02.jpg","thumbnail-image-url":"https:\/\/websitedemos.net\/wp-content\/uploads\/2023\/02\/earth-store-02-600x1210.jpg","astra-page-api-url":"https:\/\/websitedemos.net\/earth-store-02\/wp-json\/wp\/v2\/pages\/25","dynamic-page":"yes","astra-page-url":"\/\/websitedemos.net\/earth-store-02\/","astra-sites-tag":{"423":"home"},"site-pages-type":"free","site-pages-page-builder":"elementor","site-pages-category":[],"site-pages-parent-category":{"60":"business","64":"ecommerce"},"required-plugins":[{"slug":"elementor","init":"elementor\/elementor.php","name":"Elementor"}]},"id-58086":{"title":"Contact","featured-image-url":"https:\/\/websitedemos.net\/wp-content\/uploads\/2023\/02\/earth-store-02-contact.jpg","thumbnail-image-url":"https:\/\/websitedemos.net\/wp-content\/uploads\/2023\/02\/earth-store-02-contact-600x709.jpg","astra-page-api-url":"https:\/\/websitedemos.net\/earth-store-02\/wp-json\/wp\/v2\/pages\/357","dynamic-page":"no","astra-page-url":"\/\/websitedemos.net\/earth-store-02\/contact\/","astra-sites-tag":{"415":"contact"},"site-pages-type":"free","site-pages-page-builder":"elementor","site-pages-category":[],"site-pages-parent-category":{"60":"business","64":"ecommerce"},"required-plugins":[{"slug":"elementor","init":"elementor\/elementor.php","name":"Elementor"},{"slug":"wpforms-lite","init":"wpforms-lite\/wpforms.php","name":"WPForms Lite"}]},"id-58085":{"title":"About","featured-image-url":"https:\/\/websitedemos.net\/wp-content\/uploads\/2023\/02\/earth-store-02-about.jpg","thumbnail-image-url":"https:\/\/websitedemos.net\/wp-content\/uploads\/2023\/02\/earth-store-02-about-600x778.jpg","astra-page-api-url":"https:\/\/websitedemos.net\/earth-store-02\/wp-json\/wp\/v2\/pages\/252","dynamic-page":"no","astra-page-url":"\/\/websitedemos.net\/earth-store-02\/about\/","astra-sites-tag":{"352":"about"},"site-pages-type":"free","site-pages-page-builder":"elementor","site-pages-category":[],"site-pages-parent-category":{"60":"business","64":"ecommerce"},"required-plugins":[{"slug":"elementor","init":"elementor\/elementor.php","name":"Elementor"}]}},"related-bb-template":"","related-elementor-template":"","related-gutenberg-template":""},"id-31992":{"title":"Organic Store","id":31992,"publish-date":1568718364,"featured-image-url":"https:\/\/websitedemos.net\/wp-content\/uploads\/2019\/10\/organic-shop-02-home-1.jpg","thumbnail-image-url":"https:\/\/websitedemos.net\/wp-content\/uploads\/2019\/10\/organic-shop-02-home-1.jpg","fullpage-thumbnail-image-url":"https:\/\/websitedemos.net\/wp-content\/uploads\/2019\/10\/organic-shop-02-home-1.jpg","astra-site-url":"\/\/websitedemos.net\/organic-shop-02","astra-site-parent-id":910,"astra-sites-tag":{"2418":"commerce","1017":"e-commerce","496":"ecommerce","2419":"eshopping","2424":"health-food","2425":"lite-food","369":"natural","2215":"online-marketing","2420":"online-shopping","383":"online-store","368":"organic","2423":"organic-food","967":"product-store","2417":"reseller","733":"shop","2416":"shopping","749":"store","2426":"vegetarian-food","966":"woo-commerce","1024":"woocommerce"},"astra-sites-type":"free","astra-site-category":{"38":"ecommerce","39":"free"},"astra-sites-template-category":{"2777":"business","2769":"ecommerce","2857":"online-shopping"},"astra-site-page-builder":"elementor","categories":{"2495":"ecommerce"},"required-plugins":[{"slug":"elementor","init":"elementor\/elementor.php","name":"Elementor"},{"slug":"woocommerce","init":"woocommerce\/woocommerce.php","name":"WooCommerce"},{"slug":"cartflows","init":"cartflows\/cartflows.php","name":"CartFlows"},{"slug":"checkout-plugins-stripe-woo","init":"checkout-plugins-stripe-woo\/checkout-plugins-stripe-woo.php","name":"Checkout Plugins - Stripe for WooCommerce"},{"slug":"variation-swatches-woo","init":"variation-swatches-woo\/variation-swatches-woo.php","name":"Variation Swatches for WooCommerce"}],"post-status":"publish","post-content":"<!-- wp:paragraph -->\n<p>Want to start an online organic store but not sure how to design a professional-looking website? We\u2019ve got you covered with the perfect organic store template. Our website template is professionally designed with built-in WooCommerce integration, that\u2019ll help you launch your store quickly.<\/p>\n<!-- \/wp:paragraph -->\n\n<!-- wp:paragraph -->\n<p>The template is fully customizable and includes many features such as mobile responsiveness, product gallery, social media integration, and much more. The homepage also includes a dedicated section for customers to leave feedback on products they've purchased.<\/p>\n<!-- \/wp:paragraph -->\n\n<!-- wp:heading -->\n<h2>Key features of the Organic Store template<\/h2>\n<!-- \/wp:heading -->\n\n<!-- wp:list -->\n<ul><!-- wp:list-item -->\n<li>Clean and simple design that has all the ingredients of a perfect online store<\/li>\n<!-- \/wp:list-item -->\n\n<!-- wp:list-item -->\n<li>Global color palettes to customize your entire store<\/li>\n<!-- \/wp:list-item -->\n\n<!-- wp:list-item -->\n<li>Deep integrations with WooCommerce<\/li>\n<!-- \/wp:list-item -->\n\n<!-- wp:list-item -->\n<li>Lightweight and high-converting templates to boost sales and conversions<\/li>\n<!-- \/wp:list-item -->\n\n<!-- wp:list-item -->\n<li>Compatible with leading drag and drop page builders<\/li>\n<!-- \/wp:list-item --><\/ul>\n<!-- \/wp:list -->","post-excerpt":"The perfect lightweight organic store website templates to boost sales and conversions","pages":{"id-33788":{"title":"Home","featured-image-url":"https:\/\/websitedemos.net\/wp-content\/uploads\/2019\/10\/organic-shop-02-home-1.jpg","thumbnail-image-url":"https:\/\/websitedemos.net\/wp-content\/uploads\/2019\/10\/organic-shop-02-home-1.jpg","astra-page-api-url":"https:\/\/websitedemos.net\/organic-shop-02\/wp-json\/wp\/v2\/pages\/95","dynamic-page":"yes","astra-page-url":"\/\/websitedemos.net\/organic-shop-02\/","astra-sites-tag":{"423":"home"},"site-pages-type":"free","site-pages-page-builder":"elementor","site-pages-category":[],"site-pages-parent-category":{"64":"ecommerce","61":"free"},"required-plugins":[{"slug":"elementor","init":"elementor\/elementor.php","name":"Elementor"}]},"id-31993":{"title":"About","featured-image-url":"https:\/\/websitedemos.net\/wp-content\/uploads\/2019\/10\/organic-shop-02-about.jpg","thumbnail-image-url":"https:\/\/websitedemos.net\/wp-content\/uploads\/2019\/10\/organic-shop-02-about.jpg","astra-page-api-url":"https:\/\/websitedemos.net\/organic-shop-02\/wp-json\/wp\/v2\/pages\/96","dynamic-page":"no","astra-page-url":"\/\/websitedemos.net\/organic-shop-02\/about\/","astra-sites-tag":{"352":"about"},"site-pages-type":"free","site-pages-page-builder":"elementor","site-pages-category":[],"site-pages-parent-category":{"64":"ecommerce","61":"free"},"required-plugins":[{"slug":"elementor","init":"elementor\/elementor.php","name":"Elementor"}]},"id-31994":{"title":"Contact","featured-image-url":"https:\/\/websitedemos.net\/wp-content\/uploads\/2019\/10\/organic-shop-02-contact.jpg","thumbnail-image-url":"https:\/\/websitedemos.net\/wp-content\/uploads\/2019\/10\/organic-shop-02-contact.jpg","astra-page-api-url":"https:\/\/websitedemos.net\/organic-shop-02\/wp-json\/wp\/v2\/pages\/15","dynamic-page":"no","astra-page-url":"\/\/websitedemos.net\/organic-shop-02\/contact\/","astra-sites-tag":{"415":"contact"},"site-pages-type":"free","site-pages-page-builder":"elementor","site-pages-category":[],"site-pages-parent-category":{"64":"ecommerce","61":"free"},"required-plugins":[{"slug":"elementor","init":"elementor\/elementor.php","name":"Elementor"}]}},"related-bb-template":22401,"related-elementor-template":31992,"related-gutenberg-template":48121},"id-69440":{"title":"Eyewear Store","id":69440,"publish-date":1663782034,"featured-image-url":"https:\/\/websitedemos.net\/wp-content\/uploads\/2022\/09\/eyewear-store-04.jpg","thumbnail-image-url":"https:\/\/websitedemos.net\/wp-content\/uploads\/2022\/09\/eyewear-store-04-600x2705.jpg","fullpage-thumbnail-image-url":"https:\/\/websitedemos.net\/wp-content\/uploads\/2022\/09\/eyewear-store-04-400x1803.jpg","astra-site-url":"\/\/websitedemos.net\/eyewear-store-04","astra-site-parent-id":2914,"astra-sites-tag":{"496":"ecommerce","1817":"ecommerce-store","2918":"eyes","2915":"eyewear","2916":"eyewear-store","2919":"glears","2922":"lenskart","732":"online-shop","2420":"online-shopping","383":"online-store","2921":"specs","2920":"spectacles","749":"store","1024":"woocommerce"},"astra-sites-type":"agency-mini","astra-site-category":{"38":"ecommerce"},"astra-sites-template-category":{"2769":"ecommerce","2858":"fashion-clothing","2857":"online-shopping"},"astra-site-page-builder":"elementor","categories":{"2495":"ecommerce"},"required-plugins":[{"slug":"astra-addon","init":"astra-addon\/astra-addon.php","name":"Astra Pro"},{"slug":"elementor","init":"elementor\/elementor.php","name":"Elementor"},{"slug":"woocommerce","init":"woocommerce\/woocommerce.php","name":"WooCommerce"},{"slug":"wpforms-lite","init":"wpforms-lite\/wpforms.php","name":"WPForms Lite"}],"post-status":"publish","post-content":"<!-- wp:paragraph -->\n<p>The Eyewear online store template is a light and bright full screen template that makes a great first impression. It opens with a fullscreen image, heading and call to action before opening into a full width store page.<\/p>\n<!-- \/wp:paragraph -->\n\n<!-- wp:paragraph -->\n<p>The Eyewear Store template has an upmarket feel with quality images, attractive fonts and modern layout. It is SEO-friendly, WooCommerce compatible and works with most page builders, giving you everything you need to build an online store.<\/p>\n<!-- \/wp:paragraph -->\n\n<!-- wp:heading -->\n<h2>Key features of the Eyewear Store template<\/h2>\n<!-- \/wp:heading -->\n\n<!-- wp:list -->\n<ul><li>Compelling eCommerce store theme for WordPress<\/li><li>Superb colors, fonts and layout<\/li><li>Designed to convert<\/li><li>Lots of options for showing products<\/li><li>Full compatibility with leading page builders<\/li><\/ul>\n<!-- \/wp:list -->","post-excerpt":"Light and bright eCommerce template designed to sell any product effectively","pages":{"id-69443":{"title":"Home","featured-image-url":"https:\/\/websitedemos.net\/wp-content\/uploads\/2022\/09\/eyewear-store-04.jpg","thumbnail-image-url":"https:\/\/websitedemos.net\/wp-content\/uploads\/2022\/09\/eyewear-store-04-600x2705.jpg","astra-page-api-url":"https:\/\/websitedemos.net\/eyewear-store-04\/wp-json\/wp\/v2\/pages\/14","dynamic-page":"yes","astra-page-url":"\/\/websitedemos.net\/eyewear-store-04\/","astra-sites-tag":{"423":"home"},"site-pages-type":"agency-mini","site-pages-page-builder":"elementor","site-pages-category":[],"site-pages-parent-category":{"64":"ecommerce"},"required-plugins":[{"slug":"astra-addon","init":"astra-addon\/astra-addon.php","name":"Astra Pro"},{"slug":"elementor","init":"elementor\/elementor.php","name":"Elementor"},{"slug":"woocommerce","init":"woocommerce\/woocommerce.php","name":"WooCommerce"}]},"id-69441":{"title":"About Us","featured-image-url":"https:\/\/websitedemos.net\/wp-content\/uploads\/2022\/09\/eyewear-store-04-about.jpg","thumbnail-image-url":"https:\/\/websitedemos.net\/wp-content\/uploads\/2022\/09\/eyewear-store-04-about-600x1646.jpg","astra-page-api-url":"https:\/\/websitedemos.net\/eyewear-store-04\/wp-json\/wp\/v2\/pages\/223","dynamic-page":"no","astra-page-url":"\/\/websitedemos.net\/eyewear-store-04\/about-us\/","astra-sites-tag":{"352":"about"},"site-pages-type":"agency-mini","site-pages-page-builder":"elementor","site-pages-category":[],"site-pages-parent-category":{"64":"ecommerce"},"required-plugins":[{"slug":"elementor","init":"elementor\/elementor.php","name":"Elementor"}]},"id-69442":{"title":"Contact","featured-image-url":"https:\/\/websitedemos.net\/wp-content\/uploads\/2022\/09\/eyewear-store-04-contact.jpg","thumbnail-image-url":"https:\/\/websitedemos.net\/wp-content\/uploads\/2022\/09\/eyewear-store-04-contact-600x979.jpg","astra-page-api-url":"https:\/\/websitedemos.net\/eyewear-store-04\/wp-json\/wp\/v2\/pages\/225","dynamic-page":"no","astra-page-url":"\/\/websitedemos.net\/eyewear-store-04\/contact\/","astra-sites-tag":{"415":"contact"},"site-pages-type":"agency-mini","site-pages-page-builder":"elementor","site-pages-category":[],"site-pages-parent-category":{"64":"ecommerce"},"required-plugins":[{"slug":"elementor","init":"elementor\/elementor.php","name":"Elementor"},{"slug":"wpforms-lite","init":"wpforms-lite\/wpforms.php","name":"WPForms Lite"}]}},"related-bb-template":"","related-elementor-template":"","related-gutenberg-template":""},"id-18035":{"title":"Brandstore","id":18035,"publish-date":1514381509,"featured-image-url":"https:\/\/websitedemos.net\/wp-content\/uploads\/2019\/07\/brandstore-01-homepage.jpg","thumbnail-image-url":"https:\/\/websitedemos.net\/wp-content\/uploads\/2019\/07\/brandstore-01-homepage.jpg","fullpage-thumbnail-image-url":"https:\/\/websitedemos.net\/wp-content\/uploads\/2019\/07\/brandstore-01-homepage.jpg","astra-site-url":"\/\/websitedemos.net\/brandstore-01","astra-site-parent-id":149,"astra-sites-tag":{"639":"accessories","638":"brand-store","880":"cartflows","640":"cloth-store","637":"clothing","2418":"commerce","1017":"e-commerce","496":"ecommerce","2422":"online-market","732":"online-shop","2420":"online-shopping","383":"online-store","967":"product-store","2421":"purchases","2417":"reseller","733":"shop","2416":"shopping","749":"store","966":"woo-commerce","1024":"woocommerce"},"astra-sites-type":"free","astra-site-category":{"38":"ecommerce","39":"free"},"astra-sites-template-category":[],"astra-site-page-builder":"beaver-builder","categories":{"2495":"ecommerce"},"required-plugins":[{"slug":"beaver-builder-lite-version","init":"beaver-builder-lite-version\/fl-builder.php","name":"Beaver Builder Plugin (Lite Version)"},{"slug":"ultimate-addons-for-beaver-builder-lite","init":"ultimate-addons-for-beaver-builder-lite\/bb-ultimate-addon.php","name":"Ultimate Addons for Beaver Builder - Lite"},{"slug":"woocommerce","init":"woocommerce\/woocommerce.php","name":"WooCommerce"},{"slug":"wpforms-lite","init":"wpforms-lite\/wpforms.php","name":"WPForms Lite"},{"slug":"woo-cart-abandonment-recovery","init":"woo-cart-abandonment-recovery\/woo-cart-abandonment-recovery.php","name":"WooCommerce Cart Abandonment Recovery"},{"slug":"variation-swatches-woo","init":"variation-swatches-woo\/variation-swatches-woo.php","name":"Variation Swatches for WooCommerce"}],"post-status":"publish","post-content":"","post-excerpt":"","pages":{"id-23419":{"title":"Home","featured-image-url":"https:\/\/websitedemos.net\/wp-content\/uploads\/2019\/07\/brandstore-01-homepage.jpg","thumbnail-image-url":"https:\/\/websitedemos.net\/wp-content\/uploads\/2019\/07\/brandstore-01-homepage.jpg","astra-page-api-url":"https:\/\/websitedemos.net\/brandstore-01\/wp-json\/wp\/v2\/pages\/10","dynamic-page":"yes","astra-page-url":"\/\/websitedemos.net\/brandstore-01\/","astra-sites-tag":{"423":"home"},"site-pages-type":"free","site-pages-page-builder":"beaver-builder","site-pages-category":[],"site-pages-parent-category":{"64":"ecommerce","61":"free"},"required-plugins":[{"slug":"beaver-builder-lite-version","init":"beaver-builder-lite-version\/fl-builder.php","name":"Beaver Builder Plugin (Lite Version)"},{"slug":"ultimate-addons-for-beaver-builder-lite","init":"ultimate-addons-for-beaver-builder-lite\/bb-ultimate-addon.php","name":"Ultimate Addons for Beaver Builder - Lite"}]},"id-23417":{"title":"About","featured-image-url":"https:\/\/websitedemos.net\/wp-content\/uploads\/2019\/07\/brandstore-01-about.jpg","thumbnail-image-url":"https:\/\/websitedemos.net\/wp-content\/uploads\/2019\/07\/brandstore-01-about.jpg","astra-page-api-url":"https:\/\/websitedemos.net\/brandstore-01\/wp-json\/wp\/v2\/pages\/43","dynamic-page":"no","astra-page-url":"\/\/websitedemos.net\/brandstore-01\/about\/","astra-sites-tag":{"352":"about"},"site-pages-type":"free","site-pages-page-builder":"beaver-builder","site-pages-category":[],"site-pages-parent-category":{"64":"ecommerce","61":"free"},"required-plugins":[{"slug":"beaver-builder-lite-version","init":"beaver-builder-lite-version\/fl-builder.php","name":"Beaver Builder Plugin (Lite Version)"},{"slug":"ultimate-addons-for-beaver-builder-lite","init":"ultimate-addons-for-beaver-builder-lite\/bb-ultimate-addon.php","name":"Ultimate Addons for Beaver Builder - Lite"}]},"id-23418":{"title":"Contact Us","featured-image-url":"https:\/\/websitedemos.net\/wp-content\/uploads\/2019\/07\/brandstore-01-contact.jpg","thumbnail-image-url":"https:\/\/websitedemos.net\/wp-content\/uploads\/2019\/07\/id-23418-brandstore-contact-us-resize.jpg","astra-page-api-url":"https:\/\/websitedemos.net\/brandstore-01\/wp-json\/wp\/v2\/pages\/414","dynamic-page":"no","astra-page-url":"\/\/websitedemos.net\/brandstore-01\/contact-us\/","astra-sites-tag":{"415":"contact"},"site-pages-type":"free","site-pages-page-builder":"beaver-builder","site-pages-category":[],"site-pages-parent-category":{"64":"ecommerce","61":"free"},"required-plugins":[{"slug":"beaver-builder-lite-version","init":"beaver-builder-lite-version\/fl-builder.php","name":"Beaver Builder Plugin (Lite Version)"},{"slug":"ultimate-addons-for-beaver-builder-lite","init":"ultimate-addons-for-beaver-builder-lite\/bb-ultimate-addon.php","name":"Ultimate Addons for Beaver Builder - Lite"},{"slug":"wpforms-lite","init":"wpforms-lite\/wpforms.php","name":"WPForms Lite"}]}},"related-bb-template":"","related-elementor-template":"","related-gutenberg-template":""},"id-48050":{"title":"Brandstore","id":48050,"publish-date":1603830906,"featured-image-url":"https:\/\/websitedemos.net\/wp-content\/uploads\/2020\/10\/brandstore-08.jpg","thumbnail-image-url":"https:\/\/websitedemos.net\/wp-content\/uploads\/2020\/10\/brandstore-08-600x1827.jpg","fullpage-thumbnail-image-url":"https:\/\/websitedemos.net\/wp-content\/uploads\/2020\/10\/brandstore-08-400x1218.jpg","astra-site-url":"\/\/websitedemos.net\/brandstore-08","astra-site-parent-id":1695,"astra-sites-tag":{"639":"accessories","638":"brand-store","880":"cartflows","640":"cloth-store","637":"clothing","2418":"commerce","1017":"e-commerce","496":"ecommerce","2422":"online-market","732":"online-shop","2420":"online-shopping","383":"online-store","967":"product-store","2421":"purchases","2417":"reseller","733":"shop","2416":"shopping","749":"store","966":"woo-commerce","1024":"woocommerce"},"astra-sites-type":"free","astra-site-category":{"27":"business","38":"ecommerce","39":"free"},"astra-sites-template-category":[],"astra-site-page-builder":"gutenberg","categories":{"2495":"ecommerce"},"required-plugins":[{"slug":"ultimate-addons-for-gutenberg","init":"ultimate-addons-for-gutenberg\/ultimate-addons-for-gutenberg.php","name":"Spectra"},{"slug":"checkout-plugins-stripe-woo","init":"checkout-plugins-stripe-woo\/checkout-plugins-stripe-woo.php","name":"Checkout Plugins - Stripe for WooCommerce"},{"slug":"woocommerce","init":"woocommerce\/woocommerce.php","name":"WooCommerce"},{"slug":"wpforms-lite","init":"wpforms-lite\/wpforms.php","name":"WPForms Lite"},{"slug":"variation-swatches-woo","init":"variation-swatches-woo\/variation-swatches-woo.php","name":"Variation Swatches for WooCommerce"}],"post-status":"publish","post-content":"<!-- wp:paragraph -->\n<p>Let your brand shine with our Brandstore website template. The Brandstore template is a simple, clean, mobile-friendly design, helping customers shop from anywhere. The template is built to integrate with WooCommerce seamlessly, so you can start showcasing your products in minutes and accept online payments.<\/p>\n<!-- \/wp:paragraph -->\n\n<!-- wp:paragraph -->\n<p>We also have a range of custom page templates for you to use as the foundation for your site and a range of beautiful preset designs we\u2019ve created. It\u2019s a modern design with a lot to recommend it, ideal for online stores.<\/p>\n<!-- \/wp:paragraph -->\n\n<!-- wp:heading -->\n<h2>Key features of the Brandstore template<\/h2>\n<!-- \/wp:heading -->\n\n<!-- wp:list -->\n<ul><!-- wp:list-item -->\n<li>High converting and lightweight online store template<\/li>\n<!-- \/wp:list-item -->\n\n<!-- wp:list-item -->\n<li>Seamless integration with WooCommerce<\/li>\n<!-- \/wp:list-item -->\n\n<!-- wp:list-item -->\n<li>Impressive hero image to display your best products and offers<\/li>\n<!-- \/wp:list-item -->\n\n<!-- wp:list-item -->\n<li>Host of customization options from colors and typography to layout and more<\/li>\n<!-- \/wp:list-item -->\n\n<!-- wp:list-item -->\n<li>Fully responsive and works perfectly well on mobile devices<\/li>\n<!-- \/wp:list-item --><\/ul>\n<!-- \/wp:list -->","post-excerpt":"Let your brand shine with our Brandstore website template. The Brandstore template is a simple, clean, mobile-friendly design, helping customers shop from anywhere. The template is built to integrate with WooCommerce seamlessly, so you can start showcasing your products in minutes and accept online payments. We also have a range of custom page templates for &hellip;<p class=\"read-more\"> <a class=\"\" href=\"\">  Read More &raquo;<\/a><\/p>","pages":{"id-48053":{"title":"Home","featured-image-url":"https:\/\/websitedemos.net\/wp-content\/uploads\/2020\/10\/brandstore-08.jpg","thumbnail-image-url":"https:\/\/websitedemos.net\/wp-content\/uploads\/2020\/10\/brandstore-08-600x1827.jpg","astra-page-api-url":"https:\/\/websitedemos.net\/brandstore-08\/wp-json\/wp\/v2\/pages\/61","dynamic-page":"yes","astra-page-url":"\/\/websitedemos.net\/brandstore-08\/","astra-sites-tag":{"423":"home"},"site-pages-type":"free","site-pages-page-builder":"gutenberg","site-pages-category":[],"site-pages-parent-category":{"60":"business","64":"ecommerce","61":"free"},"required-plugins":[{"slug":"ultimate-addons-for-gutenberg","init":"ultimate-addons-for-gutenberg\/ultimate-addons-for-gutenberg.php","name":"Spectra"}]},"id-48051":{"title":"About","featured-image-url":"https:\/\/websitedemos.net\/wp-content\/uploads\/2020\/10\/brandstore-08-about-2.jpg","thumbnail-image-url":"https:\/\/websitedemos.net\/wp-content\/uploads\/2020\/10\/brandstore-08-about-2-600x1491.jpg","astra-page-api-url":"https:\/\/websitedemos.net\/brandstore-08\/wp-json\/wp\/v2\/pages\/59","dynamic-page":"no","astra-page-url":"\/\/websitedemos.net\/brandstore-08\/about\/","astra-sites-tag":{"352":"about"},"site-pages-type":"free","site-pages-page-builder":"gutenberg","site-pages-category":[],"site-pages-parent-category":{"60":"business","64":"ecommerce","61":"free"},"required-plugins":[{"slug":"ultimate-addons-for-gutenberg","init":"ultimate-addons-for-gutenberg\/ultimate-addons-for-gutenberg.php","name":"Spectra"}]},"id-48052":{"title":"Contact Us","featured-image-url":"https:\/\/websitedemos.net\/wp-content\/uploads\/2020\/10\/brandstore-08-contact-2.jpg","thumbnail-image-url":"https:\/\/websitedemos.net\/wp-content\/uploads\/2020\/10\/brandstore-08-contact-2-600x888.jpg","astra-page-api-url":"https:\/\/websitedemos.net\/brandstore-08\/wp-json\/wp\/v2\/pages\/60","dynamic-page":"no","astra-page-url":"\/\/websitedemos.net\/brandstore-08\/contact-us\/","astra-sites-tag":{"415":"contact"},"site-pages-type":"free","site-pages-page-builder":"gutenberg","site-pages-category":[],"site-pages-parent-category":{"60":"business","64":"ecommerce","61":"free"},"required-plugins":[{"slug":"ultimate-addons-for-gutenberg","init":"ultimate-addons-for-gutenberg\/ultimate-addons-for-gutenberg.php","name":"Spectra"},{"slug":"wpforms-lite","init":"wpforms-lite\/wpforms.php","name":"WPForms Lite"}]}},"related-bb-template":"","related-elementor-template":"","related-gutenberg-template":""},"id-20478":{"title":"Brandstore","id":20478,"publish-date":1545657559,"featured-image-url":"https:\/\/websitedemos.net\/wp-content\/uploads\/2019\/07\/brandstore-05-home.jpg","thumbnail-image-url":"https:\/\/websitedemos.net\/wp-content\/uploads\/2019\/07\/brandstore-05-home.jpg","fullpage-thumbnail-image-url":"https:\/\/websitedemos.net\/wp-content\/uploads\/2019\/07\/brandstore-05-home.jpg","astra-site-url":"\/\/websitedemos.net\/brandstore-05","astra-site-parent-id":165,"astra-sites-tag":{"639":"accessories","638":"brand-store","880":"cartflows","640":"cloth-store","637":"clothing","2418":"commerce","1017":"e-commerce","496":"ecommerce","2422":"online-market","732":"online-shop","2420":"online-shopping","383":"online-store","967":"product-store","2421":"purchases","2417":"reseller","733":"shop","2416":"shopping","749":"store","966":"woo-commerce","1024":"woocommerce"},"astra-sites-type":"free","astra-site-category":{"38":"ecommerce","39":"free"},"astra-sites-template-category":[],"astra-site-page-builder":"brizy","categories":{"2495":"ecommerce"},"required-plugins":[{"slug":"brizy","init":"brizy\/brizy.php","name":"Brizy"},{"slug":"woocommerce","init":"woocommerce\/woocommerce.php","name":"WooCommerce"},{"slug":"woo-cart-abandonment-recovery","init":"woo-cart-abandonment-recovery\/woo-cart-abandonment-recovery.php","name":"WooCommerce Cart Abandonment Recovery"},{"slug":"wpforms-lite","init":"wpforms-lite\/wpforms.php","name":"WPForms Lite"}],"post-status":"publish","post-content":"","post-excerpt":"","pages":{"id-23567":{"title":"Homepage","featured-image-url":"https:\/\/websitedemos.net\/wp-content\/uploads\/2019\/07\/brandstore-05-home.jpg","thumbnail-image-url":"https:\/\/websitedemos.net\/wp-content\/uploads\/2019\/07\/brandstore-05-home.jpg","astra-page-api-url":"https:\/\/websitedemos.net\/brandstore-05\/wp-json\/wp\/v2\/pages\/448","dynamic-page":"yes","astra-page-url":"\/\/websitedemos.net\/brandstore-05\/","astra-sites-tag":{"423":"home"},"site-pages-type":"free","site-pages-page-builder":"brizy","site-pages-category":[],"site-pages-parent-category":{"64":"ecommerce","61":"free"},"required-plugins":[{"slug":"brizy","init":"brizy\/brizy.php","name":"Brizy"}]},"id-23565":{"title":"About","featured-image-url":"https:\/\/websitedemos.net\/wp-content\/uploads\/2019\/07\/brandstore-05-about.jpg","thumbnail-image-url":"https:\/\/websitedemos.net\/wp-content\/uploads\/2019\/07\/brandstore-05-about.jpg","astra-page-api-url":"https:\/\/websitedemos.net\/brandstore-05\/wp-json\/wp\/v2\/pages\/465","dynamic-page":"no","astra-page-url":"\/\/websitedemos.net\/brandstore-05\/about\/","astra-sites-tag":{"352":"about"},"site-pages-type":"free","site-pages-page-builder":"brizy","site-pages-category":[],"site-pages-parent-category":{"64":"ecommerce","61":"free"},"required-plugins":[{"slug":"brizy","init":"brizy\/brizy.php","name":"Brizy"}]},"id-23566":{"title":"Contact Us","featured-image-url":"https:\/\/websitedemos.net\/wp-content\/uploads\/2019\/07\/brandstore-05-contact-us.jpg","thumbnail-image-url":"https:\/\/websitedemos.net\/wp-content\/uploads\/2019\/07\/brandstore-05-contact-us.jpg","astra-page-api-url":"https:\/\/websitedemos.net\/brandstore-05\/wp-json\/wp\/v2\/pages\/468","dynamic-page":"no","astra-page-url":"\/\/websitedemos.net\/brandstore-05\/contact-us\/","astra-sites-tag":{"415":"contact"},"site-pages-type":"free","site-pages-page-builder":"brizy","site-pages-category":[],"site-pages-parent-category":{"64":"ecommerce","61":"free"},"required-plugins":[{"slug":"brizy","init":"brizy\/brizy.php","name":"Brizy"},{"slug":"wpforms-lite","init":"wpforms-lite\/wpforms.php","name":"WPForms Lite"}]}},"related-bb-template":"","related-elementor-template":"","related-gutenberg-template":""},"id-59589":{"title":"Lotus Spa","id":59589,"publish-date":1646330912,"featured-image-url":"https:\/\/websitedemos.net\/wp-content\/uploads\/2022\/03\/lotus-spa-02home.jpg","thumbnail-image-url":"https:\/\/websitedemos.net\/wp-content\/uploads\/2022\/03\/lotus-spa-02home-600x2915.jpg","fullpage-thumbnail-image-url":"https:\/\/websitedemos.net\/wp-content\/uploads\/2022\/03\/lotus-spa-02home-400x1943.jpg","astra-site-url":"\/\/websitedemos.net\/lotus-spa-02","astra-site-parent-id":2638,"astra-sites-tag":{"2643":"ayurvedic-treatment","2642":"body-spa","2641":"curative-bath","2639":"lotus-spa","528":"massage","530":"spa","2640":"spa-club","2644":"spa-therapy","619":"wellness"},"astra-sites-type":"free","astra-site-category":{"27":"business","39":"free"},"astra-sites-template-category":{"2790":"beauty-fashion","2821":"feminine-girly","2822":"massage-therapy","2856":"spa"},"astra-site-page-builder":"elementor","categories":{"2480":"fitness-wellness"},"required-plugins":[{"slug":"elementor","init":"elementor\/elementor.php","name":"Elementor"},{"slug":"wpforms-lite","init":"wpforms-lite\/wpforms.php","name":"WPForms Lite"}],"post-status":"publish","post-content":"<!-- wp:paragraph -->\n<p>The Lotus Spa template is a feminine theme with a lovely blend of images and colors that suits the niche perfectly. The design is calm, confident and welcomes you as soon as you land.<\/p>\n<!-- \/wp:paragraph -->\n\n<!-- wp:paragraph -->\n<p>Every page reflects the core design with comfortable colors and fonts, effective imagery and the content blocks you expect to see on the page. Everything you see can be fully customized too.<\/p>\n<!-- \/wp:paragraph -->\n\n<!-- wp:heading -->\n<h2>Key features of the Lotus Spa template<\/h2>\n<!-- \/wp:heading -->\n\n<!-- wp:list -->\n<ul><li>Warm and welcoming design perfect for the niche<\/li><li>Exceptional use of color, fonts and white space<\/li><li>Lots of content blocks including product and service sections<\/li><li>Effective contact page including map for ease of use<\/li><li>Social media elements built into the design<\/li><li>Fully compatible with drag and drop page builders<\/li><\/ul>\n<!-- \/wp:list -->","post-excerpt":"Relaxed spa template that\u2019s useful for many types of beauty or wellness business","pages":{"id-59593":{"title":"Services","featured-image-url":"https:\/\/websitedemos.net\/wp-content\/uploads\/2022\/03\/lotus-spa-02-services.jpg","thumbnail-image-url":"https:\/\/websitedemos.net\/wp-content\/uploads\/2022\/03\/lotus-spa-02-services-600x2746.jpg","astra-page-api-url":"https:\/\/websitedemos.net\/lotus-spa-02\/wp-json\/wp\/v2\/pages\/467","dynamic-page":"no","astra-page-url":"\/\/websitedemos.net\/lotus-spa-02\/services\/","astra-sites-tag":{"425":"services"},"site-pages-type":"free","site-pages-page-builder":"elementor","site-pages-category":[],"site-pages-parent-category":{"60":"business","61":"free"},"required-plugins":[{"slug":"elementor","init":"elementor\/elementor.php","name":"Elementor"}]},"id-59592":{"title":"Home","featured-image-url":"https:\/\/websitedemos.net\/wp-content\/uploads\/2022\/03\/lotus-spa-02home.jpg","thumbnail-image-url":"https:\/\/websitedemos.net\/wp-content\/uploads\/2022\/03\/lotus-spa-02home-600x2915.jpg","astra-page-api-url":"https:\/\/websitedemos.net\/lotus-spa-02\/wp-json\/wp\/v2\/pages\/11","dynamic-page":"no","astra-page-url":"\/\/websitedemos.net\/lotus-spa-02\/","astra-sites-tag":{"423":"home"},"site-pages-type":"free","site-pages-page-builder":"elementor","site-pages-category":[],"site-pages-parent-category":{"60":"business","61":"free"},"required-plugins":[{"slug":"elementor","init":"elementor\/elementor.php","name":"Elementor"}]},"id-59590":{"title":"About","featured-image-url":"https:\/\/websitedemos.net\/wp-content\/uploads\/2022\/03\/lotus-spa-02-about.jpg","thumbnail-image-url":"https:\/\/websitedemos.net\/wp-content\/uploads\/2022\/03\/lotus-spa-02-about-600x2079.jpg","astra-page-api-url":"https:\/\/websitedemos.net\/lotus-spa-02\/wp-json\/wp\/v2\/pages\/239","dynamic-page":"no","astra-page-url":"\/\/websitedemos.net\/lotus-spa-02\/about\/","astra-sites-tag":{"352":"about"},"site-pages-type":"free","site-pages-page-builder":"elementor","site-pages-category":[],"site-pages-parent-category":{"60":"business","61":"free"},"required-plugins":[{"slug":"elementor","init":"elementor\/elementor.php","name":"Elementor"}]},"id-59591":{"title":"Contact","featured-image-url":"https:\/\/websitedemos.net\/wp-content\/uploads\/2022\/03\/lotus-spa-02-contact.jpg","thumbnail-image-url":"https:\/\/websitedemos.net\/wp-content\/uploads\/2022\/03\/lotus-spa-02-contact-600x931.jpg","astra-page-api-url":"https:\/\/websitedemos.net\/lotus-spa-02\/wp-json\/wp\/v2\/pages\/647","dynamic-page":"no","astra-page-url":"\/\/websitedemos.net\/lotus-spa-02\/contact\/","astra-sites-tag":{"415":"contact"},"site-pages-type":"free","site-pages-page-builder":"elementor","site-pages-category":[],"site-pages-parent-category":{"60":"business","61":"free"},"required-plugins":[{"slug":"elementor","init":"elementor\/elementor.php","name":"Elementor"},{"slug":"wpforms-lite","init":"wpforms-lite\/wpforms.php","name":"WPForms Lite"}]}},"related-bb-template":"","related-elementor-template":"","related-gutenberg-template":""},"id-71556":{"title":"Finance &amp; Consulting","id":71556,"publish-date":1676369679,"featured-image-url":"https:\/\/websitedemos.net\/wp-content\/uploads\/2023\/02\/finance-consulting-04.jpg","thumbnail-image-url":"https:\/\/websitedemos.net\/wp-content\/uploads\/2023\/02\/finance-consulting-04-600x1970.jpg","fullpage-thumbnail-image-url":"https:\/\/websitedemos.net\/wp-content\/uploads\/2023\/02\/finance-consulting-04-400x1313.jpg","astra-site-url":"\/\/websitedemos.net\/finance-consulting-04","astra-site-parent-id":3091,"astra-sites-tag":{"447":"accountant","448":"accounting","581":"advice","2288":"business-consulting","449":"chartered-accountant","1898":"consulting","446":"finance","3092":"finance-consultant","582":"financial-investment","775":"investment-banking"},"astra-sites-type":"agency-mini","astra-site-category":{"27":"business"},"astra-sites-template-category":{"2823":"accounting","2777":"business","2794":"consulting","2805":"finance","2866":"insurance","2831":"service"},"astra-site-page-builder":"elementor","categories":{"2481":"finance-service"},"required-plugins":[{"slug":"elementor","init":"elementor\/elementor.php","name":"Elementor"},{"slug":"wpforms-lite","init":"wpforms-lite\/wpforms.php","name":"WPForms Lite"}],"post-status":"publish","post-content":"<!-- wp:paragraph -->\n<p>The Finance &amp; Consulting template uses a fullscreen design with bold colors and fonts to make a great first impression. The template includes all the primary pages you\u2019re likely to need including service pages, about, clients, a jobs page and contact page.<\/p>\n<!-- \/wp:paragraph -->\n\n<!-- wp:paragraph -->\n<p>The Finance &amp; Consulting template covers all the needs of a company in this niche. All page elements are fully customizable and you can add or remove as you see fit. With a couple of modest but impressive animations, this could be the only template you ever need.<\/p>\n<!-- \/wp:paragraph -->\n\n<!-- wp:heading -->\n<h2>Key features of the Finance &amp; Consulting template<\/h2>\n<!-- \/wp:heading -->\n\n<!-- wp:list -->\n<ul><!-- wp:list-item -->\n<li>Elegant design with an upscale feel ideal for the niche<\/li>\n<!-- \/wp:list-item -->\n\n<!-- wp:list-item -->\n<li>Attractive fullscreen design with customizable colors and typography<\/li>\n<!-- \/wp:list-item -->\n\n<!-- wp:list-item -->\n<li>Includes parallax scrolling and animations<\/li>\n<!-- \/wp:list-item -->\n\n<!-- wp:list-item -->\n<li>Entire template can be fully customized without touching code<\/li>\n<!-- \/wp:list-item -->\n\n<!-- wp:list-item -->\n<li>Full compatibility with leading page builders<\/li>\n<!-- \/wp:list-item --><\/ul>\n<!-- \/wp:list -->","post-excerpt":"Upscale Finance &amp; Consulting template suitable for any business niche","pages":{"id-71557":{"title":"About Us","featured-image-url":"https:\/\/websitedemos.net\/wp-content\/uploads\/2023\/02\/finance-consulting-04-about.jpg","thumbnail-image-url":"https:\/\/websitedemos.net\/wp-content\/uploads\/2023\/02\/finance-consulting-04-about-600x1562.jpg","astra-page-api-url":"https:\/\/websitedemos.net\/finance-consulting-04\/wp-json\/wp\/v2\/pages\/17","dynamic-page":"no","astra-page-url":"\/\/websitedemos.net\/finance-consulting-04\/about-us\/","astra-sites-tag":{"352":"about"},"site-pages-type":"agency-mini","site-pages-page-builder":"elementor","site-pages-category":[],"site-pages-parent-category":{"60":"business"},"required-plugins":[{"slug":"elementor","init":"elementor\/elementor.php","name":"Elementor"}]},"id-71559":{"title":"Clients","featured-image-url":"https:\/\/websitedemos.net\/wp-content\/uploads\/2023\/02\/finance-consulting-04-clients.jpg","thumbnail-image-url":"https:\/\/websitedemos.net\/wp-content\/uploads\/2023\/02\/finance-consulting-04-clients-600x1709.jpg","astra-page-api-url":"https:\/\/websitedemos.net\/finance-consulting-04\/wp-json\/wp\/v2\/pages\/19","dynamic-page":"no","astra-page-url":"\/\/websitedemos.net\/finance-consulting-04\/clients\/","astra-sites-tag":{"450":"clients"},"site-pages-type":"agency-mini","site-pages-page-builder":"elementor","site-pages-category":[],"site-pages-parent-category":{"60":"business"},"required-plugins":[{"slug":"elementor","init":"elementor\/elementor.php","name":"Elementor"}]},"id-71560":{"title":"Contact Us","featured-image-url":"https:\/\/websitedemos.net\/wp-content\/uploads\/2023\/02\/finance-consulting-04-contact.jpg","thumbnail-image-url":"https:\/\/websitedemos.net\/wp-content\/uploads\/2023\/02\/finance-consulting-04-contact-600x842.jpg","astra-page-api-url":"https:\/\/websitedemos.net\/finance-consulting-04\/wp-json\/wp\/v2\/pages\/23","dynamic-page":"no","astra-page-url":"\/\/websitedemos.net\/finance-consulting-04\/contact-us\/","astra-sites-tag":{"415":"contact"},"site-pages-type":"agency-mini","site-pages-page-builder":"elementor","site-pages-category":[],"site-pages-parent-category":{"60":"business"},"required-plugins":[{"slug":"elementor","init":"elementor\/elementor.php","name":"Elementor"},{"slug":"wpforms-lite","init":"wpforms-lite\/wpforms.php","name":"WPForms Lite"}]},"id-71561":{"title":"Home","featured-image-url":"https:\/\/websitedemos.net\/wp-content\/uploads\/2023\/02\/finance-consulting-04.jpg","thumbnail-image-url":"https:\/\/websitedemos.net\/wp-content\/uploads\/2023\/02\/finance-consulting-04-600x1970.jpg","astra-page-api-url":"https:\/\/websitedemos.net\/finance-consulting-04\/wp-json\/wp\/v2\/pages\/13","dynamic-page":"no","astra-page-url":"\/\/websitedemos.net\/finance-consulting-04\/","astra-sites-tag":{"423":"home"},"site-pages-type":"agency-mini","site-pages-page-builder":"elementor","site-pages-category":[],"site-pages-parent-category":{"60":"business"},"required-plugins":[{"slug":"elementor","init":"elementor\/elementor.php","name":"Elementor"}]},"id-71562":{"title":"Services","featured-image-url":"https:\/\/websitedemos.net\/wp-content\/uploads\/2023\/02\/finance-consulting-04-services.jpg","thumbnail-image-url":"https:\/\/websitedemos.net\/wp-content\/uploads\/2023\/02\/finance-consulting-04-services-600x1436.jpg","astra-page-api-url":"https:\/\/websitedemos.net\/finance-consulting-04\/wp-json\/wp\/v2\/pages\/5","dynamic-page":"no","astra-page-url":"\/\/websitedemos.net\/finance-consulting-04\/home\/","astra-sites-tag":{"425":"services"},"site-pages-type":"agency-mini","site-pages-page-builder":"elementor","site-pages-category":[],"site-pages-parent-category":{"60":"business"},"required-plugins":[{"slug":"elementor","init":"elementor\/elementor.php","name":"Elementor"}]},"id-71558":{"title":"Careers","featured-image-url":"https:\/\/websitedemos.net\/wp-content\/uploads\/2023\/02\/finance-consulting-04-careers.jpg","thumbnail-image-url":"https:\/\/websitedemos.net\/wp-content\/uploads\/2023\/02\/finance-consulting-04-careers-600x1416.jpg","astra-page-api-url":"https:\/\/websitedemos.net\/finance-consulting-04\/wp-json\/wp\/v2\/pages\/21","dynamic-page":"no","astra-page-url":"\/\/websitedemos.net\/finance-consulting-04\/careers\/","astra-sites-tag":{"3093":"careers"},"site-pages-type":"agency-mini","site-pages-page-builder":"elementor","site-pages-category":[],"site-pages-parent-category":{"60":"business"},"required-plugins":[{"slug":"elementor","init":"elementor\/elementor.php","name":"Elementor"}]}},"related-bb-template":"","related-elementor-template":"","related-gutenberg-template":""},"id-69429":{"title":"Blingg Jewelry","id":69429,"publish-date":1663782015,"featured-image-url":"https:\/\/websitedemos.net\/wp-content\/uploads\/2022\/09\/blingg-jewellery-04.jpg","thumbnail-image-url":"https:\/\/websitedemos.net\/wp-content\/uploads\/2022\/09\/blingg-jewellery-04-600x2006.jpg","fullpage-thumbnail-image-url":"https:\/\/websitedemos.net\/wp-content\/uploads\/2022\/09\/blingg-jewellery-04-400x1337.jpg","astra-site-url":"\/\/websitedemos.net\/blingg-jewelry-store-04","astra-site-parent-id":2911,"astra-sites-tag":{"496":"ecommerce","1817":"ecommerce-store","2912":"jewellery","2382":"jewellery-store","731":"jewelry","2529":"jewelry-store","2383":"online-jewellery-store","383":"online-store","967":"product-store","2913":"ring","749":"store","1024":"woocommerce"},"astra-sites-type":"agency-mini","astra-site-category":{"38":"ecommerce"},"astra-sites-template-category":{"2769":"ecommerce","2838":"jewellery","2857":"online-shopping"},"astra-site-page-builder":"elementor","categories":{"2495":"ecommerce"},"required-plugins":[{"slug":"astra-addon","init":"astra-addon\/astra-addon.php","name":"Astra Pro"},{"slug":"elementor","init":"elementor\/elementor.php","name":"Elementor"},{"slug":"woocommerce","init":"woocommerce\/woocommerce.php","name":"WooCommerce"},{"slug":"wpforms-lite","init":"wpforms-lite\/wpforms.php","name":"WPForms Lite"}],"post-status":"publish","post-content":"<!-- wp:paragraph -->\n<p>The Blingg Jewelry website template has an elegant feel ideal for jewelry or upmarket stores. Subtle colors, stylish fonts and great use of images and whitespace creates that feeling of luxury customers will love.<\/p>\n<!-- \/wp:paragraph -->\n\n<!-- wp:paragraph -->\n<p>The template includes simple navigation with a shopping cart at the top and lots of space in the page for products, special offers, featured products and confidence messages. All designed to encourage shoppers to explore and to buy.<\/p>\n<!-- \/wp:paragraph -->\n\n<!-- wp:heading -->\n<h2>Key features of the Blingg Jewelry template<\/h2>\n<!-- \/wp:heading -->\n\n<!-- wp:list -->\n<ul><li>Elegant eCommerce theme ideal for the luxury niche<\/li><li>Superb layout with plenty of whitespace<\/li><li>Multiple options for showcasing products<\/li><li>Nice pastel colors and font choices<\/li><li>Full compatibility with leading page builders<\/li><\/ul>\n<!-- \/wp:list -->","post-excerpt":"Stylish eCommerce template with a lot of upmarket touches to convert","pages":{"id-69430":{"title":"About","featured-image-url":"https:\/\/websitedemos.net\/wp-content\/uploads\/2022\/09\/blingg-jewellery-04-about.jpg","thumbnail-image-url":"https:\/\/websitedemos.net\/wp-content\/uploads\/2022\/09\/blingg-jewellery-04-about-600x1462.jpg","astra-page-api-url":"https:\/\/websitedemos.net\/blingg-jewelry-store-04\/wp-json\/wp\/v2\/pages\/71","dynamic-page":"no","astra-page-url":"\/\/websitedemos.net\/blingg-jewelry-store-04\/about\/","astra-sites-tag":{"352":"about"},"site-pages-type":"agency-mini","site-pages-page-builder":"elementor","site-pages-category":[],"site-pages-parent-category":{"64":"ecommerce"},"required-plugins":[{"slug":"elementor","init":"elementor\/elementor.php","name":"Elementor"}]},"id-69432":{"title":"Home","featured-image-url":"https:\/\/websitedemos.net\/wp-content\/uploads\/2022\/09\/blingg-jewellery-04.jpg","thumbnail-image-url":"https:\/\/websitedemos.net\/wp-content\/uploads\/2022\/09\/blingg-jewellery-04-600x2006.jpg","astra-page-api-url":"https:\/\/websitedemos.net\/blingg-jewelry-store-04\/wp-json\/wp\/v2\/pages\/68","dynamic-page":"yes","astra-page-url":"\/\/websitedemos.net\/blingg-jewelry-store-04\/","astra-sites-tag":{"423":"home"},"site-pages-type":"agency-mini","site-pages-page-builder":"elementor","site-pages-category":[],"site-pages-parent-category":{"64":"ecommerce"},"required-plugins":[{"slug":"astra-addon","init":"astra-addon\/astra-addon.php","name":"Astra Pro"},{"slug":"elementor","init":"elementor\/elementor.php","name":"Elementor"},{"slug":"woocommerce","init":"woocommerce\/woocommerce.php","name":"WooCommerce"}]},"id-69431":{"title":"Contact","featured-image-url":"https:\/\/websitedemos.net\/wp-content\/uploads\/2022\/09\/blingg-jewellery-04-contact.jpg","thumbnail-image-url":"https:\/\/websitedemos.net\/wp-content\/uploads\/2022\/09\/blingg-jewellery-04-contact-600x903.jpg","astra-page-api-url":"https:\/\/websitedemos.net\/blingg-jewelry-store-04\/wp-json\/wp\/v2\/pages\/73","dynamic-page":"no","astra-page-url":"\/\/websitedemos.net\/blingg-jewelry-store-04\/contact\/","astra-sites-tag":{"415":"contact"},"site-pages-type":"agency-mini","site-pages-page-builder":"elementor","site-pages-category":[],"site-pages-parent-category":{"64":"ecommerce"},"required-plugins":[{"slug":"elementor","init":"elementor\/elementor.php","name":"Elementor"},{"slug":"wpforms-lite","init":"wpforms-lite\/wpforms.php","name":"WPForms Lite"}]}},"related-bb-template":"","related-elementor-template":"","related-gutenberg-template":""},"id-71576":{"title":"Blockchain Technology","id":71576,"publish-date":1676371662,"featured-image-url":"https:\/\/websitedemos.net\/wp-content\/uploads\/2023\/02\/blockchain-technology-04.jpg","thumbnail-image-url":"https:\/\/websitedemos.net\/wp-content\/uploads\/2023\/02\/blockchain-technology-04-600x2398.jpg","fullpage-thumbnail-image-url":"https:\/\/websitedemos.net\/wp-content\/uploads\/2023\/02\/blockchain-technology-04-400x1598.jpg","astra-site-url":"\/\/websitedemos.net\/blockchain-technology-04","astra-site-parent-id":3094,"astra-sites-tag":{"3097":"bitcoin","3095":"blockchain","3096":"blockchaintechnology","3101":"blockchaintrends","3098":"crypto","3100":"cryptoart","3102":"cryptoartist","3099":"nfts"},"astra-sites-type":"agency-mini","astra-site-category":{"37":"blog","27":"business"},"astra-sites-template-category":{"2828":"blog","2777":"business","2817":"technology"},"astra-site-page-builder":"elementor","categories":{"2497":"blog","2499":"technology"},"required-plugins":[{"slug":"elementor","init":"elementor\/elementor.php","name":"Elementor"},{"slug":"ultimate-elementor","init":"ultimate-elementor\/ultimate-elementor.php","name":"Ultimate Addons for Elementor"},{"slug":"wpforms-lite","init":"wpforms-lite\/wpforms.php","name":"WPForms Lite"}],"post-status":"publish","post-content":"<!-- wp:paragraph -->\n<p>The Blockchain Technology template has been designed for tech companies and has a very modern look and feel that reflects the niche. The template includes all the core page elements and pages you\u2019re likely to need, along with page builder compatibility.<\/p>\n<!-- \/wp:paragraph -->\n\n<!-- wp:paragraph -->\n<p>The design is inherently flexible with bold contrasting colors, parallax scrolling and the engagement opportunities any type of tech business could use to drum up business. It\u2019s a very accomplished design with unique appeal!<\/p>\n<!-- \/wp:paragraph -->\n\n<!-- wp:heading -->\n<h2>Key features of the Blockchain Technology template<\/h2>\n<!-- \/wp:heading -->\n\n<!-- wp:list -->\n<ul><!-- wp:list-item -->\n<li>Accomplished design ideal for the tech niche<\/li>\n<!-- \/wp:list-item -->\n\n<!-- wp:list-item -->\n<li>Includes all the core pages a tech business might need<\/li>\n<!-- \/wp:list-item -->\n\n<!-- wp:list-item -->\n<li>Excellent use of color and typography<\/li>\n<!-- \/wp:list-item -->\n\n<!-- wp:list-item -->\n<li>Flexible layouts with page builder compatibility<\/li>\n<!-- \/wp:list-item -->\n\n<!-- wp:list-item -->\n<li>Full compatibility with leading page builders<\/li>\n<!-- \/wp:list-item --><\/ul>\n<!-- \/wp:list -->","post-excerpt":"Blockchain Technology is a stylish design ideal for any kind of tech business","pages":{"id-71580":{"title":"Resources","featured-image-url":"https:\/\/websitedemos.net\/wp-content\/uploads\/2023\/02\/blockchain-technology-04-resources.jpg","thumbnail-image-url":"https:\/\/websitedemos.net\/wp-content\/uploads\/2023\/02\/blockchain-technology-04-resources-600x1273.jpg","astra-page-api-url":"https:\/\/websitedemos.net\/blockchain-technology-04\/wp-json\/wp\/v2\/pages\/19","dynamic-page":"no","astra-page-url":"\/\/websitedemos.net\/blockchain-technology-04\/resources\/","astra-sites-tag":{"3103":"resources"},"site-pages-type":"agency-mini","site-pages-page-builder":"elementor","site-pages-category":[],"site-pages-parent-category":{"74":"blog","60":"business"},"required-plugins":[{"slug":"elementor","init":"elementor\/elementor.php","name":"Elementor"}]},"id-71578":{"title":"Contact","featured-image-url":"https:\/\/websitedemos.net\/wp-content\/uploads\/2023\/02\/blockchain-technology-04-contact.jpg","thumbnail-image-url":"https:\/\/websitedemos.net\/wp-content\/uploads\/2023\/02\/blockchain-technology-04-contact-600x816.jpg","astra-page-api-url":"https:\/\/websitedemos.net\/blockchain-technology-04\/wp-json\/wp\/v2\/pages\/25","dynamic-page":"no","astra-page-url":"\/\/websitedemos.net\/blockchain-technology-04\/contact\/","astra-sites-tag":{"415":"contact"},"site-pages-type":"agency-mini","site-pages-page-builder":"elementor","site-pages-category":[],"site-pages-parent-category":{"74":"blog","60":"business"},"required-plugins":[{"slug":"elementor","init":"elementor\/elementor.php","name":"Elementor"},{"slug":"wpforms-lite","init":"wpforms-lite\/wpforms.php","name":"WPForms Lite"}]},"id-71579":{"title":"Home","featured-image-url":"https:\/\/websitedemos.net\/wp-content\/uploads\/2023\/02\/blockchain-technology-04.jpg","thumbnail-image-url":"https:\/\/websitedemos.net\/wp-content\/uploads\/2023\/02\/blockchain-technology-04-600x2398.jpg","astra-page-api-url":"https:\/\/websitedemos.net\/blockchain-technology-04\/wp-json\/wp\/v2\/pages\/17","dynamic-page":"no","astra-page-url":"\/\/websitedemos.net\/blockchain-technology-04\/","astra-sites-tag":{"423":"home"},"site-pages-type":"agency-mini","site-pages-page-builder":"elementor","site-pages-category":[],"site-pages-parent-category":{"74":"blog","60":"business"},"required-plugins":[{"slug":"elementor","init":"elementor\/elementor.php","name":"Elementor"},{"slug":"wpforms-lite","init":"wpforms-lite\/wpforms.php","name":"WPForms Lite"}]},"id-71577":{"title":"About","featured-image-url":"https:\/\/websitedemos.net\/wp-content\/uploads\/2023\/02\/blockchain-technology-04-about.jpg","thumbnail-image-url":"https:\/\/websitedemos.net\/wp-content\/uploads\/2023\/02\/blockchain-technology-04-about-600x1279.jpg","astra-page-api-url":"https:\/\/websitedemos.net\/blockchain-technology-04\/wp-json\/wp\/v2\/pages\/23","dynamic-page":"no","astra-page-url":"\/\/websitedemos.net\/blockchain-technology-04\/about\/","astra-sites-tag":{"352":"about"},"site-pages-type":"agency-mini","site-pages-page-builder":"elementor","site-pages-category":[],"site-pages-parent-category":{"74":"blog","60":"business"},"required-plugins":[{"slug":"elementor","init":"elementor\/elementor.php","name":"Elementor"}]}},"related-bb-template":"","related-elementor-template":"","related-gutenberg-template":""},"id-59455":{"title":"Construction Company","id":59455,"publish-date":1674834221,"featured-image-url":"https:\/\/websitedemos.net\/wp-content\/uploads\/2023\/01\/construction-company-02.jpg","thumbnail-image-url":"https:\/\/websitedemos.net\/wp-content\/uploads\/2023\/01\/construction-company-02-600x3410.jpg","fullpage-thumbnail-image-url":"https:\/\/websitedemos.net\/wp-content\/uploads\/2023\/01\/construction-company-02-400x2273.jpg","astra-site-url":"\/\/websitedemos.net\/construction-company-02","astra-site-parent-id":2620,"astra-sites-tag":{"435":"architecture","3078":"builder","692":"business","484":"construction","795":"contractor","485":"real-estate"},"astra-sites-type":"free","astra-site-category":{"27":"business","39":"free"},"astra-sites-template-category":{"2795":"architecture","2836":"construction","2778":"real-estate"},"astra-site-page-builder":"elementor","categories":{"2484":"real-estate"},"required-plugins":[{"slug":"elementor","init":"elementor\/elementor.php","name":"Elementor"},{"slug":"wpforms-lite","init":"wpforms-lite\/wpforms.php","name":"WPForms Lite"}],"post-status":"publish","post-content":"<!-- wp:paragraph -->\n<p>The Construction Company template is a bright and engaging design with bold colors, plenty of images and lots of whitespace to add balance. The homepage includes lots of content and service areas, somewhere to show off building projects and lots more besides.<\/p>\n<!-- \/wp:paragraph -->\n\n<!-- wp:paragraph -->\n<p>The Construction Company template comes with readymade pages for projects, services, about the company and a contact and quote page. Elements also include FAQs, testimonials, social media, a contact form and very attractive headers and footers. Everything a business needs for their online presence!<\/p>\n<!-- \/wp:paragraph -->\n\n<!-- wp:heading -->\n<h2>Key features of the Construction Company template<\/h2>\n<!-- \/wp:heading -->\n\n<!-- wp:list -->\n<ul><!-- wp:list-item -->\n<li>Bright and engaging design ideal for construction companies<\/li>\n<!-- \/wp:list-item -->\n\n<!-- wp:list-item -->\n<li>Well-balanced design with equal areas of boldness and whitespace<\/li>\n<!-- \/wp:list-item -->\n\n<!-- wp:list-item -->\n<li>Includes typical page elements a construction company would need<\/li>\n<!-- \/wp:list-item -->\n\n<!-- wp:list-item -->\n<li>Template can be fully customized without touching code<\/li>\n<!-- \/wp:list-item -->\n\n<!-- wp:list-item -->\n<li>Full compatibility with leading page builders<\/li>\n<!-- \/wp:list-item --><\/ul>\n<!-- \/wp:list -->","post-excerpt":"Construction Company has everything a building firm needs to launch a website","pages":{"id-59458":{"title":"Home","featured-image-url":"https:\/\/websitedemos.net\/wp-content\/uploads\/2023\/01\/construction-company-02.jpg","thumbnail-image-url":"https:\/\/websitedemos.net\/wp-content\/uploads\/2023\/01\/construction-company-02-600x3410.jpg","astra-page-api-url":"https:\/\/websitedemos.net\/construction-company-02\/wp-json\/wp\/v2\/pages\/7","dynamic-page":"no","astra-page-url":"\/\/websitedemos.net\/construction-company-02\/","astra-sites-tag":{"423":"home"},"site-pages-type":"free","site-pages-page-builder":"elementor","site-pages-category":[],"site-pages-parent-category":{"60":"business","61":"free"},"required-plugins":[{"slug":"elementor","init":"elementor\/elementor.php","name":"Elementor"}]},"id-59459":{"title":"Projects","featured-image-url":"https:\/\/websitedemos.net\/wp-content\/uploads\/2023\/01\/construction-company-02-projects.jpg","thumbnail-image-url":"https:\/\/websitedemos.net\/wp-content\/uploads\/2023\/01\/construction-company-02-projects-600x1167.jpg","astra-page-api-url":"https:\/\/websitedemos.net\/construction-company-02\/wp-json\/wp\/v2\/pages\/9","dynamic-page":"no","astra-page-url":"\/\/websitedemos.net\/construction-company-02\/projects\/","astra-sites-tag":{"1613":"projects"},"site-pages-type":"free","site-pages-page-builder":"elementor","site-pages-category":[],"site-pages-parent-category":{"60":"business","61":"free"},"required-plugins":[{"slug":"elementor","init":"elementor\/elementor.php","name":"Elementor"}]},"id-59460":{"title":"Services","featured-image-url":"https:\/\/websitedemos.net\/wp-content\/uploads\/2023\/01\/construction-company-02-services.jpg","thumbnail-image-url":"https:\/\/websitedemos.net\/wp-content\/uploads\/2023\/01\/construction-company-02-services-600x1113.jpg","astra-page-api-url":"https:\/\/websitedemos.net\/construction-company-02\/wp-json\/wp\/v2\/pages\/11","dynamic-page":"no","astra-page-url":"\/\/websitedemos.net\/construction-company-02\/services\/","astra-sites-tag":{"425":"services"},"site-pages-type":"free","site-pages-page-builder":"elementor","site-pages-category":[],"site-pages-parent-category":{"60":"business","61":"free"},"required-plugins":[{"slug":"elementor","init":"elementor\/elementor.php","name":"Elementor"}]},"id-59456":{"title":"About","featured-image-url":"https:\/\/websitedemos.net\/wp-content\/uploads\/2023\/01\/construction-company-02-about.jpg","thumbnail-image-url":"https:\/\/websitedemos.net\/wp-content\/uploads\/2023\/01\/construction-company-02-about-600x1612.jpg","astra-page-api-url":"https:\/\/websitedemos.net\/construction-company-02\/wp-json\/wp\/v2\/pages\/13","dynamic-page":"no","astra-page-url":"\/\/websitedemos.net\/construction-company-02\/about\/","astra-sites-tag":{"352":"about"},"site-pages-type":"free","site-pages-page-builder":"elementor","site-pages-category":[],"site-pages-parent-category":{"60":"business","61":"free"},"required-plugins":[{"slug":"elementor","init":"elementor\/elementor.php","name":"Elementor"}]},"id-59457":{"title":"Contact Us","featured-image-url":"https:\/\/websitedemos.net\/wp-content\/uploads\/2023\/01\/construction-company-02-contact-us.jpg","thumbnail-image-url":"https:\/\/websitedemos.net\/wp-content\/uploads\/2023\/01\/construction-company-02-contact-us-600x1386.jpg","astra-page-api-url":"https:\/\/websitedemos.net\/construction-company-02\/wp-json\/wp\/v2\/pages\/15","dynamic-page":"no","astra-page-url":"\/\/websitedemos.net\/construction-company-02\/contact-us\/","astra-sites-tag":{"415":"contact"},"site-pages-type":"free","site-pages-page-builder":"elementor","site-pages-category":[],"site-pages-parent-category":{"60":"business","61":"free"},"required-plugins":[{"slug":"elementor","init":"elementor\/elementor.php","name":"Elementor"},{"slug":"wpforms-lite","init":"wpforms-lite\/wpforms.php","name":"WPForms Lite"}]}},"related-bb-template":"","related-elementor-template":59455,"related-gutenberg-template":68254},"id-59077":{"title":"Recycled Shoe Store","id":59077,"publish-date":1643646115,"featured-image-url":"https:\/\/websitedemos.net\/wp-content\/uploads\/2022\/01\/recycled-shoe-store-home-1.jpg","thumbnail-image-url":"https:\/\/websitedemos.net\/wp-content\/uploads\/2022\/01\/recycled-shoe-store-home-1.jpg","fullpage-thumbnail-image-url":"https:\/\/websitedemos.net\/wp-content\/uploads\/2022\/01\/recycled-shoe-store-home-1.jpg","astra-site-url":"\/\/websitedemos.net\/recycled-shoe-store-04","astra-site-parent-id":2574,"astra-sites-tag":{"2418":"commerce","1017":"e-commerce","496":"ecommerce","1817":"ecommerce-store","2419":"eshopping","2422":"online-market","732":"online-shop","2420":"online-shopping","383":"online-store","2421":"purchases","2417":"reseller","384":"running-shoes","382":"shoe-store","385":"shoes","733":"shop","2416":"shopping","2427":"sports-shoes","749":"store","966":"woo-commerce","1024":"woocommerce"},"astra-sites-type":"agency-mini","astra-site-category":{"38":"ecommerce"},"astra-sites-template-category":{"2769":"ecommerce","2857":"online-shopping","2878":"shoes"},"astra-site-page-builder":"elementor","categories":{"2495":"ecommerce"},"required-plugins":[{"slug":"elementor","init":"elementor\/elementor.php","name":"Elementor"},{"slug":"header-footer-elementor","init":"header-footer-elementor\/header-footer-elementor.php","name":"Elementor Header & Footer Builder"},{"slug":"wpforms-lite","init":"wpforms-lite\/wpforms.php","name":"WPForms Lite"},{"slug":"svg-support","init":"svg-support\/svg-support.php","name":"SVG Support"},{"slug":"woocommerce","init":"woocommerce\/woocommerce.php","name":"WooCommerce"},{"slug":"astra-addon","init":"astra-addon\/astra-addon.php","name":"Astra Pro"},{"slug":"variation-swatches-woo","init":"variation-swatches-woo\/variation-swatches-woo.php","name":"Variation Swatches for WooCommerce"}],"post-status":"publish","post-content":"<!-- wp:paragraph -->\n<p>The Recycled Shoe Store template is a contemporary eCommerce design with full screen image on the homepage and lots of whitespace throughout. It\u2019s an attractive design that could be fully customized for any type of store.<\/p>\n<!-- \/wp:paragraph -->\n\n<!-- wp:paragraph -->\n<p>The use of whitespace means images and graphics really stand out. Pages include featured product areas, calls to action and all those elements an online store needs, including an attractive checkout page.<\/p>\n<!-- \/wp:paragraph -->\n\n<!-- wp:heading -->\n<h2>Key features of the Recycled Shoe Store template<\/h2>\n<!-- \/wp:heading -->\n\n<!-- wp:list -->\n<ul><li>Contemporary store design with lots of white space<\/li><li>Plenty of customizable product feature blocks<\/li><li>Simple header with cart and search elements<\/li><li>Effective product pages with filters and search<\/li><li>Extra content pages that can be customized as required<\/li><li>Fully compatible with drag and drop page builders<\/li><\/ul>\n<!-- \/wp:list -->","post-excerpt":"Appealing eCommerce design ideal for a wide range of stores covering every niche","pages":{"id-59080":{"title":"Lookbook","featured-image-url":"https:\/\/websitedemos.net\/wp-content\/uploads\/2022\/01\/recycled-shoe-store-lookbook.jpg","thumbnail-image-url":"https:\/\/websitedemos.net\/wp-content\/uploads\/2022\/01\/recycled-shoe-store-lookbook.jpg","astra-page-api-url":"https:\/\/websitedemos.net\/recycled-shoe-store-04\/wp-json\/wp\/v2\/pages\/649","dynamic-page":"no","astra-page-url":"\/\/websitedemos.net\/recycled-shoe-store-04\/lookbook\/","astra-sites-tag":{"752":"lookbook"},"site-pages-type":"agency-mini","site-pages-page-builder":"elementor","site-pages-category":[],"site-pages-parent-category":{"64":"ecommerce"},"required-plugins":[{"slug":"elementor","init":"elementor\/elementor.php","name":"Elementor"}]},"id-59081":{"title":"Sale","featured-image-url":"https:\/\/websitedemos.net\/wp-content\/uploads\/2022\/01\/recycled-shoe-store-sale.jpg","thumbnail-image-url":"https:\/\/websitedemos.net\/wp-content\/uploads\/2022\/01\/recycled-shoe-store-sale.jpg","astra-page-api-url":"https:\/\/websitedemos.net\/recycled-shoe-store-04\/wp-json\/wp\/v2\/pages\/731","dynamic-page":"yes","astra-page-url":"\/\/websitedemos.net\/recycled-shoe-store-04\/sale\/","astra-sites-tag":{"2575":"discount","2063":"sales"},"site-pages-type":"agency-mini","site-pages-page-builder":"elementor","site-pages-category":[],"site-pages-parent-category":{"64":"ecommerce"},"required-plugins":[{"slug":"elementor","init":"elementor\/elementor.php","name":"Elementor"}]},"id-59082":{"title":"Story","featured-image-url":"https:\/\/websitedemos.net\/wp-content\/uploads\/2022\/01\/recycled-shoe-store-story.jpg","thumbnail-image-url":"https:\/\/websitedemos.net\/wp-content\/uploads\/2022\/01\/recycled-shoe-store-story.jpg","astra-page-api-url":"https:\/\/websitedemos.net\/recycled-shoe-store-04\/wp-json\/wp\/v2\/pages\/524","dynamic-page":"no","astra-page-url":"\/\/websitedemos.net\/recycled-shoe-store-04\/story\/","astra-sites-tag":{"352":"about","767":"story"},"site-pages-type":"agency-mini","site-pages-page-builder":"elementor","site-pages-category":[],"site-pages-parent-category":{"64":"ecommerce"},"required-plugins":[{"slug":"elementor","init":"elementor\/elementor.php","name":"Elementor"}]},"id-59078":{"title":"Contact","featured-image-url":"https:\/\/websitedemos.net\/wp-content\/uploads\/2022\/01\/recycled-shoe-store-contact.jpg","thumbnail-image-url":"https:\/\/websitedemos.net\/wp-content\/uploads\/2022\/01\/recycled-shoe-store-contact.jpg","astra-page-api-url":"https:\/\/websitedemos.net\/recycled-shoe-store-04\/wp-json\/wp\/v2\/pages\/859","dynamic-page":"no","astra-page-url":"\/\/websitedemos.net\/recycled-shoe-store-04\/contact\/","astra-sites-tag":{"415":"contact"},"site-pages-type":"agency-mini","site-pages-page-builder":"elementor","site-pages-category":[],"site-pages-parent-category":{"64":"ecommerce"},"required-plugins":[{"slug":"elementor","init":"elementor\/elementor.php","name":"Elementor"},{"slug":"wpforms-lite","init":"wpforms-lite\/wpforms.php","name":"WPForms Lite"}]},"id-59079":{"title":"Home","featured-image-url":"https:\/\/websitedemos.net\/wp-content\/uploads\/2022\/01\/recycled-shoe-store-home-1.jpg","thumbnail-image-url":"https:\/\/websitedemos.net\/wp-content\/uploads\/2022\/01\/recycled-shoe-store-home-1.jpg","astra-page-api-url":"https:\/\/websitedemos.net\/recycled-shoe-store-04\/wp-json\/wp\/v2\/pages\/30","dynamic-page":"yes","astra-page-url":"\/\/websitedemos.net\/recycled-shoe-store-04\/","astra-sites-tag":{"423":"home"},"site-pages-type":"agency-mini","site-pages-page-builder":"elementor","site-pages-category":[],"site-pages-parent-category":{"64":"ecommerce"},"required-plugins":[{"slug":"elementor","init":"elementor\/elementor.php","name":"Elementor"}]}},"related-bb-template":"","related-elementor-template":"","related-gutenberg-template":""},"id-70901":{"title":"Digital Product Store","id":70901,"publish-date":1670588688,"featured-image-url":"https:\/\/websitedemos.net\/wp-content\/uploads\/2022\/12\/design-resource-02.jpg","thumbnail-image-url":"https:\/\/websitedemos.net\/wp-content\/uploads\/2022\/12\/design-resource-02-600x2475.jpg","fullpage-thumbnail-image-url":"https:\/\/websitedemos.net\/wp-content\/uploads\/2022\/12\/design-resource-02-400x1650.jpg","astra-site-url":"\/\/websitedemos.net\/design-resource-02","astra-site-parent-id":3007,"astra-sites-tag":{"3011":"creative","3008":"design","670":"designer","3018":"digitalproduct","3019":"digitalstore","3009":"download","3016":"easydigitaldownload","3017":"eddplugin","3015":"freedownload","669":"freelancer","1651":"marketer","3010":"mockup","3012":"socialmedia","3013":"template","3014":"uiux"},"astra-sites-type":"free","astra-site-category":{"27":"business","39":"free"},"astra-sites-template-category":{"2777":"business","2791":"creative","2812":"digital-agency","2769":"ecommerce","2817":"technology"},"astra-site-page-builder":"elementor","categories":{"2499":"technology"},"required-plugins":[{"slug":"easy-digital-downloads","init":"easy-digital-downloads\/easy-digital-downloads.php","name":"Easy Digital Downloads"},{"slug":"elementor","init":"elementor\/elementor.php","name":"Elementor"},{"slug":"wpforms-lite","init":"wpforms-lite\/wpforms.php","name":"WPForms Lite"}],"post-status":"publish","post-content":"<!-- wp:paragraph -->\n<p>The Digital Product Store website template is a contemporary eCommerce design designed to convert using calm colors, simple design and effective typography. It\u2019s a relaxed design with frameless sections and a centralized product area to showcase your wares.<\/p>\n<!-- \/wp:paragraph -->\n\n<!-- wp:paragraph -->\n<p>The Digital Product Store template includes highlighted product areas, icon-driven navigation, testimonials, subscription option and attractive supplementary pages. The entire design can be fully customized to suit any products or type of store.<\/p>\n<!-- \/wp:paragraph -->\n\n<!-- wp:heading -->\n<h2>Key features of the Digital Product Store template<\/h2>\n<!-- \/wp:heading -->\n\n<!-- wp:list -->\n<ul><!-- wp:list-item -->\n<li>Contemporary Digital Product website design<\/li>\n<!-- \/wp:list-item -->\n\n<!-- wp:list-item -->\n<li>Calm design with engaging elements designed to convert<\/li>\n<!-- \/wp:list-item -->\n\n<!-- wp:list-item -->\n<li>Lots of product showcase options<\/li>\n<!-- \/wp:list-item -->\n\n<!-- wp:list-item -->\n<li>Can be fully customized for any type of online store<\/li>\n<!-- \/wp:list-item -->\n\n<!-- wp:list-item -->\n<li>Full compatibility with leading page builders<\/li>\n<!-- \/wp:list-item --><\/ul>\n<!-- \/wp:list -->","post-excerpt":"Contemporary digital product store template that engages right away","pages":{"id-70902":{"title":"About","featured-image-url":"https:\/\/websitedemos.net\/wp-content\/uploads\/2022\/12\/design-resource-02-about.jpg","thumbnail-image-url":"https:\/\/websitedemos.net\/wp-content\/uploads\/2022\/12\/design-resource-02-about-600x1179.jpg","astra-page-api-url":"https:\/\/websitedemos.net\/design-resource-02\/wp-json\/wp\/v2\/pages\/645","dynamic-page":"no","astra-page-url":"\/\/websitedemos.net\/design-resource-02\/about\/","astra-sites-tag":{"352":"about"},"site-pages-type":"free","site-pages-page-builder":"elementor","site-pages-category":[],"site-pages-parent-category":{"60":"business","61":"free"},"required-plugins":[{"slug":"elementor","init":"elementor\/elementor.php","name":"Elementor"},{"slug":"wpforms-lite","init":"wpforms-lite\/wpforms.php","name":"WPForms Lite"}]},"id-70905":{"title":"Premium","featured-image-url":"https:\/\/websitedemos.net\/wp-content\/uploads\/2022\/12\/design-resource-02-premium.jpg","thumbnail-image-url":"https:\/\/websitedemos.net\/wp-content\/uploads\/2022\/12\/design-resource-02-premium-600x1355.jpg","astra-page-api-url":"https:\/\/websitedemos.net\/design-resource-02\/wp-json\/wp\/v2\/pages\/901","dynamic-page":"yes","astra-page-url":"\/\/websitedemos.net\/design-resource-02\/premium\/","astra-sites-tag":{"1844":"premium"},"site-pages-type":"free","site-pages-page-builder":"elementor","site-pages-category":[],"site-pages-parent-category":{"60":"business","61":"free"},"required-plugins":[{"slug":"easy-digital-downloads","init":"easy-digital-downloads\/easy-digital-downloads.php","name":"Easy Digital Downloads"},{"slug":"elementor","init":"elementor\/elementor.php","name":"Elementor"},{"slug":"wpforms-lite","init":"wpforms-lite\/wpforms.php","name":"WPForms Lite"}]},"id-70903":{"title":"Contact","featured-image-url":"https:\/\/websitedemos.net\/wp-content\/uploads\/2022\/12\/design-resource-02-contact.jpg","thumbnail-image-url":"https:\/\/websitedemos.net\/wp-content\/uploads\/2022\/12\/design-resource-02-contact-600x1022.jpg","astra-page-api-url":"https:\/\/websitedemos.net\/design-resource-02\/wp-json\/wp\/v2\/pages\/808","dynamic-page":"no","astra-page-url":"\/\/websitedemos.net\/design-resource-02\/contact\/","astra-sites-tag":{"415":"contact"},"site-pages-type":"free","site-pages-page-builder":"elementor","site-pages-category":[],"site-pages-parent-category":{"60":"business","61":"free"},"required-plugins":[{"slug":"elementor","init":"elementor\/elementor.php","name":"Elementor"},{"slug":"wpforms-lite","init":"wpforms-lite\/wpforms.php","name":"WPForms Lite"}]},"id-70904":{"title":"Home","featured-image-url":"https:\/\/websitedemos.net\/wp-content\/uploads\/2022\/12\/design-resource-02.jpg","thumbnail-image-url":"https:\/\/websitedemos.net\/wp-content\/uploads\/2022\/12\/design-resource-02-600x2475.jpg","astra-page-api-url":"https:\/\/websitedemos.net\/design-resource-02\/wp-json\/wp\/v2\/pages\/23","dynamic-page":"yes","astra-page-url":"\/\/websitedemos.net\/design-resource-02\/","astra-sites-tag":{"423":"home"},"site-pages-type":"free","site-pages-page-builder":"elementor","site-pages-category":[],"site-pages-parent-category":{"60":"business","61":"free"},"required-plugins":[{"slug":"easy-digital-downloads","init":"easy-digital-downloads\/easy-digital-downloads.php","name":"Easy Digital Downloads"},{"slug":"elementor","init":"elementor\/elementor.php","name":"Elementor"},{"slug":"wpforms-lite","init":"wpforms-lite\/wpforms.php","name":"WPForms Lite"}]}},"related-bb-template":"","related-elementor-template":"","related-gutenberg-template":""},"id-69418":{"title":"Be Bold","id":69418,"publish-date":1663781995,"featured-image-url":"https:\/\/websitedemos.net\/wp-content\/uploads\/2022\/09\/be-bold-beauty-store-04.jpg","thumbnail-image-url":"https:\/\/websitedemos.net\/wp-content\/uploads\/2022\/09\/be-bold-beauty-store-04-600x2255.jpg","fullpage-thumbnail-image-url":"https:\/\/websitedemos.net\/wp-content\/uploads\/2022\/09\/be-bold-beauty-store-04-400x1503.jpg","astra-site-url":"\/\/websitedemos.net\/be-bold-beauty-store-04","astra-site-parent-id":2910,"astra-sites-tag":{"1023":"beauty","1465":"beauty-products","2384":"beauty-products-store","1466":"cosmetic-products","1464":"cosmetic-store","1463":"cosmetics","496":"ecommerce","1817":"ecommerce-store","383":"online-store","749":"store","1024":"woocommerce"},"astra-sites-type":"agency-mini","astra-site-category":{"38":"ecommerce"},"astra-sites-template-category":{"2790":"beauty-fashion","2769":"ecommerce","2890":"makeup-cosmetic","2857":"online-shopping"},"astra-site-page-builder":"elementor","categories":{"2479":"beauty","2495":"ecommerce"},"required-plugins":[{"slug":"cartflows","init":"cartflows\/cartflows.php","name":"CartFlows"},{"slug":"elementor","init":"elementor\/elementor.php","name":"Elementor"},{"slug":"woocommerce","init":"woocommerce\/woocommerce.php","name":"WooCommerce"},{"slug":"wpforms-lite","init":"wpforms-lite\/wpforms.php","name":"WPForms Lite"}],"post-status":"publish","post-content":"<!-- wp:paragraph -->\n<p>The Be Bold template reflects the quality of many successful stores, well-chosen colors and fonts, confidence-inspiring feel and a genuine elegance that inspires you to purchase.<\/p>\n<!-- \/wp:paragraph -->\n\n<!-- wp:paragraph -->\n<p>This is a full width template that uses every inch of screen to help create that image of a lifestyle. Amazing images, attractive product showcases and parallax effects help create the same feeling you get from well-known brand stores. All designed to help you convert.<\/p>\n<!-- \/wp:paragraph -->\n\n<!-- wp:heading -->\n<h2>Key features of the Be Bold template<\/h2>\n<!-- \/wp:heading -->\n\n<!-- wp:list -->\n<ul><li>Professional-quality eCommerce template<\/li><li>Superb use of colors and fonts<\/li><li>Designed to sell using images<\/li><li>Awesome layout and design<\/li><li>Full compatibility with leading page builders<\/li><\/ul>\n<!-- \/wp:list -->","post-excerpt":"Upscale eCommerce template that inspires confidence and encourages you to buy","pages":{"id-69419":{"title":"About","featured-image-url":"https:\/\/websitedemos.net\/wp-content\/uploads\/2022\/09\/be-bold-beauty-store-04-about.jpg","thumbnail-image-url":"https:\/\/websitedemos.net\/wp-content\/uploads\/2022\/09\/be-bold-beauty-store-04-about-600x1530.jpg","astra-page-api-url":"https:\/\/websitedemos.net\/be-bold-beauty-store-04\/wp-json\/wp\/v2\/pages\/35","dynamic-page":"no","astra-page-url":"\/\/websitedemos.net\/be-bold-beauty-store-04\/about\/","astra-sites-tag":{"352":"about"},"site-pages-type":"agency-mini","site-pages-page-builder":"elementor","site-pages-category":[],"site-pages-parent-category":{"64":"ecommerce"},"required-plugins":[{"slug":"elementor","init":"elementor\/elementor.php","name":"Elementor"}]},"id-69420":{"title":"Contact","featured-image-url":"https:\/\/websitedemos.net\/wp-content\/uploads\/2022\/09\/be-bold-beauty-store-04-contact.jpg","thumbnail-image-url":"https:\/\/websitedemos.net\/wp-content\/uploads\/2022\/09\/be-bold-beauty-store-04-contact-600x992.jpg","astra-page-api-url":"https:\/\/websitedemos.net\/be-bold-beauty-store-04\/wp-json\/wp\/v2\/pages\/37","dynamic-page":"no","astra-page-url":"\/\/websitedemos.net\/be-bold-beauty-store-04\/contact\/","astra-sites-tag":{"415":"contact"},"site-pages-type":"agency-mini","site-pages-page-builder":"elementor","site-pages-category":[],"site-pages-parent-category":{"64":"ecommerce"},"required-plugins":[{"slug":"elementor","init":"elementor\/elementor.php","name":"Elementor"},{"slug":"wpforms-lite","init":"wpforms-lite\/wpforms.php","name":"WPForms Lite"}]},"id-69421":{"title":"Home","featured-image-url":"https:\/\/websitedemos.net\/wp-content\/uploads\/2022\/09\/be-bold-beauty-store-04.jpg","thumbnail-image-url":"https:\/\/websitedemos.net\/wp-content\/uploads\/2022\/09\/be-bold-beauty-store-04-600x2255.jpg","astra-page-api-url":"https:\/\/websitedemos.net\/be-bold-beauty-store-04\/wp-json\/wp\/v2\/pages\/32","dynamic-page":"yes","astra-page-url":"\/\/websitedemos.net\/be-bold-beauty-store-04\/","astra-sites-tag":{"423":"home"},"site-pages-type":"agency-mini","site-pages-page-builder":"elementor","site-pages-category":[],"site-pages-parent-category":{"64":"ecommerce"},"required-plugins":[{"slug":"elementor","init":"elementor\/elementor.php","name":"Elementor"},{"slug":"woocommerce","init":"woocommerce\/woocommerce.php","name":"WooCommerce"}]}},"related-bb-template":"","related-elementor-template":"","related-gutenberg-template":""}}