{"id-47052":{"title":"Elderly Home","id":47052,"publish-date":1597077645,"featured-image-url":"https:\/\/websitedemos.net\/wp-content\/uploads\/2020\/08\/elderly-care-02.jpg","thumbnail-image-url":"https:\/\/websitedemos.net\/wp-content\/uploads\/2020\/08\/elderly-care-02.jpg","fullpage-thumbnail-image-url":"https:\/\/websitedemos.net\/wp-content\/uploads\/2020\/08\/elderly-care-02.jpg","astra-site-url":"\/\/websitedemos.net\/elderly-care-02","astra-site-parent-id":1593,"astra-sites-tag":{"1598":"assisted-living-facility","1596":"elder-home","1595":"elders-care","1594":"old-age-home","1597":"retirement-home"},"astra-sites-type":"free","astra-site-category":{"36":"other"},"astra-sites-template-category":{"2777":"business","2872":"donation-fundraiser","2834":"healthcare","2871":"ngo"},"astra-site-page-builder":"elementor","categories":{"2492":"non-profit"},"required-plugins":[{"slug":"elementor","init":"elementor\/elementor.php","name":"Elementor"},{"slug":"header-footer-elementor","init":"header-footer-elementor\/header-footer-elementor.php","name":"Elementor - Header, Footer & Blocks"},{"slug":"wpforms-lite","init":"wpforms-lite\/wpforms.php","name":"WPForms Lite"}],"post-status":"publish","post-content":"<!-- wp:paragraph -->\n<p>The Elderly Home template has a friendly feel with a full screen image and calm colors throughout. The homepage opens with a full screen image and contact details front and center before unfolding into a white background with a selection of relevant content areas.<\/p>\n<!-- \/wp:paragraph -->\n\n<!-- wp:paragraph -->\n<p>The template has been aimed at nursing and care homes and uses a number of flexible content areas, graphics and images to tell the story. There\u2019s also a modest parallax effect, some nice animations and information boxes to help engage readers, ideal for any business.<\/p>\n<!-- \/wp:paragraph -->\n\n<!-- wp:heading -->\n<h2>Key features of the Elderly Home template<\/h2>\n<!-- \/wp:heading -->\n\n<!-- wp:list -->\n<ul><li>Friendly, welcoming feel ideal for the elderly care niche<\/li><li>Calm colors with a mixture of full page areas and white backgrounds<\/li><li>Flexible content areas throughout<\/li><li>Subtle page effects elevate the experience<\/li><li>Full compatibility with leading page builders<\/li><\/ul>\n<!-- \/wp:list -->","post-excerpt":"Friendly and welcoming web template for nursing homes and elderly care","pages":{"id-47056":{"title":"Home","featured-image-url":"https:\/\/websitedemos.net\/wp-content\/uploads\/2020\/08\/elderly-care-02.jpg","thumbnail-image-url":"https:\/\/websitedemos.net\/wp-content\/uploads\/2020\/08\/elderly-care-02.jpg","astra-page-api-url":"https:\/\/websitedemos.net\/elderly-care-02\/wp-json\/wp\/v2\/pages\/6","dynamic-page":"no","astra-page-url":"\/\/websitedemos.net\/elderly-care-02\/","astra-sites-tag":{"423":"home"},"site-pages-type":"free","site-pages-page-builder":"elementor","site-pages-category":[],"site-pages-parent-category":{"139":"other"},"required-plugins":[{"slug":"elementor","init":"elementor\/elementor.php","name":"Elementor"},{"slug":"wpforms-lite","init":"wpforms-lite\/wpforms.php","name":"WPForms Lite"}]},"id-47053":{"title":"About","featured-image-url":"https:\/\/websitedemos.net\/wp-content\/uploads\/2020\/08\/elderly-care-02-about.jpg","thumbnail-image-url":"https:\/\/websitedemos.net\/wp-content\/uploads\/2020\/08\/elderly-care-02-about.jpg","astra-page-api-url":"https:\/\/websitedemos.net\/elderly-care-02\/wp-json\/wp\/v2\/pages\/10","dynamic-page":"no","astra-page-url":"\/\/websitedemos.net\/elderly-care-02\/about\/","astra-sites-tag":{"352":"about"},"site-pages-type":"free","site-pages-page-builder":"elementor","site-pages-category":[],"site-pages-parent-category":{"139":"other"},"required-plugins":[{"slug":"elementor","init":"elementor\/elementor.php","name":"Elementor"}]},"id-47057":{"title":"Services","featured-image-url":"https:\/\/websitedemos.net\/wp-content\/uploads\/2020\/08\/elderly-care-02-services.jpg","thumbnail-image-url":"https:\/\/websitedemos.net\/wp-content\/uploads\/2020\/08\/elderly-care-02-services.jpg","astra-page-api-url":"https:\/\/websitedemos.net\/elderly-care-02\/wp-json\/wp\/v2\/pages\/16","dynamic-page":"no","astra-page-url":"\/\/websitedemos.net\/elderly-care-02\/services\/","astra-sites-tag":{"425":"services"},"site-pages-type":"free","site-pages-page-builder":"elementor","site-pages-category":[],"site-pages-parent-category":{"139":"other"},"required-plugins":[{"slug":"elementor","init":"elementor\/elementor.php","name":"Elementor"}]},"id-47055":{"title":"Facilities","featured-image-url":"https:\/\/websitedemos.net\/wp-content\/uploads\/2020\/08\/elderly-care-02-facilities.jpg","thumbnail-image-url":"https:\/\/websitedemos.net\/wp-content\/uploads\/2020\/08\/elderly-care-02-facilities.jpg","astra-page-api-url":"https:\/\/websitedemos.net\/elderly-care-02\/wp-json\/wp\/v2\/pages\/19","dynamic-page":"no","astra-page-url":"\/\/websitedemos.net\/elderly-care-02\/facilities\/","astra-sites-tag":{"1599":"facilities"},"site-pages-type":"free","site-pages-page-builder":"elementor","site-pages-category":[],"site-pages-parent-category":{"139":"other"},"required-plugins":[{"slug":"elementor","init":"elementor\/elementor.php","name":"Elementor"}]},"id-47054":{"title":"Contact","featured-image-url":"https:\/\/websitedemos.net\/wp-content\/uploads\/2020\/08\/elderly-care-02-contact.jpg","thumbnail-image-url":"https:\/\/websitedemos.net\/wp-content\/uploads\/2020\/08\/elderly-care-02-contact.jpg","astra-page-api-url":"https:\/\/websitedemos.net\/elderly-care-02\/wp-json\/wp\/v2\/pages\/13","dynamic-page":"no","astra-page-url":"\/\/websitedemos.net\/elderly-care-02\/contact\/","astra-sites-tag":{"415":"contact","454":"contact-us","896":"get-connected","377":"get-in-touch"},"site-pages-type":"free","site-pages-page-builder":"elementor","site-pages-category":[],"site-pages-parent-category":{"139":"other"},"required-plugins":[{"slug":"elementor","init":"elementor\/elementor.php","name":"Elementor"},{"slug":"wpforms-lite","init":"wpforms-lite\/wpforms.php","name":"WPForms Lite"}]}},"related-bb-template":"","related-elementor-template":47052,"related-gutenberg-template":48519},"id-48519":{"title":"Elderly Home","id":48519,"publish-date":1603984628,"featured-image-url":"https:\/\/websitedemos.net\/wp-content\/uploads\/2020\/10\/elderly-care-08.jpg","thumbnail-image-url":"https:\/\/websitedemos.net\/wp-content\/uploads\/2020\/10\/elderly-care-08-600x2326.jpg","fullpage-thumbnail-image-url":"https:\/\/websitedemos.net\/wp-content\/uploads\/2020\/10\/elderly-care-08-400x1551.jpg","astra-site-url":"\/\/websitedemos.net\/elderly-care-08","astra-site-parent-id":1744,"astra-sites-tag":{"1598":"assisted-living-facility","1596":"elder-home","1595":"elders-care","1594":"old-age-home","1597":"retirement-home"},"astra-sites-type":"free","astra-site-category":{"27":"business","39":"free"},"astra-sites-template-category":[],"astra-site-page-builder":"gutenberg","categories":{"2492":"non-profit"},"required-plugins":[{"slug":"wpforms-lite","init":"wpforms-lite\/wpforms.php","name":"WPForms Lite"},{"slug":"ultimate-addons-for-gutenberg","init":"ultimate-addons-for-gutenberg\/ultimate-addons-for-gutenberg.php","name":"Spectra"}],"post-status":"publish","post-content":"","post-excerpt":"","pages":{"id-48523":{"title":"Home","featured-image-url":"https:\/\/websitedemos.net\/wp-content\/uploads\/2020\/10\/elderly-care-08.jpg","thumbnail-image-url":"https:\/\/websitedemos.net\/wp-content\/uploads\/2020\/10\/elderly-care-08-600x2326.jpg","astra-page-api-url":"https:\/\/websitedemos.net\/elderly-care-08\/wp-json\/wp\/v2\/pages\/6","dynamic-page":"no","astra-page-url":"\/\/websitedemos.net\/elderly-care-08\/","astra-sites-tag":{"423":"home"},"site-pages-type":"free","site-pages-page-builder":"gutenberg","site-pages-category":[],"site-pages-parent-category":{"60":"business","61":"free"},"required-plugins":[{"slug":"ultimate-addons-for-gutenberg","init":"ultimate-addons-for-gutenberg\/ultimate-addons-for-gutenberg.php","name":"Spectra"},{"slug":"wpforms-lite","init":"wpforms-lite\/wpforms.php","name":"WPForms Lite"}]},"id-48520":{"title":"About","featured-image-url":"https:\/\/websitedemos.net\/wp-content\/uploads\/2020\/10\/elderly-care-08-about-1.jpg","thumbnail-image-url":"https:\/\/websitedemos.net\/wp-content\/uploads\/2020\/10\/elderly-care-08-about-1-600x1670.jpg","astra-page-api-url":"https:\/\/websitedemos.net\/elderly-care-08\/wp-json\/wp\/v2\/pages\/7","dynamic-page":"no","astra-page-url":"\/\/websitedemos.net\/elderly-care-08\/about\/","astra-sites-tag":{"352":"about"},"site-pages-type":"free","site-pages-page-builder":"gutenberg","site-pages-category":[],"site-pages-parent-category":{"60":"business","61":"free"},"required-plugins":[{"slug":"ultimate-addons-for-gutenberg","init":"ultimate-addons-for-gutenberg\/ultimate-addons-for-gutenberg.php","name":"Spectra"}]},"id-48524":{"title":"Services","featured-image-url":"https:\/\/websitedemos.net\/wp-content\/uploads\/2020\/10\/elderly-care-08-services-1.jpg","thumbnail-image-url":"https:\/\/websitedemos.net\/wp-content\/uploads\/2020\/10\/elderly-care-08-services-1-600x2083.jpg","astra-page-api-url":"https:\/\/websitedemos.net\/elderly-care-08\/wp-json\/wp\/v2\/pages\/8","dynamic-page":"no","astra-page-url":"\/\/websitedemos.net\/elderly-care-08\/services\/","astra-sites-tag":{"425":"services"},"site-pages-type":"free","site-pages-page-builder":"gutenberg","site-pages-category":[],"site-pages-parent-category":{"60":"business","61":"free"},"required-plugins":[{"slug":"ultimate-addons-for-gutenberg","init":"ultimate-addons-for-gutenberg\/ultimate-addons-for-gutenberg.php","name":"Spectra"}]},"id-48522":{"title":"Facilities","featured-image-url":"https:\/\/websitedemos.net\/wp-content\/uploads\/2020\/10\/elderly-care-08-facilities-1.jpg","thumbnail-image-url":"https:\/\/websitedemos.net\/wp-content\/uploads\/2020\/10\/elderly-care-08-facilities-1-600x1725.jpg","astra-page-api-url":"https:\/\/websitedemos.net\/elderly-care-08\/wp-json\/wp\/v2\/pages\/9","dynamic-page":"no","astra-page-url":"\/\/websitedemos.net\/elderly-care-08\/facilities\/","astra-sites-tag":{"1599":"facilities"},"site-pages-type":"free","site-pages-page-builder":"gutenberg","site-pages-category":[],"site-pages-parent-category":{"60":"business","61":"free"},"required-plugins":[{"slug":"ultimate-addons-for-gutenberg","init":"ultimate-addons-for-gutenberg\/ultimate-addons-for-gutenberg.php","name":"Spectra"}]},"id-48521":{"title":"Contact","featured-image-url":"https:\/\/websitedemos.net\/wp-content\/uploads\/2020\/10\/elderly-care-08-contact-1.jpg","thumbnail-image-url":"https:\/\/websitedemos.net\/wp-content\/uploads\/2020\/10\/elderly-care-08-contact-1-600x1222.jpg","astra-page-api-url":"https:\/\/websitedemos.net\/elderly-care-08\/wp-json\/wp\/v2\/pages\/10","dynamic-page":"no","astra-page-url":"\/\/websitedemos.net\/elderly-care-08\/contact\/","astra-sites-tag":{"415":"contact"},"site-pages-type":"free","site-pages-page-builder":"gutenberg","site-pages-category":[],"site-pages-parent-category":{"60":"business","61":"free"},"required-plugins":[{"slug":"ultimate-addons-for-gutenberg","init":"ultimate-addons-for-gutenberg\/ultimate-addons-for-gutenberg.php","name":"Spectra"},{"slug":"wpforms-lite","init":"wpforms-lite\/wpforms.php","name":"WPForms Lite"}]}},"related-bb-template":"","related-elementor-template":"","related-gutenberg-template":""},"id-47084":{"title":"Horticulture","id":47084,"publish-date":1597154802,"featured-image-url":"https:\/\/websitedemos.net\/wp-content\/uploads\/2020\/08\/horticulture-02.jpg","thumbnail-image-url":"https:\/\/websitedemos.net\/wp-content\/uploads\/2020\/08\/horticulture-02.jpg","fullpage-thumbnail-image-url":"https:\/\/websitedemos.net\/wp-content\/uploads\/2020\/08\/horticulture-02.jpg","astra-site-url":"\/\/websitedemos.net\/horticulture-02","astra-site-parent-id":1600,"astra-sites-tag":{"1601":"agriculture","1603":"farm-products","632":"farming","1602":"horticulture"},"astra-sites-type":"free","astra-site-category":{"27":"business","39":"free"},"astra-sites-template-category":{"2777":"business","2830":"nature"},"astra-site-page-builder":"elementor","categories":{"2476":"gardening"},"required-plugins":[{"slug":"elementor","init":"elementor\/elementor.php","name":"Elementor"},{"slug":"wpforms-lite","init":"wpforms-lite\/wpforms.php","name":"WPForms Lite"}],"post-status":"publish","post-content":"<!-- wp:paragraph -->\n<p>The Horticulture template uses a standard business layout but elevates it with some great images, green contrast color and a nice layout. It\u2019s a calm design reminiscent of plants and growing and creates an atmosphere you want to indulge in for a little longer.<\/p>\n<!-- \/wp:paragraph -->\n\n<!-- wp:paragraph -->\n<p>The design starts with a full width image before opening out into a white background with flexible content areas to share products and services, tell your story, showcase reviews and anything else you might want. Everything can be customized to suit your particular needs.<\/p>\n<!-- \/wp:paragraph -->\n\n<!-- wp:heading -->\n<h2>Key features of the Horticulture template<\/h2>\n<!-- \/wp:heading -->\n\n<!-- wp:list -->\n<ul><li>Calming website template ideal for the horticulture niche<\/li><li>Laid back feel with flexible content areas<\/li><li>Can be easily customized to fit any industry<\/li><li>Readymade pages for a fully working website<\/li><li>Full compatibility with leading page builders<\/li><\/ul>\n<!-- \/wp:list -->","post-excerpt":"Calming web template ideal for growers, farmers and nursery businesses","pages":{"id-47086":{"title":"Home","featured-image-url":"https:\/\/websitedemos.net\/wp-content\/uploads\/2020\/08\/horticulture-02.jpg","thumbnail-image-url":"https:\/\/websitedemos.net\/wp-content\/uploads\/2020\/08\/horticulture-02.jpg","astra-page-api-url":"https:\/\/websitedemos.net\/horticulture-02\/wp-json\/wp\/v2\/pages\/14","dynamic-page":"no","astra-page-url":"\/\/websitedemos.net\/horticulture-02\/","astra-sites-tag":{"423":"home","814":"homepage"},"site-pages-type":"free","site-pages-page-builder":"elementor","site-pages-category":[],"site-pages-parent-category":{"60":"business","61":"free"},"required-plugins":[{"slug":"elementor","init":"elementor\/elementor.php","name":"Elementor"}]},"id-47087":{"title":"Our Farm","featured-image-url":"https:\/\/websitedemos.net\/wp-content\/uploads\/2020\/08\/horticulture-02-our-farm.jpg","thumbnail-image-url":"https:\/\/websitedemos.net\/wp-content\/uploads\/2020\/08\/horticulture-02-our-farm.jpg","astra-page-api-url":"https:\/\/websitedemos.net\/horticulture-02\/wp-json\/wp\/v2\/pages\/92","dynamic-page":"no","astra-page-url":"\/\/websitedemos.net\/horticulture-02\/our-farm\/","astra-sites-tag":{"352":"about","455":"about-us"},"site-pages-type":"free","site-pages-page-builder":"elementor","site-pages-category":[],"site-pages-parent-category":{"60":"business","61":"free"},"required-plugins":[{"slug":"elementor","init":"elementor\/elementor.php","name":"Elementor"}]},"id-47088":{"title":"Our Produce","featured-image-url":"https:\/\/websitedemos.net\/wp-content\/uploads\/2020\/08\/horticulture-02-our-produce.jpg","thumbnail-image-url":"https:\/\/websitedemos.net\/wp-content\/uploads\/2020\/08\/horticulture-02-our-produce.jpg","astra-page-api-url":"https:\/\/websitedemos.net\/horticulture-02\/wp-json\/wp\/v2\/pages\/119","dynamic-page":"no","astra-page-url":"\/\/websitedemos.net\/horticulture-02\/our-produce\/","astra-sites-tag":{"1606":"our-products","1605":"our-services","540":"products"},"site-pages-type":"free","site-pages-page-builder":"elementor","site-pages-category":[],"site-pages-parent-category":{"60":"business","61":"free"},"required-plugins":[{"slug":"elementor","init":"elementor\/elementor.php","name":"Elementor"}]},"id-47089":{"title":"Testimonial","featured-image-url":"https:\/\/websitedemos.net\/wp-content\/uploads\/2020\/08\/horticulture-02-testimonial.jpg","thumbnail-image-url":"https:\/\/websitedemos.net\/wp-content\/uploads\/2020\/08\/horticulture-02-testimonial.jpg","astra-page-api-url":"https:\/\/websitedemos.net\/horticulture-02\/wp-json\/wp\/v2\/pages\/137","dynamic-page":"no","astra-page-url":"\/\/websitedemos.net\/horticulture-02\/testimonial\/","astra-sites-tag":{"432":"review","433":"testimonials"},"site-pages-type":"free","site-pages-page-builder":"elementor","site-pages-category":[],"site-pages-parent-category":{"60":"business","61":"free"},"required-plugins":[{"slug":"elementor","init":"elementor\/elementor.php","name":"Elementor"}]},"id-47085":{"title":"Contact Us","featured-image-url":"https:\/\/websitedemos.net\/wp-content\/uploads\/2020\/08\/horticulture-02-contact-us.jpg","thumbnail-image-url":"https:\/\/websitedemos.net\/wp-content\/uploads\/2020\/08\/horticulture-02-contact-us.jpg","astra-page-api-url":"https:\/\/websitedemos.net\/horticulture-02\/wp-json\/wp\/v2\/pages\/145","dynamic-page":"no","astra-page-url":"\/\/websitedemos.net\/horticulture-02\/contact-us\/","astra-sites-tag":{"415":"contact","454":"contact-us","896":"get-connected","377":"get-in-touch"},"site-pages-type":"free","site-pages-page-builder":"elementor","site-pages-category":[],"site-pages-parent-category":{"60":"business","61":"free"},"required-plugins":[{"slug":"elementor","init":"elementor\/elementor.php","name":"Elementor"},{"slug":"wpforms-lite","init":"wpforms-lite\/wpforms.php","name":"WPForms Lite"}]}},"related-bb-template":"","related-elementor-template":47084,"related-gutenberg-template":47723},"id-47723":{"title":"Horticulture","id":47723,"publish-date":1603821508,"featured-image-url":"https:\/\/websitedemos.net\/wp-content\/uploads\/2020\/10\/horticulture-08-1.jpg","thumbnail-image-url":"https:\/\/websitedemos.net\/wp-content\/uploads\/2020\/10\/horticulture-08-1-600x2409.jpg","fullpage-thumbnail-image-url":"https:\/\/websitedemos.net\/wp-content\/uploads\/2020\/10\/horticulture-08-1-400x1606.jpg","astra-site-url":"\/\/websitedemos.net\/horticulture-08","astra-site-parent-id":1669,"astra-sites-tag":{"1601":"agriculture","1603":"farm-products","632":"farming","1602":"horticulture"},"astra-sites-type":"free","astra-site-category":{"27":"business","39":"free"},"astra-sites-template-category":[],"astra-site-page-builder":"gutenberg","categories":{"2476":"gardening"},"required-plugins":[{"slug":"ultimate-addons-for-gutenberg","init":"ultimate-addons-for-gutenberg\/ultimate-addons-for-gutenberg.php","name":"Spectra"},{"slug":"astra-widgets","init":"astra-widgets\/astra-widgets.php","name":"Astra Widgets"},{"slug":"wpforms-lite","init":"wpforms-lite\/wpforms.php","name":"WPForms Lite"}],"post-status":"publish","post-content":"","post-excerpt":"","pages":{"id-47725":{"title":"Home","featured-image-url":"https:\/\/websitedemos.net\/wp-content\/uploads\/2020\/10\/horticulture-08-1.jpg","thumbnail-image-url":"https:\/\/websitedemos.net\/wp-content\/uploads\/2020\/10\/horticulture-08-1-600x2409.jpg","astra-page-api-url":"https:\/\/websitedemos.net\/horticulture-08\/wp-json\/wp\/v2\/pages\/5","dynamic-page":"no","astra-page-url":"\/\/websitedemos.net\/horticulture-08\/","astra-sites-tag":{"423":"home"},"site-pages-type":"free","site-pages-page-builder":"gutenberg","site-pages-category":[],"site-pages-parent-category":{"60":"business","61":"free"},"required-plugins":[{"slug":"ultimate-addons-for-gutenberg","init":"ultimate-addons-for-gutenberg\/ultimate-addons-for-gutenberg.php","name":"Spectra"},{"slug":"wpforms-lite","init":"wpforms-lite\/wpforms.php","name":"WPForms Lite"}]},"id-47726":{"title":"Our Farm","featured-image-url":"https:\/\/websitedemos.net\/wp-content\/uploads\/2020\/10\/horticulture-08-farm.jpg","thumbnail-image-url":"https:\/\/websitedemos.net\/wp-content\/uploads\/2020\/10\/horticulture-08-farm-600x2178.jpg","astra-page-api-url":"https:\/\/websitedemos.net\/horticulture-08\/wp-json\/wp\/v2\/pages\/6","dynamic-page":"no","astra-page-url":"\/\/websitedemos.net\/horticulture-08\/our-farm\/","astra-sites-tag":{"1737":"farm","1736":"our-farm"},"site-pages-type":"free","site-pages-page-builder":"gutenberg","site-pages-category":[],"site-pages-parent-category":{"60":"business","61":"free"},"required-plugins":[{"slug":"ultimate-addons-for-gutenberg","init":"ultimate-addons-for-gutenberg\/ultimate-addons-for-gutenberg.php","name":"Spectra"},{"slug":"wpforms-lite","init":"wpforms-lite\/wpforms.php","name":"WPForms Lite"}]},"id-47727":{"title":"Our Produce","featured-image-url":"https:\/\/websitedemos.net\/wp-content\/uploads\/2020\/10\/horticulture-08-produce.jpg","thumbnail-image-url":"https:\/\/websitedemos.net\/wp-content\/uploads\/2020\/10\/horticulture-08-produce-600x1790.jpg","astra-page-api-url":"https:\/\/websitedemos.net\/horticulture-08\/wp-json\/wp\/v2\/pages\/7","dynamic-page":"no","astra-page-url":"\/\/websitedemos.net\/horticulture-08\/our-produce\/","astra-sites-tag":{"1606":"our-products"},"site-pages-type":"free","site-pages-page-builder":"gutenberg","site-pages-category":[],"site-pages-parent-category":{"60":"business","61":"free"},"required-plugins":[{"slug":"ultimate-addons-for-gutenberg","init":"ultimate-addons-for-gutenberg\/ultimate-addons-for-gutenberg.php","name":"Spectra"},{"slug":"wpforms-lite","init":"wpforms-lite\/wpforms.php","name":"WPForms Lite"}]},"id-47728":{"title":"Testimonials","featured-image-url":"https:\/\/websitedemos.net\/wp-content\/uploads\/2020\/10\/horticulture-08-testimonials-1.jpg","thumbnail-image-url":"https:\/\/websitedemos.net\/wp-content\/uploads\/2020\/10\/horticulture-08-testimonials-1-600x1433.jpg","astra-page-api-url":"https:\/\/websitedemos.net\/horticulture-08\/wp-json\/wp\/v2\/pages\/8","dynamic-page":"no","astra-page-url":"\/\/websitedemos.net\/horticulture-08\/testimonials\/","astra-sites-tag":{"1738":"feedbacks","432":"review","433":"testimonials"},"site-pages-type":"free","site-pages-page-builder":"gutenberg","site-pages-category":[],"site-pages-parent-category":{"60":"business","61":"free"},"required-plugins":[{"slug":"ultimate-addons-for-gutenberg","init":"ultimate-addons-for-gutenberg\/ultimate-addons-for-gutenberg.php","name":"Spectra"},{"slug":"wpforms-lite","init":"wpforms-lite\/wpforms.php","name":"WPForms Lite"}]},"id-47724":{"title":"Contact Us","featured-image-url":"https:\/\/websitedemos.net\/wp-content\/uploads\/2020\/10\/horticulture-08-contact.jpg","thumbnail-image-url":"https:\/\/websitedemos.net\/wp-content\/uploads\/2020\/10\/horticulture-08-contact-600x1263.jpg","astra-page-api-url":"https:\/\/websitedemos.net\/horticulture-08\/wp-json\/wp\/v2\/pages\/9","dynamic-page":"no","astra-page-url":"\/\/websitedemos.net\/horticulture-08\/contact-us\/","astra-sites-tag":{"415":"contact"},"site-pages-type":"free","site-pages-page-builder":"gutenberg","site-pages-category":[],"site-pages-parent-category":{"60":"business","61":"free"},"required-plugins":[{"slug":"ultimate-addons-for-gutenberg","init":"ultimate-addons-for-gutenberg\/ultimate-addons-for-gutenberg.php","name":"Spectra"},{"slug":"wpforms-lite","init":"wpforms-lite\/wpforms.php","name":"WPForms Lite"}]}},"related-bb-template":"","related-elementor-template":"","related-gutenberg-template":""},"id-46988":{"title":"AppPlus","id":46988,"publish-date":1596732885,"featured-image-url":"https:\/\/websitedemos.net\/wp-content\/uploads\/2020\/08\/app-landing-page-04.jpg","thumbnail-image-url":"https:\/\/websitedemos.net\/wp-content\/uploads\/2020\/08\/app-landing-page-04.jpg","fullpage-thumbnail-image-url":"https:\/\/websitedemos.net\/wp-content\/uploads\/2020\/08\/app-landing-page-04.jpg","astra-site-url":"\/\/websitedemos.net\/app-landing-page-04","astra-site-parent-id":1581,"astra-sites-tag":{"1583":"app-landing-page","423":"home","850":"landing-page","629":"product-landing-page"},"astra-sites-type":"agency-mini","astra-site-category":{"27":"business"},"astra-sites-template-category":{"2777":"business","2863":"landing-page","2881":"mobile-app","2771":"one-page"},"astra-site-page-builder":"elementor","categories":{"2927":"one-page","2499":"technology"},"required-plugins":[{"slug":"elementor","init":"elementor\/elementor.php","name":"Elementor"}],"post-status":"publish","post-content":"<!-- wp:paragraph -->\n<p>The AppPlus template uses bold design to create that initial first impression with a modern feel reminiscent of technology such as apps. It\u2019s a full page design with instructive header with bold headline and app store links and alternating pink and purple colorway.<\/p>\n<!-- \/wp:paragraph -->\n\n<!-- wp:paragraph -->\n<p>This is a strong design and would work amazingly well for tech. The homepage has flexible content areas to tell your story as well as showcase the app. It can work with WooCommerce to sell merch and products and include those app store links for simple downloads.<\/p>\n<!-- \/wp:paragraph -->\n\n<!-- wp:heading -->\n<h2>Key features of the AppPlus template<\/h2>\n<!-- \/wp:heading -->\n\n<!-- wp:list -->\n<ul><li>Powerful web template ideal for tech and disruptive businesses<\/li><li>Full page design keeps your attention throughout<\/li><li>Flexible content areas to tell stories and promote products<\/li><li>Create an online store or enable digital downloads<\/li><li>Full compatibility with leading page builders<\/li><\/ul>\n<!-- \/wp:list -->","post-excerpt":"Powerful web template tailor made for tech, apps and modern business websites","pages":{"id-46989":{"title":"Landing Page","featured-image-url":"https:\/\/websitedemos.net\/wp-content\/uploads\/2020\/08\/app-landing-page-04.jpg","thumbnail-image-url":"https:\/\/websitedemos.net\/wp-content\/uploads\/2020\/08\/app-landing-page-04.jpg","astra-page-api-url":"https:\/\/websitedemos.net\/app-landing-page-04\/wp-json\/wp\/v2\/pages\/6","dynamic-page":"no","astra-page-url":"\/\/websitedemos.net\/app-landing-page-04\/","astra-sites-tag":{"1582":"download-page","850":"landing-page","629":"product-landing-page"},"site-pages-type":"agency-mini","site-pages-page-builder":"elementor","site-pages-category":[],"site-pages-parent-category":{"60":"business"},"required-plugins":[{"slug":"elementor","init":"elementor\/elementor.php","name":"Elementor"}]}},"related-bb-template":"","related-elementor-template":"","related-gutenberg-template":""},"id-45850":{"title":"School &amp; Kindergarten","id":45850,"publish-date":1586952785,"featured-image-url":"https:\/\/websitedemos.net\/wp-content\/uploads\/2020\/04\/school-kindergarten-04.jpg","thumbnail-image-url":"https:\/\/websitedemos.net\/wp-content\/uploads\/2020\/04\/school-kindergarten-04.jpg","fullpage-thumbnail-image-url":"https:\/\/websitedemos.net\/wp-content\/uploads\/2020\/04\/school-kindergarten-04.jpg","astra-site-url":"\/\/websitedemos.net\/school-kindergarten-04","astra-site-parent-id":1487,"astra-sites-tag":{"459":"education","1490":"kids","617":"kindergarten","460":"learning","456":"school"},"astra-sites-type":"agency-mini","astra-site-category":{"27":"business"},"astra-sites-template-category":{"2777":"business","2772":"education","2862":"preschool-kindergarten","2782":"school"},"astra-site-page-builder":"elementor","categories":{"2491":"educational-institutes"},"required-plugins":[{"slug":"elementor","init":"elementor\/elementor.php","name":"Elementor"},{"slug":"wpforms-lite","init":"wpforms-lite\/wpforms.php","name":"WPForms Lite"}],"post-status":"publish","post-content":"<!-- wp:paragraph -->\n<p>The School &amp; Kindergarten website template is a bright and energetic design that reflects its target market. It\u2019s friendly, vibrant and inclusive, exactly what you want to see. Using bold colors, handwritten fonts and attractive graphics, it\u2019s perfect for this niche.<\/p>\n<!-- \/wp:paragraph -->\n\n<!-- wp:paragraph -->\n<p>The homepage uses bright colors and simple content areas with a few great images to tell the story. It includes areas for classes, testimonials, a gallery, FAQs and contact form, all the things you want to see on a business website. It\u2019s perfect for the learning industry!<\/p>\n<!-- \/wp:paragraph -->\n\n<!-- wp:heading -->\n<h2>Key features of the School &amp; Kindergarten template<\/h2>\n<!-- \/wp:heading -->\n\n<!-- wp:list -->\n<ul><li>Bright, energetic design ideal for the target market<\/li><li>Full page design with colorful backgrounds and attractive fonts<\/li><li>Flexible content areas configured to be instantly useful for the niche<\/li><li>Extra pages all reflect the core design<\/li><li>Full compatibility with leading page builders<\/li><\/ul>\n<!-- \/wp:list -->","post-excerpt":"Bright and energetic web template ideal for early learning and kindergartens","pages":{"id-45854":{"title":"Home","featured-image-url":"https:\/\/websitedemos.net\/wp-content\/uploads\/2020\/04\/school-kindergarten-04.jpg","thumbnail-image-url":"https:\/\/websitedemos.net\/wp-content\/uploads\/2020\/04\/school-kindergarten-04.jpg","astra-page-api-url":"https:\/\/websitedemos.net\/school-kindergarten-04\/wp-json\/wp\/v2\/pages\/6","dynamic-page":"no","astra-page-url":"\/\/websitedemos.net\/school-kindergarten-04\/","astra-sites-tag":{"423":"home"},"site-pages-type":"agency-mini","site-pages-page-builder":"elementor","site-pages-category":[],"site-pages-parent-category":{"60":"business"},"required-plugins":[{"slug":"elementor","init":"elementor\/elementor.php","name":"Elementor"}]},"id-45851":{"title":"About Us","featured-image-url":"https:\/\/websitedemos.net\/wp-content\/uploads\/2020\/03\/school-kindergarten-03-wip-about-us.jpg","thumbnail-image-url":"https:\/\/websitedemos.net\/wp-content\/uploads\/2020\/03\/school-kindergarten-03-wip-about-us.jpg","astra-page-api-url":"https:\/\/websitedemos.net\/school-kindergarten-04\/wp-json\/wp\/v2\/pages\/9","dynamic-page":"no","astra-page-url":"\/\/websitedemos.net\/school-kindergarten-04\/about-us\/","astra-sites-tag":{"352":"about"},"site-pages-type":"agency-mini","site-pages-page-builder":"elementor","site-pages-category":[],"site-pages-parent-category":{"60":"business"},"required-plugins":[{"slug":"elementor","init":"elementor\/elementor.php","name":"Elementor"}]},"id-45855":{"title":"Parent Info","featured-image-url":"https:\/\/websitedemos.net\/wp-content\/uploads\/2020\/03\/school-kindergarten-03-wip-parent-info.jpg","thumbnail-image-url":"https:\/\/websitedemos.net\/wp-content\/uploads\/2020\/03\/school-kindergarten-03-wip-parent-info.jpg","astra-page-api-url":"https:\/\/websitedemos.net\/school-kindergarten-04\/wp-json\/wp\/v2\/pages\/20","dynamic-page":"no","astra-page-url":"\/\/websitedemos.net\/school-kindergarten-04\/parent-info\/","astra-sites-tag":{"1489":"information","1488":"parent"},"site-pages-type":"agency-mini","site-pages-page-builder":"elementor","site-pages-category":[],"site-pages-parent-category":{"60":"business"},"required-plugins":[{"slug":"elementor","init":"elementor\/elementor.php","name":"Elementor"}]},"id-45852":{"title":"Classes","featured-image-url":"https:\/\/websitedemos.net\/wp-content\/uploads\/2020\/03\/school-kindergarten-03-wip-classes.jpg","thumbnail-image-url":"https:\/\/websitedemos.net\/wp-content\/uploads\/2020\/03\/school-kindergarten-03-wip-classes.jpg","astra-page-api-url":"https:\/\/websitedemos.net\/school-kindergarten-04\/wp-json\/wp\/v2\/pages\/16","dynamic-page":"no","astra-page-url":"\/\/websitedemos.net\/school-kindergarten-04\/classes\/","astra-sites-tag":{"557":"classes"},"site-pages-type":"agency-mini","site-pages-page-builder":"elementor","site-pages-category":[],"site-pages-parent-category":{"60":"business"},"required-plugins":[{"slug":"elementor","init":"elementor\/elementor.php","name":"Elementor"}]},"id-45856":{"title":"Reviews","featured-image-url":"https:\/\/websitedemos.net\/wp-content\/uploads\/2020\/03\/school-kindergarten-03-wip-review.jpg","thumbnail-image-url":"https:\/\/websitedemos.net\/wp-content\/uploads\/2020\/03\/school-kindergarten-03-wip-review.jpg","astra-page-api-url":"https:\/\/websitedemos.net\/school-kindergarten-04\/wp-json\/wp\/v2\/pages\/18","dynamic-page":"no","astra-page-url":"\/\/websitedemos.net\/school-kindergarten-04\/reviews\/","astra-sites-tag":{"432":"review","433":"testimonials"},"site-pages-type":"agency-mini","site-pages-page-builder":"elementor","site-pages-category":[],"site-pages-parent-category":{"60":"business"},"required-plugins":[{"slug":"elementor","init":"elementor\/elementor.php","name":"Elementor"}]},"id-45853":{"title":"Contact","featured-image-url":"https:\/\/websitedemos.net\/wp-content\/uploads\/2020\/03\/school-kindergarten-03-wip-contact.jpg","thumbnail-image-url":"https:\/\/websitedemos.net\/wp-content\/uploads\/2020\/03\/school-kindergarten-03-wip-contact.jpg","astra-page-api-url":"https:\/\/websitedemos.net\/school-kindergarten-04\/wp-json\/wp\/v2\/pages\/11","dynamic-page":"no","astra-page-url":"\/\/websitedemos.net\/school-kindergarten-04\/contact\/","astra-sites-tag":{"415":"contact"},"site-pages-type":"agency-mini","site-pages-page-builder":"elementor","site-pages-category":[],"site-pages-parent-category":{"60":"business"},"required-plugins":[{"slug":"elementor","init":"elementor\/elementor.php","name":"Elementor"},{"slug":"wpforms-lite","init":"wpforms-lite\/wpforms.php","name":"WPForms Lite"}]}},"related-bb-template":45870,"related-elementor-template":45850,"related-gutenberg-template":""},"id-45870":{"title":"School &amp; Kindergarten","id":45870,"publish-date":1586952772,"featured-image-url":"https:\/\/websitedemos.net\/wp-content\/uploads\/2020\/03\/school-kindergarten-03-home.jpg","thumbnail-image-url":"https:\/\/websitedemos.net\/wp-content\/uploads\/2020\/03\/school-kindergarten-03-home.jpg","fullpage-thumbnail-image-url":"https:\/\/websitedemos.net\/wp-content\/uploads\/2020\/03\/school-kindergarten-03-home.jpg","astra-site-url":"\/\/websitedemos.net\/school-kindergarten-03","astra-site-parent-id":1491,"astra-sites-tag":{"459":"education","1490":"kids","617":"kindergarten","460":"learning","456":"school"},"astra-sites-type":"agency-mini","astra-site-category":{"27":"business"},"astra-sites-template-category":[],"astra-site-page-builder":"beaver-builder","categories":{"2491":"educational-institutes"},"required-plugins":[{"slug":"beaver-builder-lite-version","init":"beaver-builder-lite-version\/fl-builder.php","name":"Beaver Builder Plugin (Lite Version)"},{"slug":"bb-ultimate-addon","init":"bb-ultimate-addon\/bb-ultimate-addon.php","name":"Ultimate Addons for Beaver Builder"},{"slug":"wpforms-lite","init":"wpforms-lite\/wpforms.php","name":"WPForms Lite"}],"post-status":"publish","post-content":"","post-excerpt":"","pages":{"id-45874":{"title":"Home","featured-image-url":"https:\/\/websitedemos.net\/wp-content\/uploads\/2020\/03\/school-kindergarten-03-home.jpg","thumbnail-image-url":"https:\/\/websitedemos.net\/wp-content\/uploads\/2020\/03\/school-kindergarten-03-home.jpg","astra-page-api-url":"https:\/\/websitedemos.net\/school-kindergarten-03\/wp-json\/wp\/v2\/pages\/5","dynamic-page":"no","astra-page-url":"\/\/websitedemos.net\/school-kindergarten-03\/","astra-sites-tag":{"423":"home"},"site-pages-type":"agency-mini","site-pages-page-builder":"beaver-builder","site-pages-category":[],"site-pages-parent-category":{"60":"business"},"required-plugins":[{"slug":"beaver-builder-lite-version","init":"beaver-builder-lite-version\/fl-builder.php","name":"Beaver Builder Plugin (Lite Version)"},{"slug":"bb-ultimate-addon","init":"bb-ultimate-addon\/bb-ultimate-addon.php","name":"Ultimate Addons for Beaver Builder"}]},"id-45871":{"title":"About Us","featured-image-url":"https:\/\/websitedemos.net\/wp-content\/uploads\/2020\/03\/school-kindergarten-03-wip-about-us.jpg","thumbnail-image-url":"https:\/\/websitedemos.net\/wp-content\/uploads\/2020\/03\/school-kindergarten-03-wip-about-us.jpg","astra-page-api-url":"https:\/\/websitedemos.net\/school-kindergarten-03\/wp-json\/wp\/v2\/pages\/7","dynamic-page":"no","astra-page-url":"\/\/websitedemos.net\/school-kindergarten-03\/about-us\/","astra-sites-tag":{"352":"about"},"site-pages-type":"agency-mini","site-pages-page-builder":"beaver-builder","site-pages-category":[],"site-pages-parent-category":{"60":"business"},"required-plugins":[{"slug":"beaver-builder-lite-version","init":"beaver-builder-lite-version\/fl-builder.php","name":"Beaver Builder Plugin (Lite Version)"},{"slug":"bb-ultimate-addon","init":"bb-ultimate-addon\/bb-ultimate-addon.php","name":"Ultimate Addons for Beaver Builder"}]},"id-45872":{"title":"Classes","featured-image-url":"https:\/\/websitedemos.net\/wp-content\/uploads\/2020\/03\/school-kindergarten-03-wip-classes.jpg","thumbnail-image-url":"https:\/\/websitedemos.net\/wp-content\/uploads\/2020\/03\/school-kindergarten-03-wip-classes.jpg","astra-page-api-url":"https:\/\/websitedemos.net\/school-kindergarten-03\/wp-json\/wp\/v2\/pages\/9","dynamic-page":"no","astra-page-url":"\/\/websitedemos.net\/school-kindergarten-03\/classes\/","astra-sites-tag":{"557":"classes"},"site-pages-type":"agency-mini","site-pages-page-builder":"beaver-builder","site-pages-category":[],"site-pages-parent-category":{"60":"business"},"required-plugins":[{"slug":"beaver-builder-lite-version","init":"beaver-builder-lite-version\/fl-builder.php","name":"Beaver Builder Plugin (Lite Version)"},{"slug":"bb-ultimate-addon","init":"bb-ultimate-addon\/bb-ultimate-addon.php","name":"Ultimate Addons for Beaver Builder"}]},"id-45875":{"title":"Parent Info","featured-image-url":"https:\/\/websitedemos.net\/wp-content\/uploads\/2020\/03\/school-kindergarten-03-wip-parent-info.jpg","thumbnail-image-url":"https:\/\/websitedemos.net\/wp-content\/uploads\/2020\/03\/school-kindergarten-03-wip-parent-info.jpg","astra-page-api-url":"https:\/\/websitedemos.net\/school-kindergarten-03\/wp-json\/wp\/v2\/pages\/11","dynamic-page":"no","astra-page-url":"\/\/websitedemos.net\/school-kindergarten-03\/parent-info\/","astra-sites-tag":{"1489":"information","1488":"parent"},"site-pages-type":"agency-mini","site-pages-page-builder":"beaver-builder","site-pages-category":[],"site-pages-parent-category":{"60":"business"},"required-plugins":[{"slug":"beaver-builder-lite-version","init":"beaver-builder-lite-version\/fl-builder.php","name":"Beaver Builder Plugin (Lite Version)"},{"slug":"bb-ultimate-addon","init":"bb-ultimate-addon\/bb-ultimate-addon.php","name":"Ultimate Addons for Beaver Builder"}]},"id-45876":{"title":"Review","featured-image-url":"https:\/\/websitedemos.net\/wp-content\/uploads\/2020\/03\/school-kindergarten-03-wip-review.jpg","thumbnail-image-url":"https:\/\/websitedemos.net\/wp-content\/uploads\/2020\/03\/school-kindergarten-03-wip-review.jpg","astra-page-api-url":"https:\/\/websitedemos.net\/school-kindergarten-03\/wp-json\/wp\/v2\/pages\/13","dynamic-page":"no","astra-page-url":"\/\/websitedemos.net\/school-kindergarten-03\/review\/","astra-sites-tag":{"432":"review"},"site-pages-type":"agency-mini","site-pages-page-builder":"beaver-builder","site-pages-category":[],"site-pages-parent-category":{"60":"business"},"required-plugins":[{"slug":"beaver-builder-lite-version","init":"beaver-builder-lite-version\/fl-builder.php","name":"Beaver Builder Plugin (Lite Version)"},{"slug":"bb-ultimate-addon","init":"bb-ultimate-addon\/bb-ultimate-addon.php","name":"Ultimate Addons for Beaver Builder"}]},"id-45873":{"title":"Contact","featured-image-url":"https:\/\/websitedemos.net\/wp-content\/uploads\/2020\/03\/school-kindergarten-03-wip-contact.jpg","thumbnail-image-url":"https:\/\/websitedemos.net\/wp-content\/uploads\/2020\/03\/school-kindergarten-03-wip-contact.jpg","astra-page-api-url":"https:\/\/websitedemos.net\/school-kindergarten-03\/wp-json\/wp\/v2\/pages\/15","dynamic-page":"no","astra-page-url":"\/\/websitedemos.net\/school-kindergarten-03\/contact\/","astra-sites-tag":{"415":"contact"},"site-pages-type":"agency-mini","site-pages-page-builder":"beaver-builder","site-pages-category":[],"site-pages-parent-category":{"60":"business"},"required-plugins":[{"slug":"beaver-builder-lite-version","init":"beaver-builder-lite-version\/fl-builder.php","name":"Beaver Builder Plugin (Lite Version)"},{"slug":"bb-ultimate-addon","init":"bb-ultimate-addon\/bb-ultimate-addon.php","name":"Ultimate Addons for Beaver Builder"},{"slug":"wpforms-lite","init":"wpforms-lite\/wpforms.php","name":"WPForms Lite"}]}},"related-bb-template":"","related-elementor-template":"","related-gutenberg-template":""},"id-45584":{"title":"Cake Shop","id":45584,"publish-date":1590081789,"featured-image-url":"https:\/\/websitedemos.net\/wp-content\/uploads\/2020\/06\/cake-shop-04.jpg","thumbnail-image-url":"https:\/\/websitedemos.net\/wp-content\/uploads\/2020\/06\/cake-shop-04.jpg","fullpage-thumbnail-image-url":"https:\/\/websitedemos.net\/wp-content\/uploads\/2020\/06\/cake-shop-04.jpg","astra-site-url":"\/\/websitedemos.net\/cake-shop-04","astra-site-parent-id":1452,"astra-sites-tag":{"758":"bakery","1527":"cafeteria","1528":"cake-shop","733":"shop"},"astra-sites-type":"agency-mini","astra-site-category":{"27":"business"},"astra-sites-template-category":{"2777":"business","2804":"cafe-bakery","2877":"cake-shop"},"astra-site-page-builder":"elementor","categories":{"2478":"local-storefronts"},"required-plugins":[{"slug":"elementor","init":"elementor\/elementor.php","name":"Elementor"},{"slug":"header-footer-elementor","init":"header-footer-elementor\/header-footer-elementor.php","name":"Elementor - Header, Footer & Blocks"},{"slug":"wpforms-lite","init":"wpforms-lite\/wpforms.php","name":"WPForms Lite"}],"post-status":"publish","post-content":"<!-- wp:paragraph -->\n<p>The Cake Shop template is an attractive design with full page graphics and a relaxed gray background and red contrast color. It opens strong with a slideshow of cakes before opening into a product showcase via parallax effects. It\u2019s an exceptional template!<\/p>\n<!-- \/wp:paragraph -->\n\n<!-- wp:paragraph -->\n<p>The design includes a mix of colored and image backgrounds to create a feeling of kitchen or bakery overlaid by images and content areas to showcase cakes and tell your story.<\/p>\n<!-- \/wp:paragraph -->\n\n<!-- wp:heading -->\n<h2>Key features of the Cake Shop template<\/h2>\n<!-- \/wp:heading -->\n\n<!-- wp:list -->\n<ul><!-- wp:list-item -->\n<li>Exceptional design with some lovely touches<\/li>\n<!-- \/wp:list-item -->\n\n<!-- wp:list-item -->\n<li>Full page layout with a mixture of backgrounds<\/li>\n<!-- \/wp:list-item -->\n\n<!-- wp:list-item -->\n<li>Parallax effect is particularly useful<\/li>\n<!-- \/wp:list-item -->\n\n<!-- wp:list-item -->\n<li>Full compatibility with leading page builders<\/li>\n<!-- \/wp:list-item --><\/ul>\n<!-- \/wp:list -->","post-excerpt":"Exceptional web design for cakes, bakeries and confectionery businesses","pages":{"id-45588":{"title":"Home","featured-image-url":"https:\/\/websitedemos.net\/wp-content\/uploads\/2020\/06\/cake-shop-04.jpg","thumbnail-image-url":"https:\/\/websitedemos.net\/wp-content\/uploads\/2020\/06\/cake-shop-04.jpg","astra-page-api-url":"https:\/\/websitedemos.net\/cake-shop-04\/wp-json\/wp\/v2\/pages\/6","dynamic-page":"no","astra-page-url":"\/\/websitedemos.net\/cake-shop-04\/","astra-sites-tag":{"423":"home"},"site-pages-type":"agency-mini","site-pages-page-builder":"elementor","site-pages-category":[],"site-pages-parent-category":{"60":"business"},"required-plugins":[{"slug":"elementor","init":"elementor\/elementor.php","name":"Elementor"}]},"id-45585":{"title":"About","featured-image-url":"https:\/\/websitedemos.net\/wp-content\/uploads\/2020\/06\/cake-shop-04-about.jpg","thumbnail-image-url":"https:\/\/websitedemos.net\/wp-content\/uploads\/2020\/06\/cake-shop-04-about.jpg","astra-page-api-url":"https:\/\/websitedemos.net\/cake-shop-04\/wp-json\/wp\/v2\/pages\/8","dynamic-page":"no","astra-page-url":"\/\/websitedemos.net\/cake-shop-04\/about\/","astra-sites-tag":{"352":"about"},"site-pages-type":"agency-mini","site-pages-page-builder":"elementor","site-pages-category":[],"site-pages-parent-category":{"60":"business"},"required-plugins":[{"slug":"elementor","init":"elementor\/elementor.php","name":"Elementor"}]},"id-45586":{"title":"Cakes","featured-image-url":"https:\/\/websitedemos.net\/wp-content\/uploads\/2020\/06\/cake-shop-04-cakes.jpg","thumbnail-image-url":"https:\/\/websitedemos.net\/wp-content\/uploads\/2020\/06\/cake-shop-04-cakes.jpg","astra-page-api-url":"https:\/\/websitedemos.net\/cake-shop-04\/wp-json\/wp\/v2\/pages\/10","dynamic-page":"no","astra-page-url":"\/\/websitedemos.net\/cake-shop-04\/cakes\/","astra-sites-tag":{"783":"cake"},"site-pages-type":"agency-mini","site-pages-page-builder":"elementor","site-pages-category":[],"site-pages-parent-category":{"60":"business"},"required-plugins":[{"slug":"elementor","init":"elementor\/elementor.php","name":"Elementor"}]},"id-45589":{"title":"Testimonials","featured-image-url":"https:\/\/websitedemos.net\/wp-content\/uploads\/2020\/06\/cake-shop-04-testimonials.jpg","thumbnail-image-url":"https:\/\/websitedemos.net\/wp-content\/uploads\/2020\/06\/cake-shop-04-testimonials.jpg","astra-page-api-url":"https:\/\/websitedemos.net\/cake-shop-04\/wp-json\/wp\/v2\/pages\/14","dynamic-page":"no","astra-page-url":"\/\/websitedemos.net\/cake-shop-04\/testimonials\/","astra-sites-tag":{"432":"review","433":"testimonials"},"site-pages-type":"agency-mini","site-pages-page-builder":"elementor","site-pages-category":[],"site-pages-parent-category":{"60":"business"},"required-plugins":[{"slug":"elementor","init":"elementor\/elementor.php","name":"Elementor"}]},"id-45587":{"title":"Contact","featured-image-url":"https:\/\/websitedemos.net\/wp-content\/uploads\/2020\/06\/cake-shop-04-contact.jpg","thumbnail-image-url":"https:\/\/websitedemos.net\/wp-content\/uploads\/2020\/06\/cake-shop-04-contact.jpg","astra-page-api-url":"https:\/\/websitedemos.net\/cake-shop-04\/wp-json\/wp\/v2\/pages\/12","dynamic-page":"no","astra-page-url":"\/\/websitedemos.net\/cake-shop-04\/contact\/","astra-sites-tag":{"415":"contact"},"site-pages-type":"agency-mini","site-pages-page-builder":"elementor","site-pages-category":[],"site-pages-parent-category":{"60":"business"},"required-plugins":[{"slug":"elementor","init":"elementor\/elementor.php","name":"Elementor"},{"slug":"wpforms-lite","init":"wpforms-lite\/wpforms.php","name":"WPForms Lite"}]}},"related-bb-template":46271,"related-elementor-template":45584,"related-gutenberg-template":""},"id-46271":{"title":"Cake Shop","id":46271,"publish-date":1590081789,"featured-image-url":"https:\/\/websitedemos.net\/wp-content\/uploads\/2020\/06\/cake-shop-03-home.jpg","thumbnail-image-url":"https:\/\/websitedemos.net\/wp-content\/uploads\/2020\/06\/cake-shop-03-home.jpg","fullpage-thumbnail-image-url":"https:\/\/websitedemos.net\/wp-content\/uploads\/2020\/06\/cake-shop-03-home.jpg","astra-site-url":"\/\/websitedemos.net\/cake-shop-03","astra-site-parent-id":1529,"astra-sites-tag":{"758":"bakery","1527":"cafeteria","783":"cake","1528":"cake-shop","733":"shop"},"astra-sites-type":"agency-mini","astra-site-category":{"27":"business"},"astra-sites-template-category":[],"astra-site-page-builder":"beaver-builder","categories":{"2478":"local-storefronts"},"required-plugins":[{"slug":"beaver-builder-lite-version","init":"beaver-builder-lite-version\/fl-builder.php","name":"Beaver Builder Plugin (Lite Version)"},{"slug":"bb-ultimate-addon","init":"bb-ultimate-addon\/bb-ultimate-addon.php","name":"Ultimate Addons for Beaver Builder"},{"slug":"wpforms-lite","init":"wpforms-lite\/wpforms.php","name":"WPForms Lite"}],"post-status":"publish","post-content":"","post-excerpt":"","pages":{"id-46275":{"title":"Home","featured-image-url":"https:\/\/websitedemos.net\/wp-content\/uploads\/2020\/06\/cake-shop-03-home.jpg","thumbnail-image-url":"https:\/\/websitedemos.net\/wp-content\/uploads\/2020\/06\/cake-shop-03-home.jpg","astra-page-api-url":"https:\/\/websitedemos.net\/cake-shop-03\/wp-json\/wp\/v2\/pages\/284","dynamic-page":"no","astra-page-url":"\/\/websitedemos.net\/cake-shop-03\/","astra-sites-tag":{"423":"home"},"site-pages-type":"agency-mini","site-pages-page-builder":"beaver-builder","site-pages-category":[],"site-pages-parent-category":{"60":"business"},"required-plugins":[{"slug":"beaver-builder-lite-version","init":"beaver-builder-lite-version\/fl-builder.php","name":"Beaver Builder Plugin (Lite Version)"},{"slug":"bb-ultimate-addon","init":"bb-ultimate-addon\/bb-ultimate-addon.php","name":"Ultimate Addons for Beaver Builder"}]},"id-46272":{"title":"About","featured-image-url":"https:\/\/websitedemos.net\/wp-content\/uploads\/2020\/06\/cake-shop-03-about.jpg","thumbnail-image-url":"https:\/\/websitedemos.net\/wp-content\/uploads\/2020\/06\/cake-shop-03-about.jpg","astra-page-api-url":"https:\/\/websitedemos.net\/cake-shop-03\/wp-json\/wp\/v2\/pages\/285","dynamic-page":"no","astra-page-url":"\/\/websitedemos.net\/cake-shop-03\/about\/","astra-sites-tag":{"352":"about"},"site-pages-type":"agency-mini","site-pages-page-builder":"beaver-builder","site-pages-category":[],"site-pages-parent-category":{"60":"business"},"required-plugins":[{"slug":"beaver-builder-lite-version","init":"beaver-builder-lite-version\/fl-builder.php","name":"Beaver Builder Plugin (Lite Version)"},{"slug":"bb-ultimate-addon","init":"bb-ultimate-addon\/bb-ultimate-addon.php","name":"Ultimate Addons for Beaver Builder"}]},"id-46273":{"title":"Cakes","featured-image-url":"https:\/\/websitedemos.net\/wp-content\/uploads\/2020\/06\/cake-shop-03-cakes.jpg","thumbnail-image-url":"https:\/\/websitedemos.net\/wp-content\/uploads\/2020\/06\/cake-shop-03-cakes.jpg","astra-page-api-url":"https:\/\/websitedemos.net\/cake-shop-03\/wp-json\/wp\/v2\/pages\/286","dynamic-page":"no","astra-page-url":"\/\/websitedemos.net\/cake-shop-03\/cakes\/","astra-sites-tag":{"783":"cake"},"site-pages-type":"agency-mini","site-pages-page-builder":"beaver-builder","site-pages-category":[],"site-pages-parent-category":{"60":"business"},"required-plugins":[{"slug":"beaver-builder-lite-version","init":"beaver-builder-lite-version\/fl-builder.php","name":"Beaver Builder Plugin (Lite Version)"},{"slug":"bb-ultimate-addon","init":"bb-ultimate-addon\/bb-ultimate-addon.php","name":"Ultimate Addons for Beaver Builder"}]},"id-46276":{"title":"Testimonials","featured-image-url":"https:\/\/websitedemos.net\/wp-content\/uploads\/2020\/06\/cake-shop-03-testimonials.jpg","thumbnail-image-url":"https:\/\/websitedemos.net\/wp-content\/uploads\/2020\/06\/cake-shop-03-testimonials.jpg","astra-page-api-url":"https:\/\/websitedemos.net\/cake-shop-03\/wp-json\/wp\/v2\/pages\/287","dynamic-page":"no","astra-page-url":"\/\/websitedemos.net\/cake-shop-03\/testimonials\/","astra-sites-tag":{"432":"review","433":"testimonials"},"site-pages-type":"agency-mini","site-pages-page-builder":"beaver-builder","site-pages-category":[],"site-pages-parent-category":{"60":"business"},"required-plugins":[{"slug":"beaver-builder-lite-version","init":"beaver-builder-lite-version\/fl-builder.php","name":"Beaver Builder Plugin (Lite Version)"},{"slug":"bb-ultimate-addon","init":"bb-ultimate-addon\/bb-ultimate-addon.php","name":"Ultimate Addons for Beaver Builder"}]},"id-46274":{"title":"Contact","featured-image-url":"https:\/\/websitedemos.net\/wp-content\/uploads\/2020\/06\/cake-shop-03-contact.jpg","thumbnail-image-url":"https:\/\/websitedemos.net\/wp-content\/uploads\/2020\/06\/cake-shop-03-contact.jpg","astra-page-api-url":"https:\/\/websitedemos.net\/cake-shop-03\/wp-json\/wp\/v2\/pages\/288","dynamic-page":"no","astra-page-url":"\/\/websitedemos.net\/cake-shop-03\/contact\/","astra-sites-tag":{"415":"contact"},"site-pages-type":"agency-mini","site-pages-page-builder":"beaver-builder","site-pages-category":[],"site-pages-parent-category":{"60":"business"},"required-plugins":[{"slug":"beaver-builder-lite-version","init":"beaver-builder-lite-version\/fl-builder.php","name":"Beaver Builder Plugin (Lite Version)"},{"slug":"bb-ultimate-addon","init":"bb-ultimate-addon\/bb-ultimate-addon.php","name":"Ultimate Addons for Beaver Builder"},{"slug":"wpforms-lite","init":"wpforms-lite\/wpforms.php","name":"WPForms Lite"}]}},"related-bb-template":"","related-elementor-template":"","related-gutenberg-template":""},"id-22058":{"title":"Travel Agency","id":22058,"publish-date":1560489916,"featured-image-url":"https:\/\/websitedemos.net\/wp-content\/uploads\/2019\/06\/id-22058-travel-agency-resize.jpg","thumbnail-image-url":"https:\/\/websitedemos.net\/wp-content\/uploads\/2019\/06\/id-22058-travel-agency-resize.jpg","fullpage-thumbnail-image-url":"https:\/\/websitedemos.net\/wp-content\/uploads\/2019\/06\/id-22058-travel-agency-resize.jpg","astra-site-url":"\/\/websitedemos.net\/tourism-04","astra-site-parent-id":68,"astra-sites-tag":{"979":"company","812":"office","430":"tourism","431":"tours-travels","427":"travel","428":"travel-agency"},"astra-sites-type":"agency-mini","astra-site-category":{"27":"business"},"astra-sites-template-category":{"2777":"business","2831":"service","2775":"travel-tourism"},"astra-site-page-builder":"elementor","categories":{"2498":"hotel-travel"},"required-plugins":[{"slug":"elementor","init":"elementor\/elementor.php","name":"Elementor"},{"slug":"ultimate-elementor","init":"ultimate-elementor\/ultimate-elementor.php","name":"Ultimate Addons for Elementor"},{"slug":"wpforms-lite","init":"wpforms-lite\/wpforms.php","name":"WPForms Lite"}],"post-status":"publish","post-content":"<!-- wp:paragraph -->\n<p>The Travel Agency template is a bright and breezy design ideal for the travel niche. The homepage has an instantly engaging header with travel-related sections before opening into a light page with tropical colors and lots of content areas to promote your travel business.<\/p>\n<!-- \/wp:paragraph -->\n\n<!-- wp:paragraph -->\n<p>The template uses a mixture of fonts and images to create atmosphere while also keeping things light with whitespace. It\u2019s a lovely blend of strong design and relaxation that makes pages a pleasure to browse, ideal for an industry like travel.<\/p>\n<!-- \/wp:paragraph -->\n\n<!-- wp:heading -->\n<h2>Key features of the Travel Agency template<\/h2>\n<!-- \/wp:heading -->\n\n<!-- wp:list -->\n<ul><li>Bright and breezy design for travel websites<\/li><li>Strong header makes an instant impact<\/li><li>Color and font choices elevate the overall design<\/li><li>Extra pages are equally well-designed<\/li><li>Full compatibility with leading page builders<\/li><\/ul>\n<!-- \/wp:list -->","post-excerpt":"Bright, engaging website template with travel and travel businesses at its heart","pages":{"id-39869":{"title":"Home","featured-image-url":"https:\/\/websitedemos.net\/wp-content\/uploads\/2019\/06\/id-22203-travel-agency-home-resize.jpg","thumbnail-image-url":"https:\/\/websitedemos.net\/wp-content\/uploads\/2019\/06\/id-22203-travel-agency-home-resize.jpg","astra-page-api-url":"https:\/\/websitedemos.net\/tourism-04\/wp-json\/wp\/v2\/pages\/7","dynamic-page":"no","astra-page-url":"\/\/websitedemos.net\/tourism-04\/","astra-sites-tag":{"423":"home"},"site-pages-type":"agency-mini","site-pages-page-builder":"elementor","site-pages-category":[],"site-pages-parent-category":{"60":"business"},"required-plugins":[{"slug":"elementor","init":"elementor\/elementor.php","name":"Elementor"},{"slug":"ultimate-elementor","init":"ultimate-elementor\/ultimate-elementor.php","name":"Ultimate Addons for Elementor"}]},"id-39867":{"title":"About us","featured-image-url":"https:\/\/websitedemos.net\/wp-content\/uploads\/2019\/06\/id-22200-travel-agency-about-us-resize.jpg","thumbnail-image-url":"https:\/\/websitedemos.net\/wp-content\/uploads\/2019\/06\/id-22200-travel-agency-about-us-resize.jpg","astra-page-api-url":"https:\/\/websitedemos.net\/tourism-04\/wp-json\/wp\/v2\/pages\/23","dynamic-page":"no","astra-page-url":"\/\/websitedemos.net\/tourism-04\/about-us\/","astra-sites-tag":{"352":"about","455":"about-us"},"site-pages-type":"agency-mini","site-pages-page-builder":"elementor","site-pages-category":[],"site-pages-parent-category":{"60":"business"},"required-plugins":[{"slug":"elementor","init":"elementor\/elementor.php","name":"Elementor"},{"slug":"ultimate-elementor","init":"ultimate-elementor\/ultimate-elementor.php","name":"Ultimate Addons for Elementor"}]},"id-39871":{"title":"Tours","featured-image-url":"https:\/\/websitedemos.net\/wp-content\/uploads\/2019\/06\/id-22205-travel-agency-tours-resize.jpg","thumbnail-image-url":"https:\/\/websitedemos.net\/wp-content\/uploads\/2019\/06\/id-22205-travel-agency-tours-resize.jpg","astra-page-api-url":"https:\/\/websitedemos.net\/tourism-04\/wp-json\/wp\/v2\/pages\/22","dynamic-page":"no","astra-page-url":"\/\/websitedemos.net\/tourism-04\/tours\/","astra-sites-tag":{"424":"project","451":"work"},"site-pages-type":"agency-mini","site-pages-page-builder":"elementor","site-pages-category":[],"site-pages-parent-category":{"60":"business"},"required-plugins":[{"slug":"elementor","init":"elementor\/elementor.php","name":"Elementor"},{"slug":"ultimate-elementor","init":"ultimate-elementor\/ultimate-elementor.php","name":"Ultimate Addons for Elementor"}]},"id-39870":{"title":"Reviews","featured-image-url":"https:\/\/websitedemos.net\/wp-content\/uploads\/2019\/06\/id-22204-travel-agency-reviews-resize.jpg","thumbnail-image-url":"https:\/\/websitedemos.net\/wp-content\/uploads\/2019\/06\/id-22204-travel-agency-reviews-resize.jpg","astra-page-api-url":"https:\/\/websitedemos.net\/tourism-04\/wp-json\/wp\/v2\/pages\/25","dynamic-page":"no","astra-page-url":"\/\/websitedemos.net\/tourism-04\/reviews\/","astra-sites-tag":{"432":"review","433":"testimonials"},"site-pages-type":"agency-mini","site-pages-page-builder":"elementor","site-pages-category":[],"site-pages-parent-category":{"60":"business"},"required-plugins":[{"slug":"elementor","init":"elementor\/elementor.php","name":"Elementor"},{"slug":"ultimate-elementor","init":"ultimate-elementor\/ultimate-elementor.php","name":"Ultimate Addons for Elementor"}]},"id-39868":{"title":"Contact","featured-image-url":"https:\/\/websitedemos.net\/wp-content\/uploads\/2019\/06\/tourism-04-contact-revised-1200.jpg","thumbnail-image-url":"https:\/\/websitedemos.net\/wp-content\/uploads\/2019\/06\/tourism-04-contact-revised-1200.jpg","astra-page-api-url":"https:\/\/websitedemos.net\/tourism-04\/wp-json\/wp\/v2\/pages\/27","dynamic-page":"no","astra-page-url":"\/\/websitedemos.net\/tourism-04\/contact\/","astra-sites-tag":{"415":"contact","377":"get-in-touch"},"site-pages-type":"agency-mini","site-pages-page-builder":"elementor","site-pages-category":[],"site-pages-parent-category":{"60":"business"},"required-plugins":[{"slug":"elementor","init":"elementor\/elementor.php","name":"Elementor"},{"slug":"ultimate-elementor","init":"ultimate-elementor\/ultimate-elementor.php","name":"Ultimate Addons for Elementor"},{"slug":"wpforms-lite","init":"wpforms-lite\/wpforms.php","name":"WPForms Lite"}]}},"related-bb-template":22091,"related-elementor-template":22058,"related-gutenberg-template":""},"id-22091":{"title":"Travel Agency","id":22091,"publish-date":1561001708,"featured-image-url":"https:\/\/websitedemos.net\/wp-content\/uploads\/2019\/07\/tourism-03-home.jpg","thumbnail-image-url":"https:\/\/websitedemos.net\/wp-content\/uploads\/2019\/07\/tourism-03-home.jpg","fullpage-thumbnail-image-url":"https:\/\/websitedemos.net\/wp-content\/uploads\/2019\/07\/tourism-03-home.jpg","astra-site-url":"\/\/websitedemos.net\/tourism-03","astra-site-parent-id":92,"astra-sites-tag":{"979":"company","812":"office","430":"tourism","427":"travel","428":"travel-agency"},"astra-sites-type":"agency-mini","astra-site-category":{"27":"business"},"astra-sites-template-category":[],"astra-site-page-builder":"beaver-builder","categories":{"2498":"hotel-travel"},"required-plugins":[{"slug":"beaver-builder-lite-version","init":"beaver-builder-lite-version\/fl-builder.php","name":"Beaver Builder Plugin (Lite Version)"},{"slug":"bb-ultimate-addon","init":"bb-ultimate-addon\/bb-ultimate-addon.php","name":"Ultimate Addons for Beaver Builder"},{"slug":"wpforms-lite","init":"wpforms-lite\/wpforms.php","name":"WPForms Lite"}],"post-status":"publish","post-content":"","post-excerpt":"","pages":{"id-22859":{"title":"Home","featured-image-url":"https:\/\/websitedemos.net\/wp-content\/uploads\/2019\/07\/tourism-03-home.jpg","thumbnail-image-url":"https:\/\/websitedemos.net\/wp-content\/uploads\/2019\/07\/tourism-03-home.jpg","astra-page-api-url":"https:\/\/websitedemos.net\/tourism-03\/wp-json\/wp\/v2\/pages\/200","dynamic-page":"no","astra-page-url":"\/\/websitedemos.net\/tourism-03\/","astra-sites-tag":{"423":"home"},"site-pages-type":"agency-mini","site-pages-page-builder":"beaver-builder","site-pages-category":[],"site-pages-parent-category":{"60":"business"},"required-plugins":[{"slug":"beaver-builder-lite-version","init":"beaver-builder-lite-version\/fl-builder.php","name":"Beaver Builder Plugin (Lite Version)"},{"slug":"bb-ultimate-addon","init":"bb-ultimate-addon\/bb-ultimate-addon.php","name":"Ultimate Addons for Beaver Builder"}]},"id-22856":{"title":"About us","featured-image-url":"https:\/\/websitedemos.net\/wp-content\/uploads\/2019\/07\/tourism-03-about.jpg","thumbnail-image-url":"https:\/\/websitedemos.net\/wp-content\/uploads\/2019\/07\/tourism-03-about.jpg","astra-page-api-url":"https:\/\/websitedemos.net\/tourism-03\/wp-json\/wp\/v2\/pages\/23","dynamic-page":"no","astra-page-url":"\/\/websitedemos.net\/tourism-03\/about-us\/","astra-sites-tag":{"352":"about"},"site-pages-type":"agency-mini","site-pages-page-builder":"beaver-builder","site-pages-category":[],"site-pages-parent-category":{"60":"business"},"required-plugins":[{"slug":"beaver-builder-lite-version","init":"beaver-builder-lite-version\/fl-builder.php","name":"Beaver Builder Plugin (Lite Version)"},{"slug":"bb-ultimate-addon","init":"bb-ultimate-addon\/bb-ultimate-addon.php","name":"Ultimate Addons for Beaver Builder"}]},"id-22861":{"title":"Tours","featured-image-url":"https:\/\/websitedemos.net\/wp-content\/uploads\/2019\/07\/tourism-03-tours.jpg","thumbnail-image-url":"https:\/\/websitedemos.net\/wp-content\/uploads\/2019\/07\/tourism-03-tours.jpg","astra-page-api-url":"https:\/\/websitedemos.net\/tourism-03\/wp-json\/wp\/v2\/pages\/22","dynamic-page":"no","astra-page-url":"\/\/websitedemos.net\/tourism-03\/tours\/","astra-sites-tag":{"770":"tour"},"site-pages-type":"agency-mini","site-pages-page-builder":"beaver-builder","site-pages-category":[],"site-pages-parent-category":{"60":"business"},"required-plugins":[{"slug":"beaver-builder-lite-version","init":"beaver-builder-lite-version\/fl-builder.php","name":"Beaver Builder Plugin (Lite Version)"},{"slug":"bb-ultimate-addon","init":"bb-ultimate-addon\/bb-ultimate-addon.php","name":"Ultimate Addons for Beaver Builder"}]},"id-22860":{"title":"Reviews","featured-image-url":"https:\/\/websitedemos.net\/wp-content\/uploads\/2019\/07\/tourism-03-reviews.jpg","thumbnail-image-url":"https:\/\/websitedemos.net\/wp-content\/uploads\/2019\/07\/tourism-03-reviews.jpg","astra-page-api-url":"https:\/\/websitedemos.net\/tourism-03\/wp-json\/wp\/v2\/pages\/25","dynamic-page":"no","astra-page-url":"\/\/websitedemos.net\/tourism-03\/reviews\/","astra-sites-tag":{"432":"review"},"site-pages-type":"agency-mini","site-pages-page-builder":"beaver-builder","site-pages-category":[],"site-pages-parent-category":{"60":"business"},"required-plugins":[{"slug":"beaver-builder-lite-version","init":"beaver-builder-lite-version\/fl-builder.php","name":"Beaver Builder Plugin (Lite Version)"},{"slug":"bb-ultimate-addon","init":"bb-ultimate-addon\/bb-ultimate-addon.php","name":"Ultimate Addons for Beaver Builder"}]},"id-22857":{"title":"Contact","featured-image-url":"https:\/\/websitedemos.net\/wp-content\/uploads\/2019\/07\/tourism-03-contact-1.jpg","thumbnail-image-url":"https:\/\/websitedemos.net\/wp-content\/uploads\/2019\/07\/tourism-03-contact-1.jpg","astra-page-api-url":"https:\/\/websitedemos.net\/tourism-03\/wp-json\/wp\/v2\/pages\/27","dynamic-page":"no","astra-page-url":"\/\/websitedemos.net\/tourism-03\/contact\/","astra-sites-tag":{"415":"contact"},"site-pages-type":"agency-mini","site-pages-page-builder":"beaver-builder","site-pages-category":[],"site-pages-parent-category":{"60":"business"},"required-plugins":[{"slug":"beaver-builder-lite-version","init":"beaver-builder-lite-version\/fl-builder.php","name":"Beaver Builder Plugin (Lite Version)"},{"slug":"bb-ultimate-addon","init":"bb-ultimate-addon\/bb-ultimate-addon.php","name":"Ultimate Addons for Beaver Builder"},{"slug":"wpforms-lite","init":"wpforms-lite\/wpforms.php","name":"WPForms Lite"}]}},"related-bb-template":"","related-elementor-template":"","related-gutenberg-template":""},"id-47181":{"title":"Consultants Firm","id":47181,"publish-date":1597262009,"featured-image-url":"https:\/\/websitedemos.net\/wp-content\/uploads\/2020\/08\/consultant-firm-04.jpg","thumbnail-image-url":"https:\/\/websitedemos.net\/wp-content\/uploads\/2020\/08\/consultant-firm-04.jpg","fullpage-thumbnail-image-url":"https:\/\/websitedemos.net\/wp-content\/uploads\/2020\/08\/consultant-firm-04.jpg","astra-site-url":"\/\/websitedemos.net\/consultant-firm-04","astra-site-parent-id":1618,"astra-sites-tag":{"1620":"business-consultant","1621":"consultant"},"astra-sites-type":"agency-mini","astra-site-category":{"27":"business"},"astra-sites-template-category":{"2823":"accounting","2777":"business","2794":"consulting","2831":"service"},"astra-site-page-builder":"elementor","categories":{"2483":"expert-services"},"required-plugins":[{"slug":"elementor","init":"elementor\/elementor.php","name":"Elementor"},{"slug":"header-footer-elementor","init":"header-footer-elementor\/header-footer-elementor.php","name":"Elementor - Header, Footer & Blocks"},{"slug":"wpforms-lite","init":"wpforms-lite\/wpforms.php","name":"WPForms Lite"}],"post-status":"publish","post-content":"<!-- wp:paragraph -->\n<p>The Consultants Firm template manages to be both serious and engaging at the same time. A combination of bold colors, smart graphics, hover effects and modern fonts creates a professional feel that\u2019s still accessible, ideal for any business.<\/p>\n<!-- \/wp:paragraph -->\n\n<!-- wp:paragraph -->\n<p>The template includes a bold header with strong colors before opening out into a lighter page. Subtle effects, nice graphics, a mix of dark and light backgrounds and composed design creates a professional feel without being too overbearing.<\/p>\n<!-- \/wp:paragraph -->\n\n<!-- wp:heading -->\n<h2>Key features of the Consultants Firm template<\/h2>\n<!-- \/wp:heading -->\n\n<!-- wp:list -->\n<ul><li>Modern design ideal for any type of consultant or business website<\/li><li>Bold colors and features make an impact<\/li><li>Subtle effects throughout the homepage adds a touch of class<\/li><li>Relevant additional pages already created<\/li><li>Full compatibility with leading page builders<\/li><\/ul>\n<!-- \/wp:list -->","post-excerpt":"Modern website template for consultant firms and any type of consulting business","pages":{"id-47185":{"title":"Home","featured-image-url":"https:\/\/websitedemos.net\/wp-content\/uploads\/2020\/08\/consultant-firm-04.jpg","thumbnail-image-url":"https:\/\/websitedemos.net\/wp-content\/uploads\/2020\/08\/consultant-firm-04.jpg","astra-page-api-url":"https:\/\/websitedemos.net\/consultant-firm-04\/wp-json\/wp\/v2\/pages\/6","dynamic-page":"no","astra-page-url":"\/\/websitedemos.net\/consultant-firm-04\/","astra-sites-tag":{"423":"home","814":"homepage"},"site-pages-type":"agency-mini","site-pages-page-builder":"elementor","site-pages-category":[],"site-pages-parent-category":{"60":"business"},"required-plugins":[{"slug":"elementor","init":"elementor\/elementor.php","name":"Elementor"}]},"id-47182":{"title":"About","featured-image-url":"https:\/\/websitedemos.net\/wp-content\/uploads\/2020\/08\/consultant-firm-04-about.jpg","thumbnail-image-url":"https:\/\/websitedemos.net\/wp-content\/uploads\/2020\/08\/consultant-firm-04-about.jpg","astra-page-api-url":"https:\/\/websitedemos.net\/consultant-firm-04\/wp-json\/wp\/v2\/pages\/11","dynamic-page":"no","astra-page-url":"\/\/websitedemos.net\/consultant-firm-04\/about\/","astra-sites-tag":{"352":"about","455":"about-us"},"site-pages-type":"agency-mini","site-pages-page-builder":"elementor","site-pages-category":[],"site-pages-parent-category":{"60":"business"},"required-plugins":[{"slug":"elementor","init":"elementor\/elementor.php","name":"Elementor"}]},"id-47186":{"title":"Services","featured-image-url":"https:\/\/websitedemos.net\/wp-content\/uploads\/2020\/08\/consultant-firm-04-services.jpg","thumbnail-image-url":"https:\/\/websitedemos.net\/wp-content\/uploads\/2020\/08\/consultant-firm-04-services.jpg","astra-page-api-url":"https:\/\/websitedemos.net\/consultant-firm-04\/wp-json\/wp\/v2\/pages\/18","dynamic-page":"no","astra-page-url":"\/\/websitedemos.net\/consultant-firm-04\/services\/","astra-sites-tag":{"1605":"our-services","425":"services"},"site-pages-type":"agency-mini","site-pages-page-builder":"elementor","site-pages-category":[],"site-pages-parent-category":{"60":"business"},"required-plugins":[{"slug":"elementor","init":"elementor\/elementor.php","name":"Elementor"}]},"id-47183":{"title":"Case Studies","featured-image-url":"https:\/\/websitedemos.net\/wp-content\/uploads\/2020\/08\/consultant-firm-04-case-studies.jpg","thumbnail-image-url":"https:\/\/websitedemos.net\/wp-content\/uploads\/2020\/08\/consultant-firm-04-case-studies.jpg","astra-page-api-url":"https:\/\/websitedemos.net\/consultant-firm-04\/wp-json\/wp\/v2\/pages\/21","dynamic-page":"no","astra-page-url":"\/\/websitedemos.net\/consultant-firm-04\/case-studies\/","astra-sites-tag":{"780":"case-studies"},"site-pages-type":"agency-mini","site-pages-page-builder":"elementor","site-pages-category":[],"site-pages-parent-category":{"60":"business"},"required-plugins":[{"slug":"elementor","init":"elementor\/elementor.php","name":"Elementor"}]},"id-47187":{"title":"Team","featured-image-url":"https:\/\/websitedemos.net\/wp-content\/uploads\/2020\/08\/consultant-firm-04-team.jpg","thumbnail-image-url":"https:\/\/websitedemos.net\/wp-content\/uploads\/2020\/08\/consultant-firm-04-team.jpg","astra-page-api-url":"https:\/\/websitedemos.net\/consultant-firm-04\/wp-json\/wp\/v2\/pages\/24","dynamic-page":"no","astra-page-url":"\/\/websitedemos.net\/consultant-firm-04\/team\/","astra-sites-tag":{"996":"our-team","486":"team"},"site-pages-type":"agency-mini","site-pages-page-builder":"elementor","site-pages-category":[],"site-pages-parent-category":{"60":"business"},"required-plugins":[{"slug":"elementor","init":"elementor\/elementor.php","name":"Elementor"}]},"id-47184":{"title":"Contact","featured-image-url":"https:\/\/websitedemos.net\/wp-content\/uploads\/2020\/08\/consultant-firm-04-contact.jpg","thumbnail-image-url":"https:\/\/websitedemos.net\/wp-content\/uploads\/2020\/08\/consultant-firm-04-contact.jpg","astra-page-api-url":"https:\/\/websitedemos.net\/consultant-firm-04\/wp-json\/wp\/v2\/pages\/15","dynamic-page":"no","astra-page-url":"\/\/websitedemos.net\/consultant-firm-04\/contact\/","astra-sites-tag":{"415":"contact","454":"contact-us","896":"get-connected","377":"get-in-touch"},"site-pages-type":"agency-mini","site-pages-page-builder":"elementor","site-pages-category":[],"site-pages-parent-category":{"60":"business"},"required-plugins":[{"slug":"elementor","init":"elementor\/elementor.php","name":"Elementor"},{"slug":"wpforms-lite","init":"wpforms-lite\/wpforms.php","name":"WPForms Lite"}]}},"related-bb-template":"","related-elementor-template":"","related-gutenberg-template":""},"id-46967":{"title":"Cafe","id":46967,"publish-date":1596731285,"featured-image-url":"https:\/\/websitedemos.net\/wp-content\/uploads\/2020\/08\/cafe-04.jpg","thumbnail-image-url":"https:\/\/websitedemos.net\/wp-content\/uploads\/2020\/08\/cafe-04.jpg","fullpage-thumbnail-image-url":"https:\/\/websitedemos.net\/wp-content\/uploads\/2020\/08\/cafe-04.jpg","astra-site-url":"\/\/websitedemos.net\/cafe-04","astra-site-parent-id":1574,"astra-sites-tag":{"693":"cafe","1576":"casual-restaurant","1575":"coffee-shop","1577":"confectionery","335":"restaurant"},"astra-sites-type":"agency-mini","astra-site-category":{"27":"business"},"astra-sites-template-category":{"2777":"business","2804":"cafe-bakery","2785":"food","2776":"restaurant"},"astra-site-page-builder":"elementor","categories":{"2496":"restaurant-food"},"required-plugins":[{"slug":"elementor","init":"elementor\/elementor.php","name":"Elementor"},{"slug":"wpforms-lite","init":"wpforms-lite\/wpforms.php","name":"WPForms Lite"}],"post-status":"publish","post-content":"<!-- wp:paragraph -->\n<p>The Caf\u00e9 template has a combination of contemporary and heritage feel we associate with coffee shops and cafes. It\u2019s bright and breezy, with a shaded image in the header and lots of whitespace and content areas on all pages.<\/p>\n<!-- \/wp:paragraph -->\n\n<!-- wp:paragraph -->\n<p>The template includes some well-designed graphics, a smart parallax effect on the homepage and flexible content areas to tell your story and showcase your products and services. There\u2019s everything a caf\u00e9 or coffee shop needs to get online right here.<\/p>\n<!-- \/wp:paragraph -->\n\n<!-- wp:heading -->\n<h2>Key features of the Caf\u00e9 template<\/h2>\n<!-- \/wp:heading -->\n\n<!-- wp:list -->\n<ul><li>Combination contemporary and heritage design<\/li><li>Reflects the look and feel of a caf\u00e9 or coffee shop<\/li><li>Neat parallax effect on the homepage<\/li><li>Relevant extra pages already built<\/li><li>Full compatibility with leading page builders<\/li><\/ul>\n<!-- \/wp:list -->","post-excerpt":"Refined caf\u00e9 and coffee shop web template to promote your food business","pages":{"id-46971":{"title":"Home","featured-image-url":"https:\/\/websitedemos.net\/wp-content\/uploads\/2020\/08\/cafe-04.jpg","thumbnail-image-url":"https:\/\/websitedemos.net\/wp-content\/uploads\/2020\/08\/cafe-04.jpg","astra-page-api-url":"https:\/\/websitedemos.net\/cafe-04\/wp-json\/wp\/v2\/pages\/6","dynamic-page":"no","astra-page-url":"\/\/websitedemos.net\/cafe-04\/","astra-sites-tag":{"423":"home","814":"homepage"},"site-pages-type":"agency-mini","site-pages-page-builder":"elementor","site-pages-category":[],"site-pages-parent-category":{"60":"business"},"required-plugins":[{"slug":"elementor","init":"elementor\/elementor.php","name":"Elementor"}]},"id-46968":{"title":"About us","featured-image-url":"https:\/\/websitedemos.net\/wp-content\/uploads\/2020\/08\/cafe-04-about-us.jpg","thumbnail-image-url":"https:\/\/websitedemos.net\/wp-content\/uploads\/2020\/08\/cafe-04-about-us.jpg","astra-page-api-url":"https:\/\/websitedemos.net\/cafe-04\/wp-json\/wp\/v2\/pages\/16","dynamic-page":"no","astra-page-url":"\/\/websitedemos.net\/cafe-04\/about-us\/","astra-sites-tag":{"352":"about","455":"about-us"},"site-pages-type":"agency-mini","site-pages-page-builder":"elementor","site-pages-category":[],"site-pages-parent-category":{"60":"business"},"required-plugins":[{"slug":"elementor","init":"elementor\/elementor.php","name":"Elementor"}]},"id-46973":{"title":"What We Offer","featured-image-url":"https:\/\/websitedemos.net\/wp-content\/uploads\/2020\/08\/cafe-04-what-we-offer.jpg","thumbnail-image-url":"https:\/\/websitedemos.net\/wp-content\/uploads\/2020\/08\/cafe-04-what-we-offer.jpg","astra-page-api-url":"https:\/\/websitedemos.net\/cafe-04\/wp-json\/wp\/v2\/pages\/22","dynamic-page":"no","astra-page-url":"\/\/websitedemos.net\/cafe-04\/what-we-offer\/","astra-sites-tag":{"1542":"what-we-offer"},"site-pages-type":"agency-mini","site-pages-page-builder":"elementor","site-pages-category":[],"site-pages-parent-category":{"60":"business"},"required-plugins":[{"slug":"elementor","init":"elementor\/elementor.php","name":"Elementor"}]},"id-46972":{"title":"Our Menu","featured-image-url":"https:\/\/websitedemos.net\/wp-content\/uploads\/2020\/08\/cafe-04-our-menu.jpg","thumbnail-image-url":"https:\/\/websitedemos.net\/wp-content\/uploads\/2020\/08\/cafe-04-our-menu.jpg","astra-page-api-url":"https:\/\/websitedemos.net\/cafe-04\/wp-json\/wp\/v2\/pages\/9","dynamic-page":"no","astra-page-url":"\/\/websitedemos.net\/cafe-04\/our-menu\/","astra-sites-tag":{"336":"food","1579":"food-menu","565":"menu","1578":"our-menu"},"site-pages-type":"agency-mini","site-pages-page-builder":"elementor","site-pages-category":[],"site-pages-parent-category":{"60":"business"},"required-plugins":[{"slug":"elementor","init":"elementor\/elementor.php","name":"Elementor"}]},"id-46970":{"title":"Gallery","featured-image-url":"https:\/\/websitedemos.net\/wp-content\/uploads\/2020\/08\/cafe-04-gallery.jpg","thumbnail-image-url":"https:\/\/websitedemos.net\/wp-content\/uploads\/2020\/08\/cafe-04-gallery.jpg","astra-page-api-url":"https:\/\/websitedemos.net\/cafe-04\/wp-json\/wp\/v2\/pages\/18","dynamic-page":"no","astra-page-url":"\/\/websitedemos.net\/cafe-04\/gallery\/","astra-sites-tag":{"461":"gallery","1580":"photos"},"site-pages-type":"agency-mini","site-pages-page-builder":"elementor","site-pages-category":[],"site-pages-parent-category":{"60":"business"},"required-plugins":[{"slug":"elementor","init":"elementor\/elementor.php","name":"Elementor"}]},"id-46969":{"title":"Contact","featured-image-url":"https:\/\/websitedemos.net\/wp-content\/uploads\/2020\/08\/cafe-04-contact.jpg","thumbnail-image-url":"https:\/\/websitedemos.net\/wp-content\/uploads\/2020\/08\/cafe-04-contact.jpg","astra-page-api-url":"https:\/\/websitedemos.net\/cafe-04\/wp-json\/wp\/v2\/pages\/11","dynamic-page":"no","astra-page-url":"\/\/websitedemos.net\/cafe-04\/contact\/","astra-sites-tag":{"415":"contact","454":"contact-us","896":"get-connected","377":"get-in-touch"},"site-pages-type":"agency-mini","site-pages-page-builder":"elementor","site-pages-category":[],"site-pages-parent-category":{"60":"business"},"required-plugins":[{"slug":"elementor","init":"elementor\/elementor.php","name":"Elementor"},{"slug":"wpforms-lite","init":"wpforms-lite\/wpforms.php","name":"WPForms Lite"}]}},"related-bb-template":"","related-elementor-template":"","related-gutenberg-template":""},"id-55408":{"title":"School","id":55408,"publish-date":1622059860,"featured-image-url":"https:\/\/websitedemos.net\/wp-content\/uploads\/2021\/05\/school-02-home-1.jpg","thumbnail-image-url":"https:\/\/websitedemos.net\/wp-content\/uploads\/2021\/05\/school-02-home-1.jpg","fullpage-thumbnail-image-url":"https:\/\/websitedemos.net\/wp-content\/uploads\/2021\/05\/school-02-home-1.jpg","astra-site-url":"\/\/websitedemos.net\/school-02","astra-site-parent-id":2109,"astra-sites-tag":{"2154":"academics","610":"coaching","2156":"daycare","459":"education","2158":"educator","2155":"high-school","617":"kindergarten","2157":"preschool","456":"school","458":"university"},"astra-sites-type":"free","astra-site-category":{"39":"free","36":"other"},"astra-sites-template-category":{"2840":"college-university","2772":"education","2862":"preschool-kindergarten","2782":"school"},"astra-site-page-builder":"elementor","categories":{"2491":"educational-institutes"},"required-plugins":[{"slug":"elementor","init":"elementor\/elementor.php","name":"Elementor"},{"slug":"wpforms-lite","init":"wpforms-lite\/wpforms.php","name":"WPForms Lite"}],"post-status":"publish","post-content":"<!-- wp:paragraph -->\n<p>The School template provides everything you need to build an engaging website for schools, colleges, universities and all kinds of learning institutions. It\u2019s a modern light design with a full screen header on the homepage and content areas throughout.<\/p>\n<!-- \/wp:paragraph -->\n\n<!-- wp:paragraph -->\n<p>The pages include lots of content areas that can include images, graphics, audio and video and help portray your school in the best light. The extra pages reflect the core design and provide the information parents and future students need to engage.<\/p>\n<!-- \/wp:paragraph -->\n\n<!-- wp:heading -->\n<h2>Key features of the School template<\/h2>\n<!-- \/wp:heading -->\n\n<!-- wp:list -->\n<ul><li>Template designed specifically for learning<\/li><li>Lots of flexible content areas on every page<\/li><li>Calm white and blue colors provide reassurance<\/li><li>Relevant extra pages for schools and colleges<\/li><li>Full compatibility with leading page builders<\/li><\/ul>\n<!-- \/wp:list -->","post-excerpt":"Welcoming web template ideal for schools, colleges, universities and learning","pages":{"id-55412":{"title":"Contact","featured-image-url":"https:\/\/websitedemos.net\/wp-content\/uploads\/2021\/05\/school-02-contact.jpg","thumbnail-image-url":"https:\/\/websitedemos.net\/wp-content\/uploads\/2021\/05\/school-02-contact.jpg","astra-page-api-url":"https:\/\/websitedemos.net\/school-02\/wp-json\/wp\/v2\/pages\/155","dynamic-page":"no","astra-page-url":"\/\/websitedemos.net\/school-02\/contact\/","astra-sites-tag":{"415":"contact"},"site-pages-type":"free","site-pages-page-builder":"elementor","site-pages-category":[],"site-pages-parent-category":{"61":"free","139":"other"},"required-plugins":[{"slug":"elementor","init":"elementor\/elementor.php","name":"Elementor"},{"slug":"wpforms-lite","init":"wpforms-lite\/wpforms.php","name":"WPForms Lite"}]},"id-55409":{"title":"About","featured-image-url":"https:\/\/websitedemos.net\/wp-content\/uploads\/2021\/05\/school-02-about-1.jpg","thumbnail-image-url":"https:\/\/websitedemos.net\/wp-content\/uploads\/2021\/05\/school-02-about-1.jpg","astra-page-api-url":"https:\/\/websitedemos.net\/school-02\/wp-json\/wp\/v2\/pages\/152","dynamic-page":"no","astra-page-url":"\/\/websitedemos.net\/school-02\/about\/","astra-sites-tag":{"352":"about"},"site-pages-type":"free","site-pages-page-builder":"elementor","site-pages-category":[],"site-pages-parent-category":{"61":"free","139":"other"},"required-plugins":[{"slug":"elementor","init":"elementor\/elementor.php","name":"Elementor"}]},"id-55410":{"title":"Academics","featured-image-url":"https:\/\/websitedemos.net\/wp-content\/uploads\/2021\/05\/school-02-academics-1.jpg","thumbnail-image-url":"https:\/\/websitedemos.net\/wp-content\/uploads\/2021\/05\/school-02-academics-1.jpg","astra-page-api-url":"https:\/\/websitedemos.net\/school-02\/wp-json\/wp\/v2\/pages\/153","dynamic-page":"no","astra-page-url":"\/\/websitedemos.net\/school-02\/academics\/","astra-sites-tag":{"2110":"academy"},"site-pages-type":"free","site-pages-page-builder":"elementor","site-pages-category":[],"site-pages-parent-category":{"61":"free","139":"other"},"required-plugins":[{"slug":"elementor","init":"elementor\/elementor.php","name":"Elementor"}]},"id-55411":{"title":"Activities","featured-image-url":"https:\/\/websitedemos.net\/wp-content\/uploads\/2021\/05\/school-02-activities-1.jpg","thumbnail-image-url":"https:\/\/websitedemos.net\/wp-content\/uploads\/2021\/05\/school-02-activities-1.jpg","astra-page-api-url":"https:\/\/websitedemos.net\/school-02\/wp-json\/wp\/v2\/pages\/154","dynamic-page":"no","astra-page-url":"\/\/websitedemos.net\/school-02\/activities\/","astra-sites-tag":{"1922":"activities"},"site-pages-type":"free","site-pages-page-builder":"elementor","site-pages-category":[],"site-pages-parent-category":{"61":"free","139":"other"},"required-plugins":[{"slug":"elementor","init":"elementor\/elementor.php","name":"Elementor"}]},"id-55413":{"title":"Home","featured-image-url":"https:\/\/websitedemos.net\/wp-content\/uploads\/2021\/05\/school-02-home-1.jpg","thumbnail-image-url":"https:\/\/websitedemos.net\/wp-content\/uploads\/2021\/05\/school-02-home-1.jpg","astra-page-api-url":"https:\/\/websitedemos.net\/school-02\/wp-json\/wp\/v2\/pages\/13","dynamic-page":"no","astra-page-url":"\/\/websitedemos.net\/school-02\/","astra-sites-tag":{"423":"home"},"site-pages-type":"free","site-pages-page-builder":"elementor","site-pages-category":[],"site-pages-parent-category":{"61":"free","139":"other"},"required-plugins":[{"slug":"elementor","init":"elementor\/elementor.php","name":"Elementor"}]}},"related-bb-template":"","related-elementor-template":55408,"related-gutenberg-template":55500},"id-55500":{"title":"School","id":55500,"publish-date":1622059216,"featured-image-url":"https:\/\/websitedemos.net\/wp-content\/uploads\/2021\/05\/school-08.jpg","thumbnail-image-url":"https:\/\/websitedemos.net\/wp-content\/uploads\/2021\/05\/school-08-600x2968.jpg","fullpage-thumbnail-image-url":"https:\/\/websitedemos.net\/wp-content\/uploads\/2021\/05\/school-08-400x1978.jpg","astra-site-url":"\/\/websitedemos.net\/school-08","astra-site-parent-id":2147,"astra-sites-tag":{"2154":"academics","610":"coaching","2156":"daycare","459":"education","2158":"educator","2155":"high-school","617":"kindergarten","2157":"preschool","456":"school","458":"university"},"astra-sites-type":"free","astra-site-category":{"39":"free","36":"other"},"astra-sites-template-category":{"2840":"college-university","2772":"education","2862":"preschool-kindergarten","2782":"school"},"astra-site-page-builder":"gutenberg","categories":{"2491":"educational-institutes"},"required-plugins":[{"slug":"ultimate-addons-for-gutenberg","init":"ultimate-addons-for-gutenberg\/ultimate-addons-for-gutenberg.php","name":"Spectra"},{"slug":"wpforms-lite","init":"wpforms-lite\/wpforms.php","name":"WPForms Lite"}],"post-status":"publish","post-content":"","post-excerpt":"","pages":{"id-55504":{"title":"Contact","featured-image-url":"https:\/\/websitedemos.net\/wp-content\/uploads\/2021\/05\/school-08-contact-1.jpg","thumbnail-image-url":"https:\/\/websitedemos.net\/wp-content\/uploads\/2021\/05\/school-08-contact-1-600x615.jpg","astra-page-api-url":"https:\/\/websitedemos.net\/school-08\/wp-json\/wp\/v2\/pages\/117","dynamic-page":"no","astra-page-url":"\/\/websitedemos.net\/school-08\/contact\/","astra-sites-tag":{"415":"contact"},"site-pages-type":"free","site-pages-page-builder":"gutenberg","site-pages-category":[],"site-pages-parent-category":{"61":"free","139":"other"},"required-plugins":[{"slug":"ultimate-addons-for-gutenberg","init":"ultimate-addons-for-gutenberg\/ultimate-addons-for-gutenberg.php","name":"Spectra"},{"slug":"wpforms-lite","init":"wpforms-lite\/wpforms.php","name":"WPForms Lite"}]},"id-55501":{"title":"About","featured-image-url":"https:\/\/websitedemos.net\/wp-content\/uploads\/2021\/05\/school-08-about-1.jpg","thumbnail-image-url":"https:\/\/websitedemos.net\/wp-content\/uploads\/2021\/05\/school-08-about-1-600x1294.jpg","astra-page-api-url":"https:\/\/websitedemos.net\/school-08\/wp-json\/wp\/v2\/pages\/62","dynamic-page":"no","astra-page-url":"\/\/websitedemos.net\/school-08\/about\/","astra-sites-tag":{"352":"about"},"site-pages-type":"free","site-pages-page-builder":"gutenberg","site-pages-category":[],"site-pages-parent-category":{"61":"free","139":"other"},"required-plugins":[{"slug":"ultimate-addons-for-gutenberg","init":"ultimate-addons-for-gutenberg\/ultimate-addons-for-gutenberg.php","name":"Spectra"}]},"id-55502":{"title":"Academics","featured-image-url":"https:\/\/websitedemos.net\/wp-content\/uploads\/2021\/05\/school-08academics.jpg","thumbnail-image-url":"https:\/\/websitedemos.net\/wp-content\/uploads\/2021\/05\/school-08academics-600x1776.jpg","astra-page-api-url":"https:\/\/websitedemos.net\/school-08\/wp-json\/wp\/v2\/pages\/79","dynamic-page":"no","astra-page-url":"\/\/websitedemos.net\/school-08\/academics\/","astra-sites-tag":{"2114":"academic"},"site-pages-type":"free","site-pages-page-builder":"gutenberg","site-pages-category":[],"site-pages-parent-category":{"61":"free","139":"other"},"required-plugins":[{"slug":"ultimate-addons-for-gutenberg","init":"ultimate-addons-for-gutenberg\/ultimate-addons-for-gutenberg.php","name":"Spectra"}]},"id-55503":{"title":"Activities","featured-image-url":"https:\/\/websitedemos.net\/wp-content\/uploads\/2021\/05\/school-08-activities-1.jpg","thumbnail-image-url":"https:\/\/websitedemos.net\/wp-content\/uploads\/2021\/05\/school-08-activities-1-600x1121.jpg","astra-page-api-url":"https:\/\/websitedemos.net\/school-08\/wp-json\/wp\/v2\/pages\/102","dynamic-page":"no","astra-page-url":"\/\/websitedemos.net\/school-08\/activities\/","astra-sites-tag":{"1922":"activities"},"site-pages-type":"free","site-pages-page-builder":"gutenberg","site-pages-category":[],"site-pages-parent-category":{"61":"free","139":"other"},"required-plugins":[{"slug":"ultimate-addons-for-gutenberg","init":"ultimate-addons-for-gutenberg\/ultimate-addons-for-gutenberg.php","name":"Spectra"}]},"id-55505":{"title":"Home","featured-image-url":"https:\/\/websitedemos.net\/wp-content\/uploads\/2021\/05\/school-08.jpg","thumbnail-image-url":"https:\/\/websitedemos.net\/wp-content\/uploads\/2021\/05\/school-08-600x2968.jpg","astra-page-api-url":"https:\/\/websitedemos.net\/school-08\/wp-json\/wp\/v2\/pages\/9","dynamic-page":"no","astra-page-url":"\/\/websitedemos.net\/school-08\/","astra-sites-tag":{"423":"home"},"site-pages-type":"free","site-pages-page-builder":"gutenberg","site-pages-category":[],"site-pages-parent-category":{"61":"free","139":"other"},"required-plugins":[{"slug":"ultimate-addons-for-gutenberg","init":"ultimate-addons-for-gutenberg\/ultimate-addons-for-gutenberg.php","name":"Spectra"},{"slug":"wpforms-lite","init":"wpforms-lite\/wpforms.php","name":"WPForms Lite"}]}},"related-bb-template":"","related-elementor-template":"","related-gutenberg-template":""}}