{"id-28824":{"title":"Fly Movers","id":28824,"publish-date":1565114013,"featured-image-url":"https:\/\/websitedemos.net\/wp-content\/uploads\/2019\/08\/movers-packers-03-homepage.jpg","thumbnail-image-url":"https:\/\/websitedemos.net\/wp-content\/uploads\/2019\/08\/movers-packers-03-homepage.jpg","fullpage-thumbnail-image-url":"https:\/\/websitedemos.net\/wp-content\/uploads\/2019\/08\/movers-packers-03-homepage.jpg","astra-site-url":"\/\/websitedemos.net\/movers-packers-03","astra-site-parent-id":363,"astra-sites-tag":{"364":"movers","365":"packers","366":"transport"},"astra-sites-type":"agency-mini","astra-site-category":{"27":"business"},"astra-sites-template-category":[],"astra-site-page-builder":"beaver-builder","categories":{"2473":"transport"},"required-plugins":[{"slug":"astra-addon","init":"astra-addon\/astra-addon.php","name":"Astra Pro"},{"slug":"beaver-builder-lite-version","init":"beaver-builder-lite-version\/fl-builder.php","name":"Beaver Builder Plugin (Lite Version)"},{"slug":"bb-ultimate-addon","init":"bb-ultimate-addon\/bb-ultimate-addon.php","name":"Ultimate Addons for Beaver Builder"},{"slug":"wpforms-lite","init":"wpforms-lite\/wpforms.php","name":"WPForms Lite"}],"post-status":"publish","post-content":"","post-excerpt":"","pages":{"id-28828":{"title":"Home","featured-image-url":"https:\/\/websitedemos.net\/wp-content\/uploads\/2019\/08\/movers-packers-03-homepage.jpg","thumbnail-image-url":"https:\/\/websitedemos.net\/wp-content\/uploads\/2019\/08\/movers-packers-03-homepage.jpg","astra-page-api-url":"https:\/\/websitedemos.net\/movers-packers-03\/wp-json\/wp\/v2\/pages\/124","dynamic-page":"no","astra-page-url":"\/\/websitedemos.net\/movers-packers-03\/","astra-sites-tag":{"423":"home"},"site-pages-type":"agency-mini","site-pages-page-builder":"beaver-builder","site-pages-category":[],"site-pages-parent-category":{"60":"business"},"required-plugins":[{"slug":"beaver-builder-lite-version","init":"beaver-builder-lite-version\/fl-builder.php","name":"Beaver Builder Plugin (Lite Version)"},{"slug":"bb-ultimate-addon","init":"bb-ultimate-addon\/bb-ultimate-addon.php","name":"Ultimate Addons for Beaver Builder"}]},"id-28825":{"title":"About","featured-image-url":"https:\/\/websitedemos.net\/wp-content\/uploads\/2019\/08\/movers-packers-03-about-1.jpg","thumbnail-image-url":"https:\/\/websitedemos.net\/wp-content\/uploads\/2019\/08\/movers-packers-03-about-1.jpg","astra-page-api-url":"https:\/\/websitedemos.net\/movers-packers-03\/wp-json\/wp\/v2\/pages\/69","dynamic-page":"no","astra-page-url":"\/\/websitedemos.net\/movers-packers-03\/about\/","astra-sites-tag":{"352":"about"},"site-pages-type":"agency-mini","site-pages-page-builder":"beaver-builder","site-pages-category":[],"site-pages-parent-category":{"60":"business"},"required-plugins":[{"slug":"beaver-builder-lite-version","init":"beaver-builder-lite-version\/fl-builder.php","name":"Beaver Builder Plugin (Lite Version)"},{"slug":"bb-ultimate-addon","init":"bb-ultimate-addon\/bb-ultimate-addon.php","name":"Ultimate Addons for Beaver Builder"}]},"id-28829":{"title":"Services","featured-image-url":"https:\/\/websitedemos.net\/wp-content\/uploads\/2019\/08\/movers-packers-03-services-1.jpg","thumbnail-image-url":"https:\/\/websitedemos.net\/wp-content\/uploads\/2019\/08\/movers-packers-03-services-1.jpg","astra-page-api-url":"https:\/\/websitedemos.net\/movers-packers-03\/wp-json\/wp\/v2\/pages\/125","dynamic-page":"no","astra-page-url":"\/\/websitedemos.net\/movers-packers-03\/services\/","astra-sites-tag":{"425":"services"},"site-pages-type":"agency-mini","site-pages-page-builder":"beaver-builder","site-pages-category":[],"site-pages-parent-category":{"60":"business"},"required-plugins":[{"slug":"beaver-builder-lite-version","init":"beaver-builder-lite-version\/fl-builder.php","name":"Beaver Builder Plugin (Lite Version)"},{"slug":"bb-ultimate-addon","init":"bb-ultimate-addon\/bb-ultimate-addon.php","name":"Ultimate Addons for Beaver Builder"}]},"id-28830":{"title":"Testimonials","featured-image-url":"https:\/\/websitedemos.net\/wp-content\/uploads\/2019\/08\/movers-packers-03-testimonials-1.jpg","thumbnail-image-url":"https:\/\/websitedemos.net\/wp-content\/uploads\/2019\/08\/movers-packers-03-testimonials-1.jpg","astra-page-api-url":"https:\/\/websitedemos.net\/movers-packers-03\/wp-json\/wp\/v2\/pages\/75","dynamic-page":"no","astra-page-url":"\/\/websitedemos.net\/movers-packers-03\/testimonials\/","astra-sites-tag":{"433":"testimonials"},"site-pages-type":"agency-mini","site-pages-page-builder":"beaver-builder","site-pages-category":[],"site-pages-parent-category":{"60":"business"},"required-plugins":[{"slug":"beaver-builder-lite-version","init":"beaver-builder-lite-version\/fl-builder.php","name":"Beaver Builder Plugin (Lite Version)"},{"slug":"bb-ultimate-addon","init":"bb-ultimate-addon\/bb-ultimate-addon.php","name":"Ultimate Addons for Beaver Builder"}]},"id-28827":{"title":"FAQ","featured-image-url":"https:\/\/websitedemos.net\/wp-content\/uploads\/2019\/08\/movers-packers-03-faq-1.jpg","thumbnail-image-url":"https:\/\/websitedemos.net\/wp-content\/uploads\/2019\/08\/movers-packers-03-faq-1.jpg","astra-page-api-url":"https:\/\/websitedemos.net\/movers-packers-03\/wp-json\/wp\/v2\/pages\/73","dynamic-page":"no","astra-page-url":"\/\/websitedemos.net\/movers-packers-03\/faq\/","astra-sites-tag":{"426":"faq"},"site-pages-type":"agency-mini","site-pages-page-builder":"beaver-builder","site-pages-category":[],"site-pages-parent-category":{"60":"business"},"required-plugins":[{"slug":"beaver-builder-lite-version","init":"beaver-builder-lite-version\/fl-builder.php","name":"Beaver Builder Plugin (Lite Version)"},{"slug":"bb-ultimate-addon","init":"bb-ultimate-addon\/bb-ultimate-addon.php","name":"Ultimate Addons for Beaver Builder"}]},"id-28826":{"title":"Contact","featured-image-url":"https:\/\/websitedemos.net\/wp-content\/uploads\/2019\/08\/movers-packers-03-contact-2.jpg","thumbnail-image-url":"https:\/\/websitedemos.net\/wp-content\/uploads\/2019\/08\/movers-packers-03-contact-2.jpg","astra-page-api-url":"https:\/\/websitedemos.net\/movers-packers-03\/wp-json\/wp\/v2\/pages\/71","dynamic-page":"no","astra-page-url":"\/\/websitedemos.net\/movers-packers-03\/contact\/","astra-sites-tag":{"415":"contact"},"site-pages-type":"agency-mini","site-pages-page-builder":"beaver-builder","site-pages-category":[],"site-pages-parent-category":{"60":"business"},"required-plugins":[{"slug":"beaver-builder-lite-version","init":"beaver-builder-lite-version\/fl-builder.php","name":"Beaver Builder Plugin (Lite Version)"},{"slug":"bb-ultimate-addon","init":"bb-ultimate-addon\/bb-ultimate-addon.php","name":"Ultimate Addons for Beaver Builder"},{"slug":"wpforms-lite","init":"wpforms-lite\/wpforms.php","name":"WPForms Lite"}]}},"related-bb-template":"","related-elementor-template":"","related-gutenberg-template":""},"id-28407":{"title":"Tow Services","id":28407,"publish-date":1564752014,"featured-image-url":"https:\/\/websitedemos.net\/wp-content\/uploads\/2019\/08\/tow-services-03-home01.jpg","thumbnail-image-url":"https:\/\/websitedemos.net\/wp-content\/uploads\/2019\/08\/tow-services-03-home01.jpg","fullpage-thumbnail-image-url":"https:\/\/websitedemos.net\/wp-content\/uploads\/2019\/08\/tow-services-03-home01.jpg","astra-site-url":"\/\/websitedemos.net\/tow-services-03","astra-site-parent-id":358,"astra-sites-tag":{"555":"car-tow-service","554":"emergency-services","556":"tow-services"},"astra-sites-type":"agency-mini","astra-site-category":{"27":"business"},"astra-sites-template-category":[],"astra-site-page-builder":"beaver-builder","categories":{"2473":"transport"},"required-plugins":[{"slug":"beaver-builder-lite-version","init":"beaver-builder-lite-version\/fl-builder.php","name":"Beaver Builder Plugin (Lite Version)"},{"slug":"bb-ultimate-addon","init":"bb-ultimate-addon\/bb-ultimate-addon.php","name":"Ultimate Addons for Beaver Builder"},{"slug":"wpforms-lite","init":"wpforms-lite\/wpforms.php","name":"WPForms Lite"}],"post-status":"publish","post-content":"","post-excerpt":"","pages":{"id-28411":{"title":"Home","featured-image-url":"https:\/\/websitedemos.net\/wp-content\/uploads\/2019\/08\/tow-services-03-home01.jpg","thumbnail-image-url":"https:\/\/websitedemos.net\/wp-content\/uploads\/2019\/08\/tow-services-03-home01.jpg","astra-page-api-url":"https:\/\/websitedemos.net\/tow-services-03\/wp-json\/wp\/v2\/pages\/287","dynamic-page":"no","astra-page-url":"\/\/websitedemos.net\/tow-services-03\/","astra-sites-tag":{"423":"home"},"site-pages-type":"agency-mini","site-pages-page-builder":"beaver-builder","site-pages-category":[],"site-pages-parent-category":{"60":"business"},"required-plugins":[{"slug":"beaver-builder-lite-version","init":"beaver-builder-lite-version\/fl-builder.php","name":"Beaver Builder Plugin (Lite Version)"},{"slug":"bb-ultimate-addon","init":"bb-ultimate-addon\/bb-ultimate-addon.php","name":"Ultimate Addons for Beaver Builder"}]},"id-28408":{"title":"About","featured-image-url":"https:\/\/websitedemos.net\/wp-content\/uploads\/2019\/08\/tow-services-03-about01.jpg","thumbnail-image-url":"https:\/\/websitedemos.net\/wp-content\/uploads\/2019\/08\/tow-services-03-about01.jpg","astra-page-api-url":"https:\/\/websitedemos.net\/tow-services-03\/wp-json\/wp\/v2\/pages\/288","dynamic-page":"no","astra-page-url":"\/\/websitedemos.net\/tow-services-03\/about\/","astra-sites-tag":{"352":"about"},"site-pages-type":"agency-mini","site-pages-page-builder":"beaver-builder","site-pages-category":[],"site-pages-parent-category":{"60":"business"},"required-plugins":[{"slug":"beaver-builder-lite-version","init":"beaver-builder-lite-version\/fl-builder.php","name":"Beaver Builder Plugin (Lite Version)"},{"slug":"bb-ultimate-addon","init":"bb-ultimate-addon\/bb-ultimate-addon.php","name":"Ultimate Addons for Beaver Builder"}]},"id-28412":{"title":"Services","featured-image-url":"https:\/\/websitedemos.net\/wp-content\/uploads\/2019\/08\/tow-services-03-services-1.jpg","thumbnail-image-url":"https:\/\/websitedemos.net\/wp-content\/uploads\/2019\/08\/tow-services-03-services-1.jpg","astra-page-api-url":"https:\/\/websitedemos.net\/tow-services-03\/wp-json\/wp\/v2\/pages\/10","dynamic-page":"no","astra-page-url":"\/\/websitedemos.net\/tow-services-03\/services\/","astra-sites-tag":{"425":"services"},"site-pages-type":"agency-mini","site-pages-page-builder":"beaver-builder","site-pages-category":[],"site-pages-parent-category":{"60":"business"},"required-plugins":[{"slug":"beaver-builder-lite-version","init":"beaver-builder-lite-version\/fl-builder.php","name":"Beaver Builder Plugin (Lite Version)"},{"slug":"bb-ultimate-addon","init":"bb-ultimate-addon\/bb-ultimate-addon.php","name":"Ultimate Addons for Beaver Builder"}]},"id-28413":{"title":"Testimonials","featured-image-url":"https:\/\/websitedemos.net\/wp-content\/uploads\/2019\/08\/tow-services-03-testimonials-1.jpg","thumbnail-image-url":"https:\/\/websitedemos.net\/wp-content\/uploads\/2019\/08\/tow-services-03-testimonials-1.jpg","astra-page-api-url":"https:\/\/websitedemos.net\/tow-services-03\/wp-json\/wp\/v2\/pages\/12","dynamic-page":"no","astra-page-url":"\/\/websitedemos.net\/tow-services-03\/testimonials\/","astra-sites-tag":{"433":"testimonials"},"site-pages-type":"agency-mini","site-pages-page-builder":"beaver-builder","site-pages-category":[],"site-pages-parent-category":{"60":"business"},"required-plugins":[{"slug":"beaver-builder-lite-version","init":"beaver-builder-lite-version\/fl-builder.php","name":"Beaver Builder Plugin (Lite Version)"},{"slug":"bb-ultimate-addon","init":"bb-ultimate-addon\/bb-ultimate-addon.php","name":"Ultimate Addons for Beaver Builder"}]},"id-28410":{"title":"FAQ","featured-image-url":"https:\/\/websitedemos.net\/wp-content\/uploads\/2019\/08\/tow-services-03-faq-1.jpg","thumbnail-image-url":"https:\/\/websitedemos.net\/wp-content\/uploads\/2019\/08\/tow-services-03-faq-1.jpg","astra-page-api-url":"https:\/\/websitedemos.net\/tow-services-03\/wp-json\/wp\/v2\/pages\/14","dynamic-page":"no","astra-page-url":"\/\/websitedemos.net\/tow-services-03\/faq\/","astra-sites-tag":{"426":"faq"},"site-pages-type":"agency-mini","site-pages-page-builder":"beaver-builder","site-pages-category":[],"site-pages-parent-category":{"60":"business"},"required-plugins":[{"slug":"beaver-builder-lite-version","init":"beaver-builder-lite-version\/fl-builder.php","name":"Beaver Builder Plugin (Lite Version)"},{"slug":"bb-ultimate-addon","init":"bb-ultimate-addon\/bb-ultimate-addon.php","name":"Ultimate Addons for Beaver Builder"}]},"id-28409":{"title":"Contact","featured-image-url":"https:\/\/websitedemos.net\/wp-content\/uploads\/2019\/08\/tow-services-03-contact01.jpg","thumbnail-image-url":"https:\/\/websitedemos.net\/wp-content\/uploads\/2019\/08\/tow-services-03-contact01.jpg","astra-page-api-url":"https:\/\/websitedemos.net\/tow-services-03\/wp-json\/wp\/v2\/pages\/16","dynamic-page":"no","astra-page-url":"\/\/websitedemos.net\/tow-services-03\/contact\/","astra-sites-tag":{"415":"contact"},"site-pages-type":"agency-mini","site-pages-page-builder":"beaver-builder","site-pages-category":[],"site-pages-parent-category":{"60":"business"},"required-plugins":[{"slug":"beaver-builder-lite-version","init":"beaver-builder-lite-version\/fl-builder.php","name":"Beaver Builder Plugin (Lite Version)"},{"slug":"bb-ultimate-addon","init":"bb-ultimate-addon\/bb-ultimate-addon.php","name":"Ultimate Addons for Beaver Builder"},{"slug":"wpforms-lite","init":"wpforms-lite\/wpforms.php","name":"WPForms Lite"}]}},"related-bb-template":"","related-elementor-template":"","related-gutenberg-template":""},"id-22675":{"title":"Pet Services","id":22675,"publish-date":1562655449,"featured-image-url":"https:\/\/websitedemos.net\/wp-content\/uploads\/2019\/07\/pet-sitting-homepage.jpg","thumbnail-image-url":"https:\/\/websitedemos.net\/wp-content\/uploads\/2019\/07\/pet-sitting-homepage.jpg","fullpage-thumbnail-image-url":"https:\/\/websitedemos.net\/wp-content\/uploads\/2019\/07\/pet-sitting-homepage.jpg","astra-site-url":"\/\/websitedemos.net\/pet-sitting-02","astra-site-parent-id":908,"astra-sites-tag":{"974":"cat","376":"dog-training","375":"dog-walking","1021":"local-business","374":"pet-care","372":"pet-minding","371":"pet-sitting","373":"pet-training"},"astra-sites-type":"free","astra-site-category":{"27":"business","39":"free"},"astra-sites-template-category":{"2777":"business","2809":"pet-animal","2831":"service"},"astra-site-page-builder":"elementor","categories":{"2472":"pets"},"required-plugins":[{"slug":"elementor","init":"elementor\/elementor.php","name":"Elementor"},{"slug":"header-footer-elementor","init":"header-footer-elementor\/header-footer-elementor.php","name":"Elementor - Header, Footer & Blocks"},{"slug":"wpforms-lite","init":"wpforms-lite\/wpforms.php","name":"WPForms Lite"}],"post-status":"publish","post-content":"<!-- wp:paragraph -->\n<p>The Pet Services template uses an emotive image front and center to begin building a relationship with the reader. That is complemented by friendly fonts, approachable colors and a nice feel throughout the template.<\/p>\n<!-- \/wp:paragraph -->\n\n<!-- wp:paragraph -->\n<p>The design is simple but very effective, with a combination of dark, light and the orange color keeping things light and accessible. There are a range of flexible content areas to help tell your story along with opportunities to accept donations.<\/p>\n<!-- \/wp:paragraph -->\n\n<!-- wp:heading -->\n<h2>Key features of the Pet Services template<\/h2>\n<!-- \/wp:heading -->\n\n<!-- wp:list -->\n<ul><li>Emotive image to being building relationships<\/li><li>Great use of whitespace on all pages<\/li><li>Default colors and fonts work well<\/li><li>Option to accept donations through the website<\/li><li>Full compatibility with leading page builders<\/li><\/ul>\n<!-- \/wp:list -->","post-excerpt":"Emotive template that could be used for any type of pet shop or pet services company","pages":{"id-22679":{"title":"Home","featured-image-url":"https:\/\/websitedemos.net\/wp-content\/uploads\/2019\/07\/pet-sitting-homepage.jpg","thumbnail-image-url":"https:\/\/websitedemos.net\/wp-content\/uploads\/2019\/07\/pet-sitting-homepage.jpg","astra-page-api-url":"https:\/\/websitedemos.net\/pet-sitting-02\/wp-json\/wp\/v2\/pages\/15","dynamic-page":"no","astra-page-url":"\/\/websitedemos.net\/pet-sitting-02\/","astra-sites-tag":{"423":"home"},"site-pages-type":"free","site-pages-page-builder":"elementor","site-pages-category":[],"site-pages-parent-category":{"60":"business","61":"free"},"required-plugins":[{"slug":"elementor","init":"elementor\/elementor.php","name":"Elementor"}]},"id-22676":{"title":"About Us","featured-image-url":"https:\/\/websitedemos.net\/wp-content\/uploads\/2019\/07\/pet-sitting-aboutpage.jpg","thumbnail-image-url":"https:\/\/websitedemos.net\/wp-content\/uploads\/2019\/07\/pet-sitting-aboutpage.jpg","astra-page-api-url":"https:\/\/websitedemos.net\/pet-sitting-02\/wp-json\/wp\/v2\/pages\/16","dynamic-page":"no","astra-page-url":"\/\/websitedemos.net\/pet-sitting-02\/about-us\/","astra-sites-tag":{"352":"about","455":"about-us"},"site-pages-type":"free","site-pages-page-builder":"elementor","site-pages-category":[],"site-pages-parent-category":{"60":"business","61":"free"},"required-plugins":[{"slug":"elementor","init":"elementor\/elementor.php","name":"Elementor"}]},"id-22680":{"title":"Services","featured-image-url":"https:\/\/websitedemos.net\/wp-content\/uploads\/2019\/07\/pet-sitting-services-page.jpg","thumbnail-image-url":"https:\/\/websitedemos.net\/wp-content\/uploads\/2019\/07\/pet-sitting-services-page.jpg","astra-page-api-url":"https:\/\/websitedemos.net\/pet-sitting-02\/wp-json\/wp\/v2\/pages\/18","dynamic-page":"no","astra-page-url":"\/\/websitedemos.net\/pet-sitting-02\/services\/","astra-sites-tag":{"425":"services"},"site-pages-type":"free","site-pages-page-builder":"elementor","site-pages-category":[],"site-pages-parent-category":{"60":"business","61":"free"},"required-plugins":[{"slug":"elementor","init":"elementor\/elementor.php","name":"Elementor"}]},"id-22678":{"title":"Contact Us","featured-image-url":"https:\/\/websitedemos.net\/wp-content\/uploads\/2019\/07\/pet-sitting-get-in-touch.jpg","thumbnail-image-url":"https:\/\/websitedemos.net\/wp-content\/uploads\/2019\/07\/pet-sitting-get-in-touch.jpg","astra-page-api-url":"https:\/\/websitedemos.net\/pet-sitting-02\/wp-json\/wp\/v2\/pages\/20","dynamic-page":"no","astra-page-url":"\/\/websitedemos.net\/pet-sitting-02\/contact-us\/","astra-sites-tag":{"415":"contact","454":"contact-us","377":"get-in-touch"},"site-pages-type":"free","site-pages-page-builder":"elementor","site-pages-category":[],"site-pages-parent-category":{"60":"business","61":"free"},"required-plugins":[{"slug":"elementor","init":"elementor\/elementor.php","name":"Elementor"},{"slug":"wpforms-lite","init":"wpforms-lite\/wpforms.php","name":"WPForms Lite"}]}},"related-bb-template":31976,"related-elementor-template":22675,"related-gutenberg-template":""},"id-22422":{"title":"Pool Services","id":22422,"publish-date":1562220916,"featured-image-url":"https:\/\/websitedemos.net\/wp-content\/uploads\/2019\/07\/pool-services-home.jpg","thumbnail-image-url":"https:\/\/websitedemos.net\/wp-content\/uploads\/2019\/07\/pool-services-home.jpg","fullpage-thumbnail-image-url":"https:\/\/websitedemos.net\/wp-content\/uploads\/2019\/07\/pool-services-home.jpg","astra-site-url":"\/\/websitedemos.net\/pool-services-03","astra-site-parent-id":81,"astra-sites-tag":{"567":"pool-maintenance","569":"swimming-pool","570":"water-pool"},"astra-sites-type":"agency-mini","astra-site-category":{"27":"business"},"astra-sites-template-category":[],"astra-site-page-builder":"beaver-builder","categories":{"2471":"local-technician"},"required-plugins":[{"slug":"beaver-builder-lite-version","init":"beaver-builder-lite-version\/fl-builder.php","name":"Beaver Builder Plugin (Lite Version)"},{"slug":"bb-ultimate-addon","init":"bb-ultimate-addon\/bb-ultimate-addon.php","name":"Ultimate Addons for Beaver Builder"},{"slug":"wpforms-lite","init":"wpforms-lite\/wpforms.php","name":"WPForms Lite"}],"post-status":"publish","post-content":"","post-excerpt":"","pages":{"id-22427":{"title":"Home","featured-image-url":"https:\/\/websitedemos.net\/wp-content\/uploads\/2019\/07\/pool-services-home.jpg","thumbnail-image-url":"https:\/\/websitedemos.net\/wp-content\/uploads\/2019\/07\/pool-services-home.jpg","astra-page-api-url":"https:\/\/websitedemos.net\/pool-services-03\/wp-json\/wp\/v2\/pages\/244","dynamic-page":"no","astra-page-url":"\/\/websitedemos.net\/pool-services-03\/","astra-sites-tag":{"423":"home"},"site-pages-type":"agency-mini","site-pages-page-builder":"beaver-builder","site-pages-category":[],"site-pages-parent-category":{"60":"business"},"required-plugins":[{"slug":"beaver-builder-lite-version","init":"beaver-builder-lite-version\/fl-builder.php","name":"Beaver Builder Plugin (Lite Version)"},{"slug":"bb-ultimate-addon","init":"bb-ultimate-addon\/bb-ultimate-addon.php","name":"Ultimate Addons for Beaver Builder"}]},"id-22423":{"title":"About","featured-image-url":"https:\/\/websitedemos.net\/wp-content\/uploads\/2019\/07\/pool-services-about.jpg","thumbnail-image-url":"https:\/\/websitedemos.net\/wp-content\/uploads\/2019\/07\/pool-services-about.jpg","astra-page-api-url":"https:\/\/websitedemos.net\/pool-services-03\/wp-json\/wp\/v2\/pages\/16","dynamic-page":"no","astra-page-url":"\/\/websitedemos.net\/pool-services-03\/about\/","astra-sites-tag":{"352":"about"},"site-pages-type":"agency-mini","site-pages-page-builder":"beaver-builder","site-pages-category":[],"site-pages-parent-category":{"60":"business"},"required-plugins":[{"slug":"beaver-builder-lite-version","init":"beaver-builder-lite-version\/fl-builder.php","name":"Beaver Builder Plugin (Lite Version)"},{"slug":"bb-ultimate-addon","init":"bb-ultimate-addon\/bb-ultimate-addon.php","name":"Ultimate Addons for Beaver Builder"}]},"id-22429":{"title":"Services","featured-image-url":"https:\/\/websitedemos.net\/wp-content\/uploads\/2019\/07\/pool-services-services.jpg","thumbnail-image-url":"https:\/\/websitedemos.net\/wp-content\/uploads\/2019\/07\/pool-services-services.jpg","astra-page-api-url":"https:\/\/websitedemos.net\/pool-services-03\/wp-json\/wp\/v2\/pages\/14","dynamic-page":"no","astra-page-url":"\/\/websitedemos.net\/pool-services-03\/services\/","astra-sites-tag":{"425":"services"},"site-pages-type":"agency-mini","site-pages-page-builder":"beaver-builder","site-pages-category":[],"site-pages-parent-category":{"60":"business"},"required-plugins":[{"slug":"beaver-builder-lite-version","init":"beaver-builder-lite-version\/fl-builder.php","name":"Beaver Builder Plugin (Lite Version)"},{"slug":"bb-ultimate-addon","init":"bb-ultimate-addon\/bb-ultimate-addon.php","name":"Ultimate Addons for Beaver Builder"}]},"id-22426":{"title":"Gallery","featured-image-url":"https:\/\/websitedemos.net\/wp-content\/uploads\/2019\/07\/pool-services-gallery.jpg","thumbnail-image-url":"https:\/\/websitedemos.net\/wp-content\/uploads\/2019\/07\/pool-services-gallery.jpg","astra-page-api-url":"https:\/\/websitedemos.net\/pool-services-03\/wp-json\/wp\/v2\/pages\/12","dynamic-page":"no","astra-page-url":"\/\/websitedemos.net\/pool-services-03\/gallery\/","astra-sites-tag":{"461":"gallery","444":"portfolio"},"site-pages-type":"agency-mini","site-pages-page-builder":"beaver-builder","site-pages-category":[],"site-pages-parent-category":{"60":"business"},"required-plugins":[{"slug":"beaver-builder-lite-version","init":"beaver-builder-lite-version\/fl-builder.php","name":"Beaver Builder Plugin (Lite Version)"},{"slug":"bb-ultimate-addon","init":"bb-ultimate-addon\/bb-ultimate-addon.php","name":"Ultimate Addons for Beaver Builder"}]},"id-37956":{"title":"Reviews","featured-image-url":"https:\/\/websitedemos.net\/wp-content\/uploads\/2019\/07\/pool-services-reviews.jpg","thumbnail-image-url":"https:\/\/websitedemos.net\/wp-content\/uploads\/2019\/07\/pool-services-reviews.jpg","astra-page-api-url":"https:\/\/websitedemos.net\/pool-services-03\/wp-json\/wp\/v2\/pages\/10","dynamic-page":"no","astra-page-url":"\/\/websitedemos.net\/pool-services-03\/testimonials\/","astra-sites-tag":{"433":"testimonials"},"site-pages-type":"agency-mini","site-pages-page-builder":"beaver-builder","site-pages-category":[],"site-pages-parent-category":{"60":"business"},"required-plugins":[{"slug":"beaver-builder-lite-version","init":"beaver-builder-lite-version\/fl-builder.php","name":"Beaver Builder Plugin (Lite Version)"},{"slug":"bb-ultimate-addon","init":"bb-ultimate-addon\/bb-ultimate-addon.php","name":"Ultimate Addons for Beaver Builder"}]},"id-37955":{"title":"FAQ","featured-image-url":"https:\/\/websitedemos.net\/wp-content\/uploads\/2019\/07\/pool-services-faq.jpg","thumbnail-image-url":"https:\/\/websitedemos.net\/wp-content\/uploads\/2019\/07\/pool-services-faq.jpg","astra-page-api-url":"https:\/\/websitedemos.net\/pool-services-03\/wp-json\/wp\/v2\/pages\/202","dynamic-page":"no","astra-page-url":"\/\/websitedemos.net\/pool-services-03\/faq\/","astra-sites-tag":{"426":"faq"},"site-pages-type":"agency-mini","site-pages-page-builder":"beaver-builder","site-pages-category":[],"site-pages-parent-category":{"60":"business"},"required-plugins":[{"slug":"beaver-builder-lite-version","init":"beaver-builder-lite-version\/fl-builder.php","name":"Beaver Builder Plugin (Lite Version)"},{"slug":"bb-ultimate-addon","init":"bb-ultimate-addon\/bb-ultimate-addon.php","name":"Ultimate Addons for Beaver Builder"}]},"id-22424":{"title":"Contact","featured-image-url":"https:\/\/websitedemos.net\/wp-content\/uploads\/2019\/07\/pool-services-contact.jpg","thumbnail-image-url":"https:\/\/websitedemos.net\/wp-content\/uploads\/2019\/07\/pool-services-contact.jpg","astra-page-api-url":"https:\/\/websitedemos.net\/pool-services-03\/wp-json\/wp\/v2\/pages\/245","dynamic-page":"no","astra-page-url":"\/\/websitedemos.net\/pool-services-03\/contact\/","astra-sites-tag":{"415":"contact"},"site-pages-type":"agency-mini","site-pages-page-builder":"beaver-builder","site-pages-category":[],"site-pages-parent-category":{"60":"business"},"required-plugins":[{"slug":"beaver-builder-lite-version","init":"beaver-builder-lite-version\/fl-builder.php","name":"Beaver Builder Plugin (Lite Version)"},{"slug":"bb-ultimate-addon","init":"bb-ultimate-addon\/bb-ultimate-addon.php","name":"Ultimate Addons for Beaver Builder"},{"slug":"wpforms-lite","init":"wpforms-lite\/wpforms.php","name":"WPForms Lite"}]}},"related-bb-template":"","related-elementor-template":"","related-gutenberg-template":""},"id-22129":{"title":"Shoe Store","id":22129,"publish-date":1561972554,"featured-image-url":"https:\/\/websitedemos.net\/wp-content\/uploads\/2020\/01\/shoe-store-home-page.jpg","thumbnail-image-url":"https:\/\/websitedemos.net\/wp-content\/uploads\/2020\/01\/shoe-store-home-page.jpg","fullpage-thumbnail-image-url":"https:\/\/websitedemos.net\/wp-content\/uploads\/2020\/01\/shoe-store-home-page.jpg","astra-site-url":"\/\/websitedemos.net\/shoe-store-04","astra-site-parent-id":63,"astra-sites-tag":{"2418":"commerce","1017":"e-commerce","496":"ecommerce","1817":"ecommerce-store","2419":"eshopping","2422":"online-market","732":"online-shop","2420":"online-shopping","383":"online-store","2421":"purchases","2417":"reseller","384":"running-shoes","382":"shoe-store","385":"shoes","733":"shop","2416":"shopping","2427":"sports-shoes","749":"store","966":"woo-commerce","1024":"woocommerce"},"astra-sites-type":"agency-mini","astra-site-category":{"27":"business","38":"ecommerce"},"astra-sites-template-category":{"2769":"ecommerce","2857":"online-shopping","2878":"shoes"},"astra-site-page-builder":"elementor","categories":{"2495":"ecommerce"},"required-plugins":[{"slug":"astra-addon","init":"astra-addon\/astra-addon.php","name":"Astra Pro"},{"slug":"elementor","init":"elementor\/elementor.php","name":"Elementor"},{"slug":"ultimate-elementor","init":"ultimate-elementor\/ultimate-elementor.php","name":"Ultimate Addons for Elementor"},{"slug":"woocommerce","init":"woocommerce\/woocommerce.php","name":"WooCommerce"},{"slug":"woo-cart-abandonment-recovery","init":"woo-cart-abandonment-recovery\/woo-cart-abandonment-recovery.php","name":"WooCommerce Cart Abandonment Recovery"},{"slug":"header-footer-elementor","init":"header-footer-elementor\/header-footer-elementor.php","name":"Elementor Header & Footer Builder"},{"slug":"variation-swatches-woo","init":"variation-swatches-woo\/variation-swatches-woo.php","name":"Variation Swatches for WooCommerce"}],"post-status":"publish","post-content":"<!-- wp:paragraph -->\n<p>The Shoe Store template engages as soon as you open the page. It\u2019s an eCommerce website template that sets the scene with a full screen image with graphic overlay and then unfolds into a white page with several product areas, a slider, product highlights and more.<\/p>\n<!-- \/wp:paragraph -->\n\n<!-- wp:paragraph -->\n<p>The overall design is modern, sleek and set the scene for buying. It has an excellent layout, lots of whitespace and flexible content areas you can customize to suit your exact needs. It would work for any type of store!<\/p>\n<!-- \/wp:paragraph -->\n\n<!-- wp:heading -->\n<h2>Key features of the Shoe Store template<\/h2>\n<!-- \/wp:heading -->\n\n<!-- wp:list -->\n<ul><li>Engaging eCommerce template designed to sell<\/li><li>Flexible content and product areas on every page<\/li><li>Cart in the header for seamless checkout<\/li><li>Can be customized to suit any type of store<\/li><li>Full compatibility with leading page builders<\/li><\/ul>\n<!-- \/wp:list -->","post-excerpt":"Engaging eCommerce template that can be used for any type of online store","pages":{"id-40007":{"title":"Home","featured-image-url":"https:\/\/websitedemos.net\/wp-content\/uploads\/2020\/01\/shoe-store-home-page.jpg","thumbnail-image-url":"https:\/\/websitedemos.net\/wp-content\/uploads\/2020\/01\/shoe-store-home-page.jpg","astra-page-api-url":"https:\/\/websitedemos.net\/shoe-store-04\/wp-json\/wp\/v2\/pages\/9","dynamic-page":"yes","astra-page-url":"\/\/websitedemos.net\/shoe-store-04\/","astra-sites-tag":{"423":"home","814":"homepage"},"site-pages-type":"agency-mini","site-pages-page-builder":"elementor","site-pages-category":[],"site-pages-parent-category":{"60":"business","64":"ecommerce"},"required-plugins":[{"slug":"elementor","init":"elementor\/elementor.php","name":"Elementor"},{"slug":"ultimate-elementor","init":"ultimate-elementor\/ultimate-elementor.php","name":"Ultimate Addons for Elementor"}]},"id-40005":{"title":"About","featured-image-url":"https:\/\/websitedemos.net\/wp-content\/uploads\/2020\/01\/shoe-store-04-about.jpg","thumbnail-image-url":"https:\/\/websitedemos.net\/wp-content\/uploads\/2020\/01\/shoe-store-04-about.jpg","astra-page-api-url":"https:\/\/websitedemos.net\/shoe-store-04\/wp-json\/wp\/v2\/pages\/152","dynamic-page":"no","astra-page-url":"\/\/websitedemos.net\/shoe-store-04\/about\/","astra-sites-tag":{"352":"about"},"site-pages-type":"agency-mini","site-pages-page-builder":"elementor","site-pages-category":[],"site-pages-parent-category":{"60":"business","64":"ecommerce"},"required-plugins":[{"slug":"elementor","init":"elementor\/elementor.php","name":"Elementor"},{"slug":"ultimate-elementor","init":"ultimate-elementor\/ultimate-elementor.php","name":"Ultimate Addons for Elementor"}]},"id-40006":{"title":"Contact","featured-image-url":"https:\/\/websitedemos.net\/wp-content\/uploads\/2019\/07\/id-22146-shoe-store-contact-resize.jpg","thumbnail-image-url":"https:\/\/websitedemos.net\/wp-content\/uploads\/2019\/07\/id-22146-shoe-store-contact-resize.jpg","astra-page-api-url":"https:\/\/websitedemos.net\/shoe-store-04\/wp-json\/wp\/v2\/pages\/153","dynamic-page":"no","astra-page-url":"\/\/websitedemos.net\/shoe-store-04\/contact\/","astra-sites-tag":{"415":"contact","454":"contact-us"},"site-pages-type":"agency-mini","site-pages-page-builder":"elementor","site-pages-category":[],"site-pages-parent-category":{"60":"business","64":"ecommerce"},"required-plugins":[{"slug":"elementor","init":"elementor\/elementor.php","name":"Elementor"},{"slug":"ultimate-elementor","init":"ultimate-elementor\/ultimate-elementor.php","name":"Ultimate Addons for Elementor"}]}},"related-bb-template":22296,"related-elementor-template":22129,"related-gutenberg-template":""},"id-22296":{"title":"Shoe Store","id":22296,"publish-date":1561972334,"featured-image-url":"https:\/\/websitedemos.net\/wp-content\/uploads\/2020\/01\/shoe-store-03-home.jpg","thumbnail-image-url":"https:\/\/websitedemos.net\/wp-content\/uploads\/2020\/01\/shoe-store-03-home.jpg","fullpage-thumbnail-image-url":"https:\/\/websitedemos.net\/wp-content\/uploads\/2020\/01\/shoe-store-03-home.jpg","astra-site-url":"\/\/websitedemos.net\/shoe-store-03","astra-site-parent-id":71,"astra-sites-tag":{"2418":"commerce","1017":"e-commerce","496":"ecommerce","1817":"ecommerce-store","2419":"eshopping","2422":"online-market","732":"online-shop","2420":"online-shopping","383":"online-store","2421":"purchases","2417":"reseller","384":"running-shoes","382":"shoe-store","385":"shoes","733":"shop","2416":"shopping","2427":"sports-shoes","749":"store","966":"woo-commerce","1024":"woocommerce"},"astra-sites-type":"agency-mini","astra-site-category":{"27":"business","38":"ecommerce"},"astra-sites-template-category":[],"astra-site-page-builder":"beaver-builder","categories":{"2495":"ecommerce"},"required-plugins":[{"slug":"beaver-builder-lite-version","init":"beaver-builder-lite-version\/fl-builder.php","name":"Beaver Builder Plugin (Lite Version)"},{"slug":"bb-ultimate-addon","init":"bb-ultimate-addon\/bb-ultimate-addon.php","name":"Ultimate Addons for Beaver Builder"},{"slug":"woocommerce","init":"woocommerce\/woocommerce.php","name":"WooCommerce"},{"slug":"woo-cart-abandonment-recovery","init":"woo-cart-abandonment-recovery\/woo-cart-abandonment-recovery.php","name":"WooCommerce Cart Abandonment Recovery"},{"slug":"variation-swatches-woo","init":"variation-swatches-woo\/variation-swatches-woo.php","name":"Variation Swatches for WooCommerce"}],"post-status":"publish","post-content":"","post-excerpt":"","pages":{"id-39990":{"title":"Home","featured-image-url":"https:\/\/websitedemos.net\/wp-content\/uploads\/2020\/01\/shoe-store-03-home-1.jpg","thumbnail-image-url":"https:\/\/websitedemos.net\/wp-content\/uploads\/2020\/01\/shoe-store-03-home-1.jpg","astra-page-api-url":"https:\/\/websitedemos.net\/shoe-store-03\/wp-json\/wp\/v2\/pages\/9","dynamic-page":"yes","astra-page-url":"\/\/websitedemos.net\/shoe-store-03\/","astra-sites-tag":{"423":"home","814":"homepage"},"site-pages-type":"agency-mini","site-pages-page-builder":"beaver-builder","site-pages-category":[],"site-pages-parent-category":{"60":"business","64":"ecommerce"},"required-plugins":[{"slug":"beaver-builder-lite-version","init":"beaver-builder-lite-version\/fl-builder.php","name":"Beaver Builder Plugin (Lite Version)"},{"slug":"bb-ultimate-addon","init":"bb-ultimate-addon\/bb-ultimate-addon.php","name":"Ultimate Addons for Beaver Builder"}]},"id-39988":{"title":"About","featured-image-url":"https:\/\/websitedemos.net\/wp-content\/uploads\/2020\/01\/shoe-store-03-about01.jpg","thumbnail-image-url":"https:\/\/websitedemos.net\/wp-content\/uploads\/2020\/01\/shoe-store-03-about01.jpg","astra-page-api-url":"https:\/\/websitedemos.net\/shoe-store-03\/wp-json\/wp\/v2\/pages\/152","dynamic-page":"no","astra-page-url":"\/\/websitedemos.net\/shoe-store-03\/about\/","astra-sites-tag":{"352":"about"},"site-pages-type":"agency-mini","site-pages-page-builder":"beaver-builder","site-pages-category":[],"site-pages-parent-category":{"60":"business","64":"ecommerce"},"required-plugins":[{"slug":"beaver-builder-lite-version","init":"beaver-builder-lite-version\/fl-builder.php","name":"Beaver Builder Plugin (Lite Version)"},{"slug":"bb-ultimate-addon","init":"bb-ultimate-addon\/bb-ultimate-addon.php","name":"Ultimate Addons for Beaver Builder"}]},"id-39989":{"title":"Contact","featured-image-url":"https:\/\/websitedemos.net\/wp-content\/uploads\/2020\/01\/shoe-store-03-contact01.jpg","thumbnail-image-url":"https:\/\/websitedemos.net\/wp-content\/uploads\/2020\/01\/shoe-store-03-contact01.jpg","astra-page-api-url":"https:\/\/websitedemos.net\/shoe-store-03\/wp-json\/wp\/v2\/pages\/153","dynamic-page":"no","astra-page-url":"\/\/websitedemos.net\/shoe-store-03\/contact\/","astra-sites-tag":{"415":"contact","454":"contact-us"},"site-pages-type":"agency-mini","site-pages-page-builder":"beaver-builder","site-pages-category":[],"site-pages-parent-category":{"60":"business","64":"ecommerce"},"required-plugins":[{"slug":"beaver-builder-lite-version","init":"beaver-builder-lite-version\/fl-builder.php","name":"Beaver Builder Plugin (Lite Version)"},{"slug":"bb-ultimate-addon","init":"bb-ultimate-addon\/bb-ultimate-addon.php","name":"Ultimate Addons for Beaver Builder"}]}},"related-bb-template":"","related-elementor-template":"","related-gutenberg-template":""},"id-22073":{"title":"Custom Printing","id":22073,"publish-date":1561631097,"featured-image-url":"https:\/\/websitedemos.net\/wp-content\/uploads\/2019\/10\/custom-printing-02-homepage.jpg","thumbnail-image-url":"https:\/\/websitedemos.net\/wp-content\/uploads\/2019\/10\/custom-printing-02-homepage.jpg","fullpage-thumbnail-image-url":"https:\/\/websitedemos.net\/wp-content\/uploads\/2019\/10\/custom-printing-02-homepage.jpg","astra-site-url":"\/\/websitedemos.net\/custom-printing-02","astra-site-parent-id":70,"astra-sites-tag":{"2418":"commerce","400":"custom-printing","1017":"e-commerce","496":"ecommerce","1817":"ecommerce-store","2419":"eshopping","881":"mug-printing","2422":"online-market","732":"online-shop","2420":"online-shopping","383":"online-store","967":"product-store","2421":"purchases","2417":"reseller","733":"shop","2416":"shopping","749":"store","405":"t-shirt-printing","966":"woo-commerce","1024":"woocommerce"},"astra-sites-type":"free","astra-site-category":{"38":"ecommerce","39":"free"},"astra-sites-template-category":{"2769":"ecommerce","2857":"online-shopping"},"astra-site-page-builder":"elementor","categories":{"2495":"ecommerce"},"required-plugins":[{"slug":"elementor","init":"elementor\/elementor.php","name":"Elementor"},{"slug":"woocommerce","init":"woocommerce\/woocommerce.php","name":"WooCommerce"},{"slug":"wpforms-lite","init":"wpforms-lite\/wpforms.php","name":"WPForms Lite"},{"slug":"woo-cart-abandonment-recovery","init":"woo-cart-abandonment-recovery\/woo-cart-abandonment-recovery.php","name":"WooCommerce Cart Abandonment Recovery"},{"slug":"variation-swatches-woo","init":"variation-swatches-woo\/variation-swatches-woo.php","name":"Variation Swatches for WooCommerce"}],"post-status":"publish","post-content":"<!-- wp:paragraph -->\n<p>The Custom Printing online is an online store template with an energetic, youthful vibe. It could be ideal for any type of store and could be fully customized with ease thanks to page builder compatibility.<\/p>\n<!-- \/wp:paragraph -->\n\n<!-- wp:paragraph -->\n<p>The design uses whitespace well and uses imagery to help create that feeling of engagement. There are areas for special offers, featured products and content areas you can use to showcase your products.<\/p>\n<!-- \/wp:paragraph -->\n\n<!-- wp:heading -->\n<h2>Key features of the Custom Printing template<\/h2>\n<!-- \/wp:heading -->\n\n<!-- wp:list -->\n<ul><li>Youthful eCommerce template with instant appeal<\/li><li>Uses images and superb layout to create engagement<\/li><li>Featured product and highlight sections included<\/li><li>Attractive product and category pages<\/li><li>Full compatibility with leading page builders<\/li><\/ul>\n<!-- \/wp:list -->","post-excerpt":"Youthful eCommerce template designed to sell any kind of product with ease","pages":{"id-34067":{"title":"Home","featured-image-url":"https:\/\/websitedemos.net\/wp-content\/uploads\/2019\/10\/custom-printing-02-homepage.jpg","thumbnail-image-url":"https:\/\/websitedemos.net\/wp-content\/uploads\/2019\/10\/custom-printing-02-homepage.jpg","astra-page-api-url":"https:\/\/websitedemos.net\/custom-printing-02\/wp-json\/wp\/v2\/pages\/95","dynamic-page":"yes","astra-page-url":"\/\/websitedemos.net\/custom-printing-02\/","astra-sites-tag":{"423":"home"},"site-pages-type":"free","site-pages-page-builder":"elementor","site-pages-category":[],"site-pages-parent-category":{"64":"ecommerce","61":"free"},"required-plugins":[{"slug":"elementor","init":"elementor\/elementor.php","name":"Elementor"}]},"id-22263":{"title":"About","featured-image-url":"https:\/\/websitedemos.net\/wp-content\/uploads\/2019\/06\/custom-printing-02-about-1.jpg","thumbnail-image-url":"https:\/\/websitedemos.net\/wp-content\/uploads\/2019\/06\/custom-printing-02-about-1.jpg","astra-page-api-url":"https:\/\/websitedemos.net\/custom-printing-02\/wp-json\/wp\/v2\/pages\/96","dynamic-page":"no","astra-page-url":"\/\/websitedemos.net\/custom-printing-02\/about\/","astra-sites-tag":{"352":"about"},"site-pages-type":"free","site-pages-page-builder":"elementor","site-pages-category":[],"site-pages-parent-category":{"64":"ecommerce","61":"free"},"required-plugins":[{"slug":"elementor","init":"elementor\/elementor.php","name":"Elementor"}]},"id-22265":{"title":"Contact","featured-image-url":"https:\/\/websitedemos.net\/wp-content\/uploads\/2019\/06\/custom-printing-02-contact-1.jpg","thumbnail-image-url":"https:\/\/websitedemos.net\/wp-content\/uploads\/2019\/06\/id-22265-custom-printing-contact-resize.jpg","astra-page-api-url":"https:\/\/websitedemos.net\/custom-printing-02\/wp-json\/wp\/v2\/pages\/15","dynamic-page":"no","astra-page-url":"\/\/websitedemos.net\/custom-printing-02\/contact\/","astra-sites-tag":{"415":"contact"},"site-pages-type":"free","site-pages-page-builder":"elementor","site-pages-category":[],"site-pages-parent-category":{"64":"ecommerce","61":"free"},"required-plugins":[{"slug":"elementor","init":"elementor\/elementor.php","name":"Elementor"},{"slug":"wpforms-lite","init":"wpforms-lite\/wpforms.php","name":"WPForms Lite"}]}},"related-bb-template":21821,"related-elementor-template":22073,"related-gutenberg-template":49095},"id-48300":{"title":"Custom Printing","id":48300,"publish-date":1603905872,"featured-image-url":"https:\/\/websitedemos.net\/wp-content\/uploads\/2020\/10\/custom-printing-08.jpg","thumbnail-image-url":"https:\/\/websitedemos.net\/wp-content\/uploads\/2020\/10\/custom-printing-08-600x2002.jpg","fullpage-thumbnail-image-url":"https:\/\/websitedemos.net\/wp-content\/uploads\/2020\/10\/custom-printing-08-400x1335.jpg","astra-site-url":"\/\/websitedemos.net\/custom-printing-08","astra-site-parent-id":1719,"astra-sites-tag":{"2418":"commerce","400":"custom-printing","1017":"e-commerce","496":"ecommerce","1817":"ecommerce-store","2419":"eshopping","881":"mug-printing","2422":"online-market","732":"online-shop","2420":"online-shopping","383":"online-store","967":"product-store","2421":"purchases","2417":"reseller","733":"shop","2416":"shopping","749":"store","405":"t-shirt-printing","966":"woo-commerce","1024":"woocommerce"},"astra-sites-type":"free","astra-site-category":{"38":"ecommerce","39":"free"},"astra-sites-template-category":[],"astra-site-page-builder":"gutenberg","categories":{"2495":"ecommerce"},"required-plugins":[{"slug":"ultimate-addons-for-gutenberg","init":"ultimate-addons-for-gutenberg\/ultimate-addons-for-gutenberg.php","name":"Spectra"},{"slug":"woocommerce","init":"woocommerce\/woocommerce.php","name":"WooCommerce"},{"slug":"wpforms-lite","init":"wpforms-lite\/wpforms.php","name":"WPForms Lite"},{"slug":"woo-cart-abandonment-recovery","init":"woo-cart-abandonment-recovery\/woo-cart-abandonment-recovery.php","name":"WooCommerce Cart Abandonment Recovery"},{"slug":"astra-widgets","init":"astra-widgets\/astra-widgets.php","name":"Astra Widgets"},{"slug":"variation-swatches-woo","init":"variation-swatches-woo\/variation-swatches-woo.php","name":"Variation Swatches for WooCommerce"}],"post-status":"publish","post-content":"","post-excerpt":"","pages":{"id-48303":{"title":"Home","featured-image-url":"https:\/\/websitedemos.net\/wp-content\/uploads\/2020\/10\/custom-printing-08.jpg","thumbnail-image-url":"https:\/\/websitedemos.net\/wp-content\/uploads\/2020\/10\/custom-printing-08-600x2002.jpg","astra-page-api-url":"https:\/\/websitedemos.net\/custom-printing-08\/wp-json\/wp\/v2\/pages\/2089","dynamic-page":"yes","astra-page-url":"\/\/websitedemos.net\/custom-printing-08\/","astra-sites-tag":{"814":"homepage"},"site-pages-type":"free","site-pages-page-builder":"gutenberg","site-pages-category":[],"site-pages-parent-category":{"64":"ecommerce","61":"free"},"required-plugins":[{"slug":"ultimate-addons-for-gutenberg","init":"ultimate-addons-for-gutenberg\/ultimate-addons-for-gutenberg.php","name":"Spectra"}]},"id-48301":{"title":"About","featured-image-url":"https:\/\/websitedemos.net\/wp-content\/uploads\/2020\/10\/custom-printing-08-about.jpg","thumbnail-image-url":"https:\/\/websitedemos.net\/wp-content\/uploads\/2020\/10\/custom-printing-08-about-600x1552.jpg","astra-page-api-url":"https:\/\/websitedemos.net\/custom-printing-08\/wp-json\/wp\/v2\/pages\/2161","dynamic-page":"no","astra-page-url":"\/\/websitedemos.net\/custom-printing-08\/about\/","astra-sites-tag":{"352":"about"},"site-pages-type":"free","site-pages-page-builder":"gutenberg","site-pages-category":[],"site-pages-parent-category":{"64":"ecommerce","61":"free"},"required-plugins":[{"slug":"ultimate-addons-for-gutenberg","init":"ultimate-addons-for-gutenberg\/ultimate-addons-for-gutenberg.php","name":"Spectra"}]},"id-48302":{"title":"Contact","featured-image-url":"https:\/\/websitedemos.net\/wp-content\/uploads\/2020\/10\/custom-printing-08-contact.jpg","thumbnail-image-url":"https:\/\/websitedemos.net\/wp-content\/uploads\/2020\/10\/custom-printing-08-contact-600x554.jpg","astra-page-api-url":"https:\/\/websitedemos.net\/custom-printing-08\/wp-json\/wp\/v2\/pages\/2162","dynamic-page":"no","astra-page-url":"\/\/websitedemos.net\/custom-printing-08\/contact\/","astra-sites-tag":{"415":"contact"},"site-pages-type":"free","site-pages-page-builder":"gutenberg","site-pages-category":[],"site-pages-parent-category":{"64":"ecommerce","61":"free"},"required-plugins":[{"slug":"ultimate-addons-for-gutenberg","init":"ultimate-addons-for-gutenberg\/ultimate-addons-for-gutenberg.php","name":"Spectra"},{"slug":"wpforms-lite","init":"wpforms-lite\/wpforms.php","name":"WPForms Lite"}]}},"related-bb-template":"","related-elementor-template":"","related-gutenberg-template":""},"id-55450":{"title":"Professional Services","id":55450,"publish-date":1621891265,"featured-image-url":"https:\/\/websitedemos.net\/wp-content\/uploads\/2021\/05\/professional-services-02-1.jpg","thumbnail-image-url":"https:\/\/websitedemos.net\/wp-content\/uploads\/2021\/05\/professional-services-02-1.jpg","fullpage-thumbnail-image-url":"https:\/\/websitedemos.net\/wp-content\/uploads\/2021\/05\/professional-services-02-1.jpg","astra-site-url":"\/\/websitedemos.net\/professional-services-02","astra-site-parent-id":2122,"astra-sites-tag":{"2131":"accounting-firm","2135":"advisory-services","2134":"advocate","2133":"advocate-firm","2132":"auditing-firm","2136":"business-coaching","2129":"professional-coaching"},"astra-sites-type":"free","astra-site-category":{"27":"business","39":"free"},"astra-sites-template-category":{"2777":"business","2825":"coaching","2794":"consulting","2831":"service"},"astra-site-page-builder":"elementor","categories":{"2483":"expert-services"},"required-plugins":[{"slug":"elementor","init":"elementor\/elementor.php","name":"Elementor"},{"slug":"wpforms-lite","init":"wpforms-lite\/wpforms.php","name":"WPForms Lite"}],"post-status":"publish","post-content":"<!-- wp:paragraph -->\n<p>The Professional Services template is a flexible business template that could be used for any type of website. It uses classic design with light and dark areas, images and a calm yellow contrast color.<\/p>\n<!-- \/wp:paragraph -->\n\n<!-- wp:paragraph -->\n<p>The template includes essential content areas for products and services and the ability to add, change or remove anything you see on the page. It\u2019s a very relaxed design that could work for many types of business with minimal effort.<\/p>\n<!-- \/wp:paragraph -->\n\n<!-- wp:heading -->\n<h2>Key features of the Professional Services template<\/h2>\n<!-- \/wp:heading -->\n\n<!-- wp:list -->\n<ul><li>Calm, professional template ideal for any niche<\/li><li>Classic design with light, dark, images and content<\/li><li>Create a business website with minimal effort<\/li><li>Effective contrast color for calls to action<\/li><li>Full compatibility with leading page builders<\/li><\/ul>\n<!-- \/wp:list -->","post-excerpt":"Calm web design that includes everything the modern business needs to communicate","pages":[],"related-bb-template":"","related-elementor-template":55450,"related-gutenberg-template":55455},"id-55455":{"title":"Professional Services","id":55455,"publish-date":1621891263,"featured-image-url":"https:\/\/websitedemos.net\/wp-content\/uploads\/2021\/05\/professional-services-08-2.jpg","thumbnail-image-url":"https:\/\/websitedemos.net\/wp-content\/uploads\/2021\/05\/professional-services-08-2-600x1765.jpg","fullpage-thumbnail-image-url":"https:\/\/websitedemos.net\/wp-content\/uploads\/2021\/05\/professional-services-08-2-400x1177.jpg","astra-site-url":"\/\/websitedemos.net\/professional-services-08","astra-site-parent-id":2123,"astra-sites-tag":{"2131":"accounting-firm","2135":"advisory-services","2134":"advocate","2133":"advocate-firm","2132":"auditing-firm","2136":"business-coaching","2129":"professional-coaching"},"astra-sites-type":"free","astra-site-category":{"27":"business","39":"free"},"astra-sites-template-category":[],"astra-site-page-builder":"gutenberg","categories":{"2483":"expert-services"},"required-plugins":[{"slug":"wpforms-lite","init":"wpforms-lite\/wpforms.php","name":"WPForms Lite"},{"slug":"ultimate-addons-for-gutenberg","init":"ultimate-addons-for-gutenberg\/ultimate-addons-for-gutenberg.php","name":"Spectra"}],"post-status":"publish","post-content":"","post-excerpt":"","pages":{"id-55459":{"title":"Services","featured-image-url":"https:\/\/websitedemos.net\/wp-content\/uploads\/2021\/05\/professional-services-08-services-1.jpg","thumbnail-image-url":"https:\/\/websitedemos.net\/wp-content\/uploads\/2021\/05\/professional-services-08-services-1-600x1034.jpg","astra-page-api-url":"https:\/\/websitedemos.net\/professional-services-08\/wp-json\/wp\/v2\/pages\/8","dynamic-page":"no","astra-page-url":"\/\/websitedemos.net\/professional-services-08\/services\/","astra-sites-tag":{"425":"services"},"site-pages-type":"free","site-pages-page-builder":"gutenberg","site-pages-category":[],"site-pages-parent-category":{"60":"business","61":"free"},"required-plugins":[{"slug":"ultimate-addons-for-gutenberg","init":"ultimate-addons-for-gutenberg\/ultimate-addons-for-gutenberg.php","name":"Spectra"}]},"id-55456":{"title":"About Us","featured-image-url":"https:\/\/websitedemos.net\/wp-content\/uploads\/2021\/05\/professional-services-08-about-us-1.jpg","thumbnail-image-url":"https:\/\/websitedemos.net\/wp-content\/uploads\/2021\/05\/professional-services-08-about-us-1-600x1490.jpg","astra-page-api-url":"https:\/\/websitedemos.net\/professional-services-08\/wp-json\/wp\/v2\/pages\/7","dynamic-page":"no","astra-page-url":"\/\/websitedemos.net\/professional-services-08\/about-us\/","astra-sites-tag":{"352":"about"},"site-pages-type":"free","site-pages-page-builder":"gutenberg","site-pages-category":[],"site-pages-parent-category":{"60":"business","61":"free"},"required-plugins":[{"slug":"ultimate-addons-for-gutenberg","init":"ultimate-addons-for-gutenberg\/ultimate-addons-for-gutenberg.php","name":"Spectra"}]},"id-55457":{"title":"Contact Us","featured-image-url":"https:\/\/websitedemos.net\/wp-content\/uploads\/2021\/05\/professional-services-08-contact-us-1.jpg","thumbnail-image-url":"https:\/\/websitedemos.net\/wp-content\/uploads\/2021\/05\/professional-services-08-contact-us-1-600x1010.jpg","astra-page-api-url":"https:\/\/websitedemos.net\/professional-services-08\/wp-json\/wp\/v2\/pages\/9","dynamic-page":"no","astra-page-url":"\/\/websitedemos.net\/professional-services-08\/contact-us\/","astra-sites-tag":{"415":"contact"},"site-pages-type":"free","site-pages-page-builder":"gutenberg","site-pages-category":[],"site-pages-parent-category":{"60":"business","61":"free"},"required-plugins":[{"slug":"ultimate-addons-for-gutenberg","init":"ultimate-addons-for-gutenberg\/ultimate-addons-for-gutenberg.php","name":"Spectra"},{"slug":"wpforms-lite","init":"wpforms-lite\/wpforms.php","name":"WPForms Lite"}]},"id-55458":{"title":"Home","featured-image-url":"https:\/\/websitedemos.net\/wp-content\/uploads\/2021\/05\/professional-services-08-2.jpg","thumbnail-image-url":"https:\/\/websitedemos.net\/wp-content\/uploads\/2021\/05\/professional-services-08-2-600x1765.jpg","astra-page-api-url":"https:\/\/websitedemos.net\/professional-services-08\/wp-json\/wp\/v2\/pages\/6","dynamic-page":"no","astra-page-url":"\/\/websitedemos.net\/professional-services-08\/","astra-sites-tag":{"423":"home"},"site-pages-type":"free","site-pages-page-builder":"gutenberg","site-pages-category":[],"site-pages-parent-category":{"60":"business","61":"free"},"required-plugins":[{"slug":"ultimate-addons-for-gutenberg","init":"ultimate-addons-for-gutenberg\/ultimate-addons-for-gutenberg.php","name":"Spectra"}]}},"related-bb-template":"","related-elementor-template":"","related-gutenberg-template":""},"id-22137":{"title":"Yoga Studio","id":22137,"publish-date":1561627601,"featured-image-url":"https:\/\/websitedemos.net\/wp-content\/uploads\/2019\/06\/yoga-03-page.jpg","thumbnail-image-url":"https:\/\/websitedemos.net\/wp-content\/uploads\/2019\/06\/yoga-03-page.jpg","fullpage-thumbnail-image-url":"https:\/\/websitedemos.net\/wp-content\/uploads\/2019\/06\/yoga-03-page.jpg","astra-site-url":"\/\/websitedemos.net\/yoga-03","astra-site-parent-id":65,"astra-sites-tag":{"499":"fitness","976":"gym-instructor","395":"yoga-instructor","397":"yoga-studio","398":"yoga-trainer"},"astra-sites-type":"agency-mini","astra-site-category":{"27":"business"},"astra-sites-template-category":[],"astra-site-page-builder":"beaver-builder","categories":{"2480":"fitness-wellness"},"required-plugins":[{"slug":"beaver-builder-lite-version","init":"beaver-builder-lite-version\/fl-builder.php","name":"Beaver Builder Plugin (Lite Version)"},{"slug":"bb-ultimate-addon","init":"bb-ultimate-addon\/bb-ultimate-addon.php","name":"Ultimate Addons for Beaver Builder"}],"post-status":"publish","post-content":"","post-excerpt":"","pages":{"id-22140":{"title":"June Flint","featured-image-url":"https:\/\/websitedemos.net\/wp-content\/uploads\/2019\/06\/yoga-03-page.jpg","thumbnail-image-url":"https:\/\/websitedemos.net\/wp-content\/uploads\/2019\/06\/yoga-03-page.jpg","astra-page-api-url":"https:\/\/websitedemos.net\/yoga-03\/wp-json\/wp\/v2\/pages\/47","dynamic-page":"no","astra-page-url":"\/\/websitedemos.net\/yoga-03\/","astra-sites-tag":{"423":"home","814":"homepage"},"site-pages-type":"agency-mini","site-pages-page-builder":"beaver-builder","site-pages-category":[],"site-pages-parent-category":{"60":"business"},"required-plugins":[{"slug":"beaver-builder-lite-version","init":"beaver-builder-lite-version\/fl-builder.php","name":"Beaver Builder Plugin (Lite Version)"},{"slug":"bb-ultimate-addon","init":"bb-ultimate-addon\/bb-ultimate-addon.php","name":"Ultimate Addons for Beaver Builder"}]}},"related-bb-template":"","related-elementor-template":"","related-gutenberg-template":""},"id-22117":{"title":"Accountant","id":22117,"publish-date":1561440953,"featured-image-url":"https:\/\/websitedemos.net\/wp-content\/uploads\/2019\/07\/chartered-accountant-01-page.jpg","thumbnail-image-url":"https:\/\/websitedemos.net\/wp-content\/uploads\/2019\/07\/chartered-accountant-01-page.jpg","fullpage-thumbnail-image-url":"https:\/\/websitedemos.net\/wp-content\/uploads\/2019\/07\/chartered-accountant-01-page.jpg","astra-site-url":"\/\/websitedemos.net\/chartered-accountant-01","astra-site-parent-id":86,"astra-sites-tag":{"447":"accountant","448":"accounting","449":"chartered-accountant","446":"finance"},"astra-sites-type":"free","astra-site-category":{"27":"business","39":"free"},"astra-sites-template-category":[],"astra-site-page-builder":"beaver-builder","categories":{"2481":"finance-service"},"required-plugins":[{"slug":"beaver-builder-lite-version","init":"beaver-builder-lite-version\/fl-builder.php","name":"Beaver Builder Plugin (Lite Version)"},{"slug":"ultimate-addons-for-beaver-builder-lite","init":"ultimate-addons-for-beaver-builder-lite\/bb-ultimate-addon.php","name":"Ultimate Addons for Beaver Builder - Lite"},{"slug":"wpforms-lite","init":"wpforms-lite\/wpforms.php","name":"WPForms Lite"}],"post-status":"publish","post-content":"","post-excerpt":"","pages":{"id-22715":{"title":"Home","featured-image-url":"https:\/\/websitedemos.net\/wp-content\/uploads\/2019\/07\/chartered-accountant-01-page.jpg","thumbnail-image-url":"https:\/\/websitedemos.net\/wp-content\/uploads\/2019\/07\/chartered-accountant-01-page.jpg","astra-page-api-url":"https:\/\/websitedemos.net\/chartered-accountant-01\/wp-json\/wp\/v2\/pages\/126","dynamic-page":"no","astra-page-url":"\/\/websitedemos.net\/chartered-accountant-01\/","astra-sites-tag":{"423":"home"},"site-pages-type":"free","site-pages-page-builder":"beaver-builder","site-pages-category":[],"site-pages-parent-category":{"60":"business","61":"free"},"required-plugins":[{"slug":"beaver-builder-lite-version","init":"beaver-builder-lite-version\/fl-builder.php","name":"Beaver Builder Plugin (Lite Version)"},{"slug":"ultimate-addons-for-beaver-builder-lite","init":"ultimate-addons-for-beaver-builder-lite\/bb-ultimate-addon.php","name":"Ultimate Addons for Beaver Builder - Lite"},{"slug":"wpforms-lite","init":"wpforms-lite\/wpforms.php","name":"WPForms Lite"}]},"id-22713":{"title":"About","featured-image-url":"https:\/\/websitedemos.net\/wp-content\/uploads\/2019\/07\/chartered-accountant-about.jpg","thumbnail-image-url":"https:\/\/websitedemos.net\/wp-content\/uploads\/2019\/07\/chartered-accountant-about.jpg","astra-page-api-url":"https:\/\/websitedemos.net\/chartered-accountant-01\/wp-json\/wp\/v2\/pages\/127","dynamic-page":"no","astra-page-url":"\/\/websitedemos.net\/chartered-accountant-01\/about\/","astra-sites-tag":{"352":"about"},"site-pages-type":"free","site-pages-page-builder":"beaver-builder","site-pages-category":[],"site-pages-parent-category":{"60":"business","61":"free"},"required-plugins":[{"slug":"beaver-builder-lite-version","init":"beaver-builder-lite-version\/fl-builder.php","name":"Beaver Builder Plugin (Lite Version)"},{"slug":"ultimate-addons-for-beaver-builder-lite","init":"ultimate-addons-for-beaver-builder-lite\/bb-ultimate-addon.php","name":"Ultimate Addons for Beaver Builder - Lite"}]},"id-22716":{"title":"Services","featured-image-url":"https:\/\/websitedemos.net\/wp-content\/uploads\/2019\/07\/chartered-accountant-services.jpg","thumbnail-image-url":"https:\/\/websitedemos.net\/wp-content\/uploads\/2019\/07\/chartered-accountant-services.jpg","astra-page-api-url":"https:\/\/websitedemos.net\/chartered-accountant-01\/wp-json\/wp\/v2\/pages\/128","dynamic-page":"no","astra-page-url":"\/\/websitedemos.net\/chartered-accountant-01\/services\/","astra-sites-tag":{"425":"services"},"site-pages-type":"free","site-pages-page-builder":"beaver-builder","site-pages-category":[],"site-pages-parent-category":{"60":"business","61":"free"},"required-plugins":[{"slug":"beaver-builder-lite-version","init":"beaver-builder-lite-version\/fl-builder.php","name":"Beaver Builder Plugin (Lite Version)"},{"slug":"ultimate-addons-for-beaver-builder-lite","init":"ultimate-addons-for-beaver-builder-lite\/bb-ultimate-addon.php","name":"Ultimate Addons for Beaver Builder - Lite"}]},"id-22718":{"title":"Why choose me","featured-image-url":"https:\/\/websitedemos.net\/wp-content\/uploads\/2019\/07\/chartered-accountant-whychooseme.jpg","thumbnail-image-url":"https:\/\/websitedemos.net\/wp-content\/uploads\/2019\/07\/chartered-accountant-whychooseme.jpg","astra-page-api-url":"https:\/\/websitedemos.net\/chartered-accountant-01\/wp-json\/wp\/v2\/pages\/12","dynamic-page":"no","astra-page-url":"\/\/websitedemos.net\/chartered-accountant-01\/why-choose-me\/","astra-sites-tag":{"760":"why-choose-us"},"site-pages-type":"free","site-pages-page-builder":"beaver-builder","site-pages-category":[],"site-pages-parent-category":{"60":"business","61":"free"},"required-plugins":[{"slug":"beaver-builder-lite-version","init":"beaver-builder-lite-version\/fl-builder.php","name":"Beaver Builder Plugin (Lite Version)"},{"slug":"ultimate-addons-for-beaver-builder-lite","init":"ultimate-addons-for-beaver-builder-lite\/bb-ultimate-addon.php","name":"Ultimate Addons for Beaver Builder - Lite"}]},"id-22717":{"title":"Testimonials","featured-image-url":"https:\/\/websitedemos.net\/wp-content\/uploads\/2019\/07\/chartered-accountant-01-testimonials-1.jpg","thumbnail-image-url":"https:\/\/websitedemos.net\/wp-content\/uploads\/2019\/07\/chartered-accountant-01-testimonials-1.jpg","astra-page-api-url":"https:\/\/websitedemos.net\/chartered-accountant-01\/wp-json\/wp\/v2\/pages\/14","dynamic-page":"no","astra-page-url":"\/\/websitedemos.net\/chartered-accountant-01\/testimonials\/","astra-sites-tag":{"433":"testimonials"},"site-pages-type":"free","site-pages-page-builder":"beaver-builder","site-pages-category":[],"site-pages-parent-category":{"60":"business","61":"free"},"required-plugins":[{"slug":"beaver-builder-lite-version","init":"beaver-builder-lite-version\/fl-builder.php","name":"Beaver Builder Plugin (Lite Version)"},{"slug":"ultimate-addons-for-beaver-builder-lite","init":"ultimate-addons-for-beaver-builder-lite\/bb-ultimate-addon.php","name":"Ultimate Addons for Beaver Builder - Lite"}]},"id-22714":{"title":"Contact","featured-image-url":"https:\/\/websitedemos.net\/wp-content\/uploads\/2019\/07\/chartered-accountant-contact.jpg","thumbnail-image-url":"https:\/\/websitedemos.net\/wp-content\/uploads\/2019\/07\/chartered-accountant-contact.jpg","astra-page-api-url":"https:\/\/websitedemos.net\/chartered-accountant-01\/wp-json\/wp\/v2\/pages\/16","dynamic-page":"no","astra-page-url":"\/\/websitedemos.net\/chartered-accountant-01\/contact\/","astra-sites-tag":{"415":"contact"},"site-pages-type":"free","site-pages-page-builder":"beaver-builder","site-pages-category":[],"site-pages-parent-category":{"60":"business","61":"free"},"required-plugins":[{"slug":"beaver-builder-lite-version","init":"beaver-builder-lite-version\/fl-builder.php","name":"Beaver Builder Plugin (Lite Version)"},{"slug":"ultimate-addons-for-beaver-builder-lite","init":"ultimate-addons-for-beaver-builder-lite\/bb-ultimate-addon.php","name":"Ultimate Addons for Beaver Builder - Lite"},{"slug":"wpforms-lite","init":"wpforms-lite\/wpforms.php","name":"WPForms Lite"}]}},"related-bb-template":"","related-elementor-template":"","related-gutenberg-template":""},"id-22317":{"title":"Photographer","id":22317,"publish-date":1561719372,"featured-image-url":"https:\/\/websitedemos.net\/wp-content\/uploads\/2019\/06\/photographer-08-1.jpg","thumbnail-image-url":"https:\/\/websitedemos.net\/wp-content\/uploads\/2019\/06\/photographer-08-1-600x2538.jpg","fullpage-thumbnail-image-url":"https:\/\/websitedemos.net\/wp-content\/uploads\/2019\/06\/photographer-08-1-400x1692.jpg","astra-site-url":"\/\/websitedemos.net\/photographer-08","astra-site-parent-id":75,"astra-sites-tag":{"513":"camera","482":"fashion","515":"lens","510":"modelling","511":"photographer","509":"photography","444":"portfolio","514":"videography","512":"wedding-shoot"},"astra-sites-type":"free","astra-site-category":{"37":"blog","39":"free"},"astra-sites-template-category":{"2770":"personal","2773":"photography","2768":"portfolio","2831":"service"},"astra-site-page-builder":"gutenberg","categories":{"2485":"photography","2488":"portfolio"},"required-plugins":[{"slug":"ultimate-addons-for-gutenberg","init":"ultimate-addons-for-gutenberg\/ultimate-addons-for-gutenberg.php","name":"Spectra"}],"post-status":"publish","post-content":"","post-excerpt":"","pages":{"id-22320":{"title":"Home","featured-image-url":"https:\/\/websitedemos.net\/wp-content\/uploads\/2019\/06\/photographer-08-1.jpg","thumbnail-image-url":"https:\/\/websitedemos.net\/wp-content\/uploads\/2019\/06\/photographer-08-1-600x2538.jpg","astra-page-api-url":"https:\/\/websitedemos.net\/photographer-08\/wp-json\/wp\/v2\/pages\/8","dynamic-page":"no","astra-page-url":"\/\/websitedemos.net\/photographer-08\/","astra-sites-tag":{"423":"home"},"site-pages-type":"free","site-pages-page-builder":"gutenberg","site-pages-category":[],"site-pages-parent-category":{"74":"blog","61":"free"},"required-plugins":[{"slug":"ultimate-addons-for-gutenberg","init":"ultimate-addons-for-gutenberg\/ultimate-addons-for-gutenberg.php","name":"Spectra"}]},"id-22318":{"title":"About","featured-image-url":"https:\/\/websitedemos.net\/wp-content\/uploads\/2019\/06\/photographer-08-about-1.jpg","thumbnail-image-url":"https:\/\/websitedemos.net\/wp-content\/uploads\/2019\/06\/photographer-08-about-1-600x1349.jpg","astra-page-api-url":"https:\/\/websitedemos.net\/photographer-08\/wp-json\/wp\/v2\/pages\/26","dynamic-page":"no","astra-page-url":"\/\/websitedemos.net\/photographer-08\/about\/","astra-sites-tag":{"352":"about"},"site-pages-type":"free","site-pages-page-builder":"gutenberg","site-pages-category":[],"site-pages-parent-category":{"74":"blog","61":"free"},"required-plugins":[{"slug":"ultimate-addons-for-gutenberg","init":"ultimate-addons-for-gutenberg\/ultimate-addons-for-gutenberg.php","name":"Spectra"}]},"id-22319":{"title":"Blog","featured-image-url":"https:\/\/websitedemos.net\/wp-content\/uploads\/2019\/06\/photographer-08-blog-1.jpg","thumbnail-image-url":"https:\/\/websitedemos.net\/wp-content\/uploads\/2019\/06\/photographer-08-blog-1-600x961.jpg","astra-page-api-url":"https:\/\/websitedemos.net\/photographer-08\/wp-json\/wp\/v2\/pages\/267","dynamic-page":"no","astra-page-url":"\/\/websitedemos.net\/photographer-08\/blog\/","astra-sites-tag":{"480":"blog"},"site-pages-type":"free","site-pages-page-builder":"gutenberg","site-pages-category":[],"site-pages-parent-category":{"74":"blog","61":"free"},"required-plugins":[{"slug":"ultimate-addons-for-gutenberg","init":"ultimate-addons-for-gutenberg\/ultimate-addons-for-gutenberg.php","name":"Spectra"}]}},"related-bb-template":"","related-elementor-template":"","related-gutenberg-template":""},"id-22100":{"title":"Yoga Studio","id":22100,"publish-date":1561091955,"featured-image-url":"https:\/\/websitedemos.net\/wp-content\/uploads\/2019\/06\/yoga-04-homepage.jpg","thumbnail-image-url":"https:\/\/websitedemos.net\/wp-content\/uploads\/2019\/06\/yoga-04-homepage.jpg","fullpage-thumbnail-image-url":"https:\/\/websitedemos.net\/wp-content\/uploads\/2019\/06\/yoga-04-homepage.jpg","astra-site-url":"\/\/websitedemos.net\/yoga-04","astra-site-parent-id":62,"astra-sites-tag":{"499":"fitness","976":"gym-instructor","399":"one-page","1020":"personal","463":"single-page","395":"yoga-instructor","397":"yoga-studio","398":"yoga-trainer"},"astra-sites-type":"agency-mini","astra-site-category":{"27":"business"},"astra-sites-template-category":{"2787":"gym-fitness","2771":"one-page","2770":"personal","2808":"yoga"},"astra-site-page-builder":"elementor","categories":{"2480":"fitness-wellness","2927":"one-page"},"required-plugins":[{"slug":"elementor","init":"elementor\/elementor.php","name":"Elementor"},{"slug":"ultimate-elementor","init":"ultimate-elementor\/ultimate-elementor.php","name":"Ultimate Addons for Elementor"},{"slug":"wpforms-lite","init":"wpforms-lite\/wpforms.php","name":"WPForms Lite"}],"post-status":"publish","post-content":"<!-- wp:paragraph -->\n<p>The Yoga Studio web template is as relaxing and embracing as yoga itself. It opens gently with a shaded image and comfortable green colorway before opening up to whitespace and calm graphics.<\/p>\n<!-- \/wp:paragraph -->\n\n<!-- wp:paragraph -->\n<p>The template includes essential content areas for yoga studios including product and service areas, awards and qualifications, classes and times and call to action buttons for reservations. You will want for nothing with this template!<\/p>\n<!-- \/wp:paragraph -->\n\n<!-- wp:heading -->\n<h2>Key features of the Yoga Studio template<\/h2>\n<!-- \/wp:heading -->\n\n<!-- wp:list -->\n<ul><li>Calm and tranquil design ideal for the yoga niche<\/li><li>Includes essential content areas for yoga studios<\/li><li>Extra pages all relevant to the niche<\/li><li>Popup contact form works well<\/li><li>Full compatibility with leading page builders<\/li><\/ul>\n<!-- \/wp:list -->","post-excerpt":"Tranquil website design for yoga teachers, yoga studios and wellness centers","pages":{"id-22124":{"title":"June Flint","featured-image-url":"https:\/\/websitedemos.net\/wp-content\/uploads\/2019\/06\/yoga-04-homepage.jpg","thumbnail-image-url":"https:\/\/websitedemos.net\/wp-content\/uploads\/2019\/06\/yoga-04-homepage.jpg","astra-page-api-url":"https:\/\/websitedemos.net\/yoga-04\/wp-json\/wp\/v2\/pages\/4","dynamic-page":"no","astra-page-url":"\/\/websitedemos.net\/yoga-04\/","astra-sites-tag":{"423":"home"},"site-pages-type":"agency-mini","site-pages-page-builder":"elementor","site-pages-category":[],"site-pages-parent-category":{"60":"business"},"required-plugins":[{"slug":"elementor","init":"elementor\/elementor.php","name":"Elementor"},{"slug":"ultimate-elementor","init":"ultimate-elementor\/ultimate-elementor.php","name":"Ultimate Addons for Elementor"},{"slug":"wpforms-lite","init":"wpforms-lite\/wpforms.php","name":"WPForms Lite"}]}},"related-bb-template":22137,"related-elementor-template":49236,"related-gutenberg-template":""},"id-22080":{"title":"Disc Jockey","id":22080,"publish-date":1560835755,"featured-image-url":"https:\/\/websitedemos.net\/wp-content\/uploads\/2019\/07\/disc-jockey-04-homepage.jpg","thumbnail-image-url":"https:\/\/websitedemos.net\/wp-content\/uploads\/2019\/07\/disc-jockey-04-homepage.jpg","fullpage-thumbnail-image-url":"https:\/\/websitedemos.net\/wp-content\/uploads\/2019\/07\/disc-jockey-04-homepage.jpg","astra-site-url":"\/\/websitedemos.net\/disc-jockey-04","astra-site-parent-id":77,"astra-sites-tag":{"408":"disk-jockey","406":"dj","409":"event","407":"music","969":"musician","1022":"professional"},"astra-sites-type":"agency-mini","astra-site-category":{"27":"business"},"astra-sites-template-category":{"2869":"dj","2781":"music","2770":"personal","2768":"portfolio","2801":"video"},"astra-site-page-builder":"elementor","categories":{"2486":"art-music"},"required-plugins":[{"slug":"elementor","init":"elementor\/elementor.php","name":"Elementor"},{"slug":"ultimate-elementor","init":"ultimate-elementor\/ultimate-elementor.php","name":"Ultimate Addons for Elementor"},{"slug":"wpforms-lite","init":"wpforms-lite\/wpforms.php","name":"WPForms Lite"}],"post-status":"publish","post-content":"<!-- wp:paragraph -->\n<p>The Disc Jockey template is instantly engaging and designed to make an impact. It includes a vibrant video background and coloured overlay with headlines and an area to share the dates of your next show.<\/p>\n<!-- \/wp:paragraph -->\n\n<!-- wp:paragraph -->\n<p>The rest of the template uses a compelling design to share who you are, sell your latest releases, promote your shows and generally tell your story. If you\u2019re a performer of any kind, this template has all the features you need.<\/p>\n<!-- \/wp:paragraph -->\n\n<!-- wp:heading -->\n<h2>Key features of the Disc Jockey template<\/h2>\n<!-- \/wp:heading -->\n\n<!-- wp:list -->\n<ul><li>Engaging muted video background<\/li><li>Vibrant colors and design<\/li><li>Includes readymade content areas ideal for the niche<\/li><li>Fully compatible with WooCommerce or Easy Digital Downloads<\/li><li>Full compatibility with leading page builders<\/li><\/ul>\n<!-- \/wp:list -->","post-excerpt":"Dark, atmospheric template ideal for websites for DJs, performers and artists","pages":{"id-22360":{"title":"Home","featured-image-url":"https:\/\/websitedemos.net\/wp-content\/uploads\/2019\/07\/disc-jockey-04-homepage.jpg","thumbnail-image-url":"https:\/\/websitedemos.net\/wp-content\/uploads\/2019\/07\/disc-jockey-04-homepage.jpg","astra-page-api-url":"https:\/\/websitedemos.net\/disc-jockey-04\/wp-json\/wp\/v2\/pages\/5","dynamic-page":"no","astra-page-url":"\/\/websitedemos.net\/disc-jockey-04\/","astra-sites-tag":{"423":"home"},"site-pages-type":"agency-mini","site-pages-page-builder":"elementor","site-pages-category":[],"site-pages-parent-category":{"60":"business"},"required-plugins":[{"slug":"elementor","init":"elementor\/elementor.php","name":"Elementor"},{"slug":"ultimate-elementor","init":"ultimate-elementor\/ultimate-elementor.php","name":"Ultimate Addons for Elementor"}]},"id-22356":{"title":"About","featured-image-url":"https:\/\/websitedemos.net\/wp-content\/uploads\/2019\/07\/disc-jockey-04-about-1.jpg","thumbnail-image-url":"https:\/\/websitedemos.net\/wp-content\/uploads\/2019\/07\/disc-jockey-04-about-1.jpg","astra-page-api-url":"https:\/\/websitedemos.net\/disc-jockey-04\/wp-json\/wp\/v2\/pages\/7","dynamic-page":"no","astra-page-url":"\/\/websitedemos.net\/disc-jockey-04\/about\/","astra-sites-tag":{"352":"about","455":"about-us"},"site-pages-type":"agency-mini","site-pages-page-builder":"elementor","site-pages-category":[],"site-pages-parent-category":{"60":"business"},"required-plugins":[{"slug":"elementor","init":"elementor\/elementor.php","name":"Elementor"},{"slug":"ultimate-elementor","init":"ultimate-elementor\/ultimate-elementor.php","name":"Ultimate Addons for Elementor"}]},"id-36386":{"title":"Shows","featured-image-url":"https:\/\/websitedemos.net\/wp-content\/uploads\/2020\/01\/disc-jockey-04-shows-1.jpg","thumbnail-image-url":"https:\/\/websitedemos.net\/wp-content\/uploads\/2020\/01\/disc-jockey-04-shows-1.jpg","astra-page-api-url":"https:\/\/websitedemos.net\/disc-jockey-04\/wp-json\/wp\/v2\/pages\/508","dynamic-page":"no","astra-page-url":"\/\/websitedemos.net\/disc-jockey-04\/shows\/","astra-sites-tag":{"444":"portfolio"},"site-pages-type":"agency-mini","site-pages-page-builder":"elementor","site-pages-category":[],"site-pages-parent-category":{"60":"business"},"required-plugins":[{"slug":"elementor","init":"elementor\/elementor.php","name":"Elementor"},{"slug":"ultimate-elementor","init":"ultimate-elementor\/ultimate-elementor.php","name":"Ultimate Addons for Elementor"}]},"id-22358":{"title":"Discography","featured-image-url":"https:\/\/websitedemos.net\/wp-content\/uploads\/2019\/07\/disc-jockey-04-discography-1.jpg","thumbnail-image-url":"https:\/\/websitedemos.net\/wp-content\/uploads\/2019\/07\/disc-jockey-04-discography-1.jpg","astra-page-api-url":"https:\/\/websitedemos.net\/disc-jockey-04\/wp-json\/wp\/v2\/pages\/15","dynamic-page":"no","astra-page-url":"\/\/websitedemos.net\/disc-jockey-04\/discography\/","astra-sites-tag":{"763":"discography","451":"work"},"site-pages-type":"agency-mini","site-pages-page-builder":"elementor","site-pages-category":[],"site-pages-parent-category":{"60":"business"},"required-plugins":[{"slug":"elementor","init":"elementor\/elementor.php","name":"Elementor"},{"slug":"ultimate-elementor","init":"ultimate-elementor\/ultimate-elementor.php","name":"Ultimate Addons for Elementor"}]},"id-22359":{"title":"Gallery","featured-image-url":"https:\/\/websitedemos.net\/wp-content\/uploads\/2019\/07\/disc-jockey-04-gallery-1.jpg","thumbnail-image-url":"https:\/\/websitedemos.net\/wp-content\/uploads\/2019\/07\/disc-jockey-04-gallery-1.jpg","astra-page-api-url":"https:\/\/websitedemos.net\/disc-jockey-04\/wp-json\/wp\/v2\/pages\/11","dynamic-page":"no","astra-page-url":"\/\/websitedemos.net\/disc-jockey-04\/gallery\/","astra-sites-tag":{"461":"gallery","444":"portfolio","451":"work"},"site-pages-type":"agency-mini","site-pages-page-builder":"elementor","site-pages-category":[],"site-pages-parent-category":{"60":"business"},"required-plugins":[{"slug":"elementor","init":"elementor\/elementor.php","name":"Elementor"},{"slug":"ultimate-elementor","init":"ultimate-elementor\/ultimate-elementor.php","name":"Ultimate Addons for Elementor"}]},"id-22357":{"title":"Contact","featured-image-url":"https:\/\/websitedemos.net\/wp-content\/uploads\/2019\/07\/disc-jockey-04-contact-1.jpg","thumbnail-image-url":"https:\/\/websitedemos.net\/wp-content\/uploads\/2019\/07\/disc-jockey-04-contact-1.jpg","astra-page-api-url":"https:\/\/websitedemos.net\/disc-jockey-04\/wp-json\/wp\/v2\/pages\/13","dynamic-page":"no","astra-page-url":"\/\/websitedemos.net\/disc-jockey-04\/contact\/","astra-sites-tag":{"415":"contact","377":"get-in-touch"},"site-pages-type":"agency-mini","site-pages-page-builder":"elementor","site-pages-category":[],"site-pages-parent-category":{"60":"business"},"required-plugins":[{"slug":"elementor","init":"elementor\/elementor.php","name":"Elementor"},{"slug":"ultimate-elementor","init":"ultimate-elementor\/ultimate-elementor.php","name":"Ultimate Addons for Elementor"},{"slug":"wpforms-lite","init":"wpforms-lite\/wpforms.php","name":"WPForms Lite"}]}},"related-bb-template":45510,"related-elementor-template":22080,"related-gutenberg-template":""}}