{"id-48149":{"title":"Life Coach","id":48149,"publish-date":1603893471,"featured-image-url":"https:\/\/websitedemos.net\/wp-content\/uploads\/2020\/10\/life-coach-sara-john-08.jpg","thumbnail-image-url":"https:\/\/websitedemos.net\/wp-content\/uploads\/2020\/10\/life-coach-sara-john-08-600x1518.jpg","fullpage-thumbnail-image-url":"https:\/\/websitedemos.net\/wp-content\/uploads\/2020\/10\/life-coach-sara-john-08-400x1012.jpg","astra-site-url":"\/\/websitedemos.net\/life-coach-sara-john-08","astra-site-parent-id":1704,"astra-sites-tag":{"610":"coaching","608":"guidance","612":"life-coach","609":"motivator","611":"self-improvement"},"astra-sites-type":"free","astra-site-category":{"38":"ecommerce","39":"free"},"astra-sites-template-category":{"2839":"author-writer","2814":"bookstore","2825":"coaching","2769":"ecommerce","2874":"life-coach","2770":"personal"},"astra-site-page-builder":"gutenberg","categories":{"2483":"expert-services"},"required-plugins":[{"slug":"woocommerce","init":"woocommerce\/woocommerce.php","name":"WooCommerce"},{"slug":"woo-cart-abandonment-recovery","init":"woo-cart-abandonment-recovery\/woo-cart-abandonment-recovery.php","name":"WooCommerce Cart Abandonment Recovery"},{"slug":"wpforms-lite","init":"wpforms-lite\/wpforms.php","name":"WPForms Lite"},{"slug":"variation-swatches-woo","init":"variation-swatches-woo\/variation-swatches-woo.php","name":"Variation Swatches for WooCommerce"},{"slug":"ultimate-addons-for-gutenberg","init":"ultimate-addons-for-gutenberg\/ultimate-addons-for-gutenberg.php","name":"Spectra"}],"post-status":"publish","post-content":"","post-excerpt":"","pages":{"id-48171":{"title":"About","featured-image-url":"https:\/\/websitedemos.net\/wp-content\/uploads\/2020\/10\/life-coach-sara-john-08-about-4.jpg","thumbnail-image-url":"https:\/\/websitedemos.net\/wp-content\/uploads\/2020\/10\/life-coach-sara-john-08-about-4-600x1199.jpg","astra-page-api-url":"https:\/\/websitedemos.net\/life-coach-sara-john-08\/wp-json\/wp\/v2\/pages\/1368","dynamic-page":"no","astra-page-url":"\/\/websitedemos.net\/life-coach-sara-john-08\/about\/","astra-sites-tag":{"352":"about"},"site-pages-type":"free","site-pages-page-builder":"gutenberg","site-pages-category":[],"site-pages-parent-category":{"64":"ecommerce","61":"free"},"required-plugins":[{"slug":"ultimate-addons-for-gutenberg","init":"ultimate-addons-for-gutenberg\/ultimate-addons-for-gutenberg.php","name":"Spectra"}]},"id-48172":{"title":"Books","featured-image-url":"https:\/\/websitedemos.net\/wp-content\/uploads\/2020\/10\/life-coach-sara-john-08-books-2.jpg","thumbnail-image-url":"https:\/\/websitedemos.net\/wp-content\/uploads\/2020\/10\/life-coach-sara-john-08-books-2-600x1382.jpg","astra-page-api-url":"https:\/\/websitedemos.net\/life-coach-sara-john-08\/wp-json\/wp\/v2\/pages\/1370","dynamic-page":"no","astra-page-url":"\/\/websitedemos.net\/life-coach-sara-john-08\/books\/","astra-sites-tag":{"727":"book"},"site-pages-type":"free","site-pages-page-builder":"gutenberg","site-pages-category":[],"site-pages-parent-category":{"64":"ecommerce","61":"free"},"required-plugins":[{"slug":"ultimate-addons-for-gutenberg","init":"ultimate-addons-for-gutenberg\/ultimate-addons-for-gutenberg.php","name":"Spectra"}]},"id-48173":{"title":"Contact","featured-image-url":"https:\/\/websitedemos.net\/wp-content\/uploads\/2020\/10\/life-coach-sara-john-08-contact-2.jpg","thumbnail-image-url":"https:\/\/websitedemos.net\/wp-content\/uploads\/2020\/10\/life-coach-sara-john-08-contact-2-600x738.jpg","astra-page-api-url":"https:\/\/websitedemos.net\/life-coach-sara-john-08\/wp-json\/wp\/v2\/pages\/1372","dynamic-page":"no","astra-page-url":"\/\/websitedemos.net\/life-coach-sara-john-08\/contact\/","astra-sites-tag":{"415":"contact"},"site-pages-type":"free","site-pages-page-builder":"gutenberg","site-pages-category":[],"site-pages-parent-category":{"64":"ecommerce","61":"free"},"required-plugins":[{"slug":"ultimate-addons-for-gutenberg","init":"ultimate-addons-for-gutenberg\/ultimate-addons-for-gutenberg.php","name":"Spectra"},{"slug":"wpforms-lite","init":"wpforms-lite\/wpforms.php","name":"WPForms Lite"}]},"id-48174":{"title":"Home","featured-image-url":"https:\/\/websitedemos.net\/wp-content\/uploads\/2020\/10\/life-coach-sara-john-08.jpg","thumbnail-image-url":"https:\/\/websitedemos.net\/wp-content\/uploads\/2020\/10\/life-coach-sara-john-08-600x1518.jpg","astra-page-api-url":"https:\/\/websitedemos.net\/life-coach-sara-john-08\/wp-json\/wp\/v2\/pages\/1376","dynamic-page":"no","astra-page-url":"\/\/websitedemos.net\/life-coach-sara-john-08\/","astra-sites-tag":{"423":"home"},"site-pages-type":"free","site-pages-page-builder":"gutenberg","site-pages-category":[],"site-pages-parent-category":{"64":"ecommerce","61":"free"},"required-plugins":[{"slug":"ultimate-addons-for-gutenberg","init":"ultimate-addons-for-gutenberg\/ultimate-addons-for-gutenberg.php","name":"Spectra"}]},"id-48175":{"title":"Work With Me","featured-image-url":"https:\/\/websitedemos.net\/wp-content\/uploads\/2020\/10\/life-coach-sara-john-08-work-with-me.jpg","thumbnail-image-url":"https:\/\/websitedemos.net\/wp-content\/uploads\/2020\/10\/life-coach-sara-john-08-work-with-me-600x1249.jpg","astra-page-api-url":"https:\/\/websitedemos.net\/life-coach-sara-john-08\/wp-json\/wp\/v2\/pages\/1374","dynamic-page":"yes","astra-page-url":"\/\/websitedemos.net\/life-coach-sara-john-08\/work-with-me\/","astra-sites-tag":{"784":"work-with-me"},"site-pages-type":"free","site-pages-page-builder":"gutenberg","site-pages-category":[],"site-pages-parent-category":{"64":"ecommerce","61":"free"},"required-plugins":[{"slug":"ultimate-addons-for-gutenberg","init":"ultimate-addons-for-gutenberg\/ultimate-addons-for-gutenberg.php","name":"Spectra"}]}},"related-bb-template":"","related-elementor-template":"","related-gutenberg-template":""},"id-51415":{"title":"Pharmaceutical Company","id":51415,"publish-date":1617130217,"featured-image-url":"https:\/\/websitedemos.net\/wp-content\/uploads\/2021\/03\/pharmaceutical-02-home.jpg","thumbnail-image-url":"https:\/\/websitedemos.net\/wp-content\/uploads\/2021\/03\/pharmaceutical-02-home.jpg","fullpage-thumbnail-image-url":"https:\/\/websitedemos.net\/wp-content\/uploads\/2021\/03\/pharmaceutical-02-home.jpg","astra-site-url":"\/\/websitedemos.net\/pharmaceutical-02","astra-site-parent-id":1884,"astra-sites-tag":{"1888":"pharma","1890":"pharma-company","1891":"pharmaceutical-company","1889":"pharmaceuticals"},"astra-sites-type":"free","astra-site-category":{"27":"business","39":"free"},"astra-sites-template-category":{"2777":"business","2834":"healthcare","2841":"medical-clinic"},"astra-site-page-builder":"elementor","categories":{"2474":"manufacturing"},"required-plugins":[{"slug":"elementor","init":"elementor\/elementor.php","name":"Elementor"},{"slug":"header-footer-elementor","init":"header-footer-elementor\/header-footer-elementor.php","name":"Elementor Header & Footer Builder"},{"slug":"wpforms-lite","init":"wpforms-lite\/wpforms.php","name":"WPForms Lite"}],"post-status":"publish","post-content":"<!-- wp:paragraph -->\n<p>The Pharmaceutical Company template has a light, inclusive feel that uses colors related to the medical feel to inspire confidence and communicate meaning. Modern fonts, animations and quality images combine with customizable content areas to tell your story.<\/p>\n<!-- \/wp:paragraph -->\n\n<!-- wp:paragraph -->\n<p>The template includes lots of space on the homepage to outline products and services and supplementary pages to expand and convert visitors. The overall look and feel of the template is positive and reassuring, just what pharmaceutical companies or the medical profession needs to communicate.<\/p>\n<!-- \/wp:paragraph -->\n\n<!-- wp:heading -->\n<h2>Key features of the Pharmaceutical Company template<\/h2>\n<!-- \/wp:heading -->\n\n<!-- wp:list -->\n<ul><li>Reassuring website design ideal for pharma or the medical field<\/li><li>Includes lots of content areas for products and services<\/li><li>Lots of whitespace helps your message stand out<\/li><li>Supplementary pages ideal for the niche<\/li><li>Full compatibility with leading page builders<\/li><\/ul>\n<!-- \/wp:list -->","post-excerpt":"Reassuring website design with some nice touches, ideal for pharmaceutical companies","pages":{"id-51416":{"title":"Company","featured-image-url":"https:\/\/websitedemos.net\/wp-content\/uploads\/2021\/03\/pharmaceutical-02-company.jpg","thumbnail-image-url":"https:\/\/websitedemos.net\/wp-content\/uploads\/2021\/03\/pharmaceutical-02-company.jpg","astra-page-api-url":"https:\/\/websitedemos.net\/pharmaceutical-02\/wp-json\/wp\/v2\/pages\/357","dynamic-page":"no","astra-page-url":"\/\/websitedemos.net\/pharmaceutical-02\/company\/","astra-sites-tag":{"352":"about","979":"company"},"site-pages-type":"free","site-pages-page-builder":"elementor","site-pages-category":[],"site-pages-parent-category":{"60":"business","61":"free"},"required-plugins":[{"slug":"elementor","init":"elementor\/elementor.php","name":"Elementor"}]},"id-51417":{"title":"Contact","featured-image-url":"https:\/\/websitedemos.net\/wp-content\/uploads\/2021\/03\/pharmaceutical-02-contact.jpg","thumbnail-image-url":"https:\/\/websitedemos.net\/wp-content\/uploads\/2021\/03\/pharmaceutical-02-contact.jpg","astra-page-api-url":"https:\/\/websitedemos.net\/pharmaceutical-02\/wp-json\/wp\/v2\/pages\/771","dynamic-page":"no","astra-page-url":"\/\/websitedemos.net\/pharmaceutical-02\/contact\/","astra-sites-tag":{"415":"contact"},"site-pages-type":"free","site-pages-page-builder":"elementor","site-pages-category":[],"site-pages-parent-category":{"60":"business","61":"free"},"required-plugins":[{"slug":"elementor","init":"elementor\/elementor.php","name":"Elementor"},{"slug":"wpforms-lite","init":"wpforms-lite\/wpforms.php","name":"WPForms Lite"}]},"id-51418":{"title":"Home","featured-image-url":"https:\/\/websitedemos.net\/wp-content\/uploads\/2021\/03\/pharmaceutical-02-home.jpg","thumbnail-image-url":"https:\/\/websitedemos.net\/wp-content\/uploads\/2021\/03\/pharmaceutical-02-home.jpg","astra-page-api-url":"https:\/\/websitedemos.net\/pharmaceutical-02\/wp-json\/wp\/v2\/pages\/16","dynamic-page":"no","astra-page-url":"\/\/websitedemos.net\/pharmaceutical-02\/","astra-sites-tag":{"423":"home"},"site-pages-type":"free","site-pages-page-builder":"elementor","site-pages-category":[],"site-pages-parent-category":{"60":"business","61":"free"},"required-plugins":[{"slug":"elementor","init":"elementor\/elementor.php","name":"Elementor"}]},"id-51419":{"title":"Products","featured-image-url":"https:\/\/websitedemos.net\/wp-content\/uploads\/2021\/03\/pharmaceutical-02-products.jpg","thumbnail-image-url":"https:\/\/websitedemos.net\/wp-content\/uploads\/2021\/03\/pharmaceutical-02-products.jpg","astra-page-api-url":"https:\/\/websitedemos.net\/pharmaceutical-02\/wp-json\/wp\/v2\/pages\/458","dynamic-page":"no","astra-page-url":"\/\/websitedemos.net\/pharmaceutical-02\/products\/","astra-sites-tag":{"540":"products"},"site-pages-type":"free","site-pages-page-builder":"elementor","site-pages-category":[],"site-pages-parent-category":{"60":"business","61":"free"},"required-plugins":[{"slug":"elementor","init":"elementor\/elementor.php","name":"Elementor"}]},"id-51420":{"title":"Research &amp; Development","featured-image-url":"https:\/\/websitedemos.net\/wp-content\/uploads\/2021\/03\/pharmaceutical-02-research.jpg","thumbnail-image-url":"https:\/\/websitedemos.net\/wp-content\/uploads\/2021\/03\/pharmaceutical-02-research.jpg","astra-page-api-url":"https:\/\/websitedemos.net\/pharmaceutical-02\/wp-json\/wp\/v2\/pages\/611","dynamic-page":"no","astra-page-url":"\/\/websitedemos.net\/pharmaceutical-02\/research-and-development\/","astra-sites-tag":{"1887":"process","1886":"research"},"site-pages-type":"free","site-pages-page-builder":"elementor","site-pages-category":[],"site-pages-parent-category":{"60":"business","61":"free"},"required-plugins":[{"slug":"elementor","init":"elementor\/elementor.php","name":"Elementor"}]}},"related-bb-template":"","related-elementor-template":"","related-gutenberg-template":""},"id-51578":{"title":"Family Lawyer","id":51578,"publish-date":1617821337,"featured-image-url":"https:\/\/websitedemos.net\/wp-content\/uploads\/2021\/04\/family-lawyer-02-home.jpg","thumbnail-image-url":"https:\/\/websitedemos.net\/wp-content\/uploads\/2021\/04\/family-lawyer-02-home.jpg","fullpage-thumbnail-image-url":"https:\/\/websitedemos.net\/wp-content\/uploads\/2021\/04\/family-lawyer-02-home.jpg","astra-site-url":"\/\/websitedemos.net\/family-lawyer-02","astra-site-parent-id":1941,"astra-sites-tag":{"912":"attorneys","1943":"divorce-lawyer","1942":"family-lawyer","706":"lawyer","1870":"lawyer-firm"},"astra-sites-type":"free","astra-site-category":{"27":"business","39":"free"},"astra-sites-template-category":{"2777":"business","2824":"law-firm","2831":"service"},"astra-site-page-builder":"elementor","categories":{"2482":"law"},"required-plugins":[{"slug":"elementor","init":"elementor\/elementor.php","name":"Elementor"},{"slug":"header-footer-elementor","init":"header-footer-elementor\/header-footer-elementor.php","name":"Elementor - Header, Footer & Blocks"},{"slug":"wpforms-lite","init":"wpforms-lite\/wpforms.php","name":"WPForms Lite"}],"post-status":"publish","post-content":"<!-- wp:paragraph -->\n<p>The Family Lawyer template is a sober design ideal for an industry like the law. It remains approachable and welcoming though, thanks to friendly fonts and a nice contrast color. The overall design helps create authority and trust, two things a lawyer needs.<\/p>\n<!-- \/wp:paragraph -->\n\n<!-- wp:paragraph -->\n<p>The template includes a simple header with a background image and opens up into a white background with borderless content areas to show products, services and specialties. Everything can be customized to suit your business with minimal effort to create something truly unique.<\/p>\n<!-- \/wp:paragraph -->\n\n<!-- wp:heading -->\n<h2>Key features of the Family Lawyer template<\/h2>\n<!-- \/wp:heading -->\n\n<!-- wp:list -->\n<ul><li>Modern design that helps build trust and authority<\/li><li>Customizable homepage so you can showcase your services<\/li><li>Borderless content areas make the page flow seamlessly<\/li><li>Extra pages ideal for the legal profession<\/li><li>Full compatibility with leading page builders<\/li><\/ul>\n<!-- \/wp:list -->","post-excerpt":"Modern business web template ideal for lawyers and the legal profession","pages":{"id-51579":{"title":"About Us","featured-image-url":"https:\/\/websitedemos.net\/wp-content\/uploads\/2021\/04\/family-lawyer-02-about-us.jpg","thumbnail-image-url":"https:\/\/websitedemos.net\/wp-content\/uploads\/2021\/04\/family-lawyer-02-about-us.jpg","astra-page-api-url":"https:\/\/websitedemos.net\/family-lawyer-02\/wp-json\/wp\/v2\/pages\/9","dynamic-page":"no","astra-page-url":"\/\/websitedemos.net\/family-lawyer-02\/about-us\/","astra-sites-tag":{"352":"about","912":"attorneys"},"site-pages-type":"free","site-pages-page-builder":"elementor","site-pages-category":[],"site-pages-parent-category":{"60":"business","61":"free"},"required-plugins":[{"slug":"elementor","init":"elementor\/elementor.php","name":"Elementor"}]},"id-51580":{"title":"Contact","featured-image-url":"https:\/\/websitedemos.net\/wp-content\/uploads\/2021\/04\/family-lawyer-02-contact.jpg","thumbnail-image-url":"https:\/\/websitedemos.net\/wp-content\/uploads\/2021\/04\/family-lawyer-02-contact.jpg","astra-page-api-url":"https:\/\/websitedemos.net\/family-lawyer-02\/wp-json\/wp\/v2\/pages\/17","dynamic-page":"no","astra-page-url":"\/\/websitedemos.net\/family-lawyer-02\/contact\/","astra-sites-tag":{"415":"contact"},"site-pages-type":"free","site-pages-page-builder":"elementor","site-pages-category":[],"site-pages-parent-category":{"60":"business","61":"free"},"required-plugins":[{"slug":"elementor","init":"elementor\/elementor.php","name":"Elementor"},{"slug":"wpforms-lite","init":"wpforms-lite\/wpforms.php","name":"WPForms Lite"}]},"id-51581":{"title":"Home","featured-image-url":"https:\/\/websitedemos.net\/wp-content\/uploads\/2021\/04\/family-lawyer-02-home.jpg","thumbnail-image-url":"https:\/\/websitedemos.net\/wp-content\/uploads\/2021\/04\/family-lawyer-02-home.jpg","astra-page-api-url":"https:\/\/websitedemos.net\/family-lawyer-02\/wp-json\/wp\/v2\/pages\/7","dynamic-page":"no","astra-page-url":"\/\/websitedemos.net\/family-lawyer-02\/","astra-sites-tag":{"423":"home"},"site-pages-type":"free","site-pages-page-builder":"elementor","site-pages-category":[],"site-pages-parent-category":{"60":"business","61":"free"},"required-plugins":[{"slug":"elementor","init":"elementor\/elementor.php","name":"Elementor"}]},"id-51582":{"title":"Practice Areas","featured-image-url":"https:\/\/websitedemos.net\/wp-content\/uploads\/2021\/04\/family-lawyer-02-practice-areas.jpg","thumbnail-image-url":"https:\/\/websitedemos.net\/wp-content\/uploads\/2021\/04\/family-lawyer-02-practice-areas.jpg","astra-page-api-url":"https:\/\/websitedemos.net\/family-lawyer-02\/wp-json\/wp\/v2\/pages\/11","dynamic-page":"no","astra-page-url":"\/\/websitedemos.net\/family-lawyer-02\/practice-areas\/","astra-sites-tag":{"707":"practice-area","425":"services"},"site-pages-type":"free","site-pages-page-builder":"elementor","site-pages-category":[],"site-pages-parent-category":{"60":"business","61":"free"},"required-plugins":[{"slug":"elementor","init":"elementor\/elementor.php","name":"Elementor"}]}},"related-bb-template":"","related-elementor-template":"","related-gutenberg-template":""},"id-57319":{"title":"Book Store","id":57319,"publish-date":1629996901,"featured-image-url":"https:\/\/websitedemos.net\/wp-content\/uploads\/2021\/08\/book-store-02-home.jpg","thumbnail-image-url":"https:\/\/websitedemos.net\/wp-content\/uploads\/2021\/08\/book-store-02-home.jpg","fullpage-thumbnail-image-url":"https:\/\/websitedemos.net\/wp-content\/uploads\/2021\/08\/book-store-02-home.jpg","astra-site-url":"\/\/websitedemos.net\/book-store-02","astra-site-parent-id":2319,"astra-sites-tag":{"724":"author","2355":"author-book-store","2354":"author-portfolio","2353":"book-writer","2352":"books-store","496":"ecommerce","383":"online-store","1024":"woocommerce"},"astra-sites-type":"free","astra-site-category":{"38":"ecommerce","39":"free"},"astra-sites-template-category":{"2839":"author-writer","2814":"bookstore","2769":"ecommerce","2770":"personal"},"astra-site-page-builder":"elementor","categories":{"2495":"ecommerce"},"required-plugins":[{"slug":"elementor","init":"elementor\/elementor.php","name":"Elementor"},{"slug":"woocommerce","init":"woocommerce\/woocommerce.php","name":"WooCommerce"},{"slug":"wpforms-lite","init":"wpforms-lite\/wpforms.php","name":"WPForms Lite"},{"slug":"variation-swatches-woo","init":"variation-swatches-woo\/variation-swatches-woo.php","name":"Variation Swatches for WooCommerce"}],"post-status":"publish","post-content":"<!-- wp:paragraph -->\n<p>The Book Store website template is a focused template designed for small books stores or authors who want to sell directly to the public. It\u2019s a relaxed design with the header section set up to showcase your latest publication.<\/p>\n<!-- \/wp:paragraph -->\n\n<!-- wp:paragraph -->\n<p>The template integrates seamlessly with WooCommerce so you can sell digital downloads or physical books from the site. There are customizable content areas throughout and a range of calls to action, image options, testimonials and review options to include if you want.<\/p>\n<!-- \/wp:paragraph -->\n\n<!-- wp:heading -->\n<h2>Key features of the Book Store template<\/h2>\n<!-- \/wp:heading -->\n\n<!-- wp:list -->\n<ul><li>Relaxed design that lets products shine<\/li><li>Optional extra sections for books and categories<\/li><li>Fully compatible with WooCommerce for direct sales<\/li><li>Customizable sections and pages for any type of store<\/li><li>Full compatibility with leading page builders<\/li><\/ul>\n<!-- \/wp:list -->","post-excerpt":"Relaxed web template ideal for book stores and authors who want to sell direct","pages":{"id-57334":{"title":"About Author","featured-image-url":"https:\/\/websitedemos.net\/wp-content\/uploads\/2021\/08\/book-store-02-biography-1.jpg","thumbnail-image-url":"https:\/\/websitedemos.net\/wp-content\/uploads\/2021\/08\/book-store-02-biography-1.jpg","astra-page-api-url":"https:\/\/websitedemos.net\/book-store-02\/wp-json\/wp\/v2\/pages\/293","dynamic-page":"no","astra-page-url":"\/\/websitedemos.net\/book-store-02\/biography\/","astra-sites-tag":{"352":"about","1566":"biography"},"site-pages-type":"free","site-pages-page-builder":"elementor","site-pages-category":[],"site-pages-parent-category":{"64":"ecommerce","61":"free"},"required-plugins":[{"slug":"elementor","init":"elementor\/elementor.php","name":"Elementor"}]},"id-57335":{"title":"Books","featured-image-url":"https:\/\/websitedemos.net\/wp-content\/uploads\/2021\/08\/book-store-02-books.jpg","thumbnail-image-url":"https:\/\/websitedemos.net\/wp-content\/uploads\/2021\/08\/book-store-02-books.jpg","astra-page-api-url":"https:\/\/websitedemos.net\/book-store-02\/wp-json\/wp\/v2\/pages\/587","dynamic-page":"yes","astra-page-url":"\/\/websitedemos.net\/book-store-02\/books\/","astra-sites-tag":{"1740":"books"},"site-pages-type":"free","site-pages-page-builder":"elementor","site-pages-category":[],"site-pages-parent-category":{"64":"ecommerce","61":"free"},"required-plugins":[{"slug":"elementor","init":"elementor\/elementor.php","name":"Elementor"}]},"id-57337":{"title":"Home","featured-image-url":"https:\/\/websitedemos.net\/wp-content\/uploads\/2021\/08\/book-store-02-home.jpg","thumbnail-image-url":"https:\/\/websitedemos.net\/wp-content\/uploads\/2021\/08\/book-store-02-home.jpg","astra-page-api-url":"https:\/\/websitedemos.net\/book-store-02\/wp-json\/wp\/v2\/pages\/28","dynamic-page":"yes","astra-page-url":"\/\/websitedemos.net\/book-store-02\/","astra-sites-tag":{"423":"home"},"site-pages-type":"free","site-pages-page-builder":"elementor","site-pages-category":[],"site-pages-parent-category":{"64":"ecommerce","61":"free"},"required-plugins":[{"slug":"elementor","init":"elementor\/elementor.php","name":"Elementor"}]},"id-57336":{"title":"Contact","featured-image-url":"https:\/\/websitedemos.net\/wp-content\/uploads\/2021\/08\/book-store-02-contact-1.jpg","thumbnail-image-url":"https:\/\/websitedemos.net\/wp-content\/uploads\/2021\/08\/book-store-02-contact-1.jpg","astra-page-api-url":"https:\/\/websitedemos.net\/book-store-02\/wp-json\/wp\/v2\/pages\/354","dynamic-page":"no","astra-page-url":"\/\/websitedemos.net\/book-store-02\/contact\/","astra-sites-tag":{"415":"contact"},"site-pages-type":"free","site-pages-page-builder":"elementor","site-pages-category":[],"site-pages-parent-category":{"64":"ecommerce","61":"free"},"required-plugins":[{"slug":"elementor","init":"elementor\/elementor.php","name":"Elementor"},{"slug":"wpforms-lite","init":"wpforms-lite\/wpforms.php","name":"WPForms Lite"}]}},"related-bb-template":"","related-elementor-template":"","related-gutenberg-template":""},"id-47838":{"title":"Online Cooking Courses","id":47838,"publish-date":1602871358,"featured-image-url":"https:\/\/websitedemos.net\/wp-content\/uploads\/2020\/10\/online-cooking-course-02.jpg","thumbnail-image-url":"https:\/\/websitedemos.net\/wp-content\/uploads\/2020\/10\/online-cooking-course-02.jpg","fullpage-thumbnail-image-url":"https:\/\/websitedemos.net\/wp-content\/uploads\/2020\/10\/online-cooking-course-02.jpg","astra-site-url":"\/\/websitedemos.net\/online-cooking-course-02","astra-site-parent-id":1678,"astra-sites-tag":{"1679":"cooking-course","468":"elearning","467":"learndash","719":"online-coaching","466":"online-courses","975":"online-learning"},"astra-sites-type":"free","astra-site-category":{"27":"business","39":"free"},"astra-sites-template-category":{"2835":"elearning","2785":"food","2880":"membership","2827":"online-course","2770":"personal"},"astra-site-page-builder":"elementor","categories":{"2494":"elearning"},"required-plugins":[{"slug":"elementor","init":"elementor\/elementor.php","name":"Elementor"},{"slug":"sfwd-lms","init":"sfwd-lms\/sfwd_lms.php","name":"LearnDash LMS"},{"slug":"learndash-course-grid","init":"learndash-course-grid\/learndash_course_grid.php","name":"LearnDash LMS - Course Grid"},{"slug":"wpforms-lite","init":"wpforms-lite\/wpforms.php","name":"WPForms Lite"},{"slug":"presto-player","init":"presto-player\/presto-player.php","name":"Presto Player"}],"post-status":"publish","post-content":"<!-- wp:paragraph -->\n<p>The Online Cooking Courses template makes an instant impact thanks to a colorful header with a strong image and headline. It\u2019s an engaging design that unfolds into a light, white page with lots of options to outline courses and use imagery to sell.<\/p>\n<!-- \/wp:paragraph -->\n\n<!-- wp:paragraph -->\n<p>This is an LMS website template that will be compatible with leading learning management systems to help you set up your courses quickly and easily. Course pages are equally well designed and include everything you need to attract new students.<\/p>\n<!-- \/wp:paragraph -->\n\n<!-- wp:heading -->\n<h2>Key features of the Online Cooking Courses template<\/h2>\n<!-- \/wp:heading -->\n\n<!-- wp:list -->\n<ul><li>Impactful design with bright colors and strong imagery<\/li><li>Light content areas designed for courses<\/li><li>Course pages include basic outline all ready to customize<\/li><li>Includes enrolment button for quick and easy signups<\/li><li>Full compatibility with leading page builders<\/li><\/ul>\n<!-- \/wp:list -->","post-excerpt":"Vibrant online learning template designed to help make learning fun for everyone","pages":{"id-47842":{"title":"Home","featured-image-url":"https:\/\/websitedemos.net\/wp-content\/uploads\/2020\/10\/online-cooking-course-02.jpg","thumbnail-image-url":"https:\/\/websitedemos.net\/wp-content\/uploads\/2020\/10\/online-cooking-course-02.jpg","astra-page-api-url":"https:\/\/websitedemos.net\/online-cooking-course-02\/wp-json\/wp\/v2\/pages\/6","dynamic-page":"no","astra-page-url":"\/\/websitedemos.net\/online-cooking-course-02\/","astra-sites-tag":{"423":"home"},"site-pages-type":"free","site-pages-page-builder":"elementor","site-pages-category":[],"site-pages-parent-category":{"60":"business","61":"free"},"required-plugins":[{"slug":"elementor","init":"elementor\/elementor.php","name":"Elementor"}]},"id-47840":{"title":"All Courses","featured-image-url":"https:\/\/websitedemos.net\/wp-content\/uploads\/2020\/10\/online-cooking-course-02-all-courses.jpg","thumbnail-image-url":"https:\/\/websitedemos.net\/wp-content\/uploads\/2020\/10\/online-cooking-course-02-all-courses.jpg","astra-page-api-url":"https:\/\/websitedemos.net\/online-cooking-course-02\/wp-json\/wp\/v2\/pages\/351","dynamic-page":"yes","astra-page-url":"\/\/websitedemos.net\/online-cooking-course-02\/all-courses\/","astra-sites-tag":{"462":"courses"},"site-pages-type":"free","site-pages-page-builder":"elementor","site-pages-category":[],"site-pages-parent-category":{"60":"business","61":"free"},"required-plugins":[{"slug":"elementor","init":"elementor\/elementor.php","name":"Elementor"}]},"id-47839":{"title":"About","featured-image-url":"https:\/\/websitedemos.net\/wp-content\/uploads\/2020\/10\/online-cooking-course-02-about.jpg","thumbnail-image-url":"https:\/\/websitedemos.net\/wp-content\/uploads\/2020\/10\/online-cooking-course-02-about.jpg","astra-page-api-url":"https:\/\/websitedemos.net\/online-cooking-course-02\/wp-json\/wp\/v2\/pages\/9","dynamic-page":"no","astra-page-url":"\/\/websitedemos.net\/online-cooking-course-02\/about\/","astra-sites-tag":{"352":"about"},"site-pages-type":"free","site-pages-page-builder":"elementor","site-pages-category":[],"site-pages-parent-category":{"60":"business","61":"free"},"required-plugins":[{"slug":"elementor","init":"elementor\/elementor.php","name":"Elementor"}]},"id-47841":{"title":"Contact","featured-image-url":"https:\/\/websitedemos.net\/wp-content\/uploads\/2020\/10\/online-cooking-course-02-contact.jpg","thumbnail-image-url":"https:\/\/websitedemos.net\/wp-content\/uploads\/2020\/10\/online-cooking-course-02-contact.jpg","astra-page-api-url":"https:\/\/websitedemos.net\/online-cooking-course-02\/wp-json\/wp\/v2\/pages\/13","dynamic-page":"no","astra-page-url":"\/\/websitedemos.net\/online-cooking-course-02\/contact\/","astra-sites-tag":{"415":"contact"},"site-pages-type":"free","site-pages-page-builder":"elementor","site-pages-category":[],"site-pages-parent-category":{"60":"business","61":"free"},"required-plugins":[{"slug":"elementor","init":"elementor\/elementor.php","name":"Elementor"},{"slug":"wpforms-lite","init":"wpforms-lite\/wpforms.php","name":"WPForms Lite"}]}},"related-bb-template":"","related-elementor-template":"","related-gutenberg-template":""},"id-45894":{"title":"Courier &amp; Delivery Services","id":45894,"publish-date":1590081799,"featured-image-url":"https:\/\/websitedemos.net\/wp-content\/uploads\/2020\/03\/courier-04-home.jpg","thumbnail-image-url":"https:\/\/websitedemos.net\/wp-content\/uploads\/2020\/03\/courier-04-home.jpg","fullpage-thumbnail-image-url":"https:\/\/websitedemos.net\/wp-content\/uploads\/2020\/03\/courier-04-home.jpg","astra-site-url":"\/\/websitedemos.net\/courier-04","astra-site-parent-id":1492,"astra-sites-tag":{"1498":"bearer","1493":"carrier","1494":"courier","1497":"delivery","1495":"express","1500":"messager","1496":"parcel"},"astra-sites-type":"agency-mini","astra-site-category":{"27":"business"},"astra-sites-template-category":{"2777":"business","2854":"courier","2831":"service","2806":"transportation"},"astra-site-page-builder":"elementor","categories":{"2473":"transport"},"required-plugins":[{"slug":"elementor","init":"elementor\/elementor.php","name":"Elementor"},{"slug":"wpforms-lite","init":"wpforms-lite\/wpforms.php","name":"WPForms Lite"}],"post-status":"publish","post-content":"<!-- wp:paragraph -->\n<p>The Courier &amp; Delivery Services template is ideal for couriers, moving firms, delivery services and anyone involved in moving things from A to B. It\u2019s a bright, welcoming design with a bold header, attractive graphics and a strong headline.<\/p>\n<!-- \/wp:paragraph -->\n\n<!-- wp:paragraph -->\n<p>There\u2019s also a booking form above the fold so visitors can engage instantly. The template includes all the sections you would expect in a business website like this. It\u2019s communicative, responsive and includes lots of product and services sections to showcase your offer.<\/p>\n<!-- \/wp:paragraph -->\n\n<!-- wp:heading -->\n<h2>Key features of the Courier &amp; Delivery Services template<\/h2>\n<!-- \/wp:heading -->\n\n<!-- wp:list -->\n<ul><li>Bright and colorful web template ideal for couriers and delivery services<\/li><li>Warm welcome as soon as it loads<\/li><li>Booking form front and center<\/li><li>Customizable content sections on every page<\/li><li>Full compatibility with leading page builders<\/li><\/ul>\n<!-- \/wp:list -->","post-excerpt":"Bright and colorful web template ideal for couriers and a wide range of businesses","pages":{"id-45897":{"title":"Home","featured-image-url":"https:\/\/websitedemos.net\/wp-content\/uploads\/2020\/03\/courier-04-home.jpg","thumbnail-image-url":"https:\/\/websitedemos.net\/wp-content\/uploads\/2020\/03\/courier-04-home.jpg","astra-page-api-url":"https:\/\/websitedemos.net\/courier-04\/wp-json\/wp\/v2\/pages\/7","dynamic-page":"no","astra-page-url":"\/\/websitedemos.net\/courier-04\/","astra-sites-tag":{"423":"home"},"site-pages-type":"agency-mini","site-pages-page-builder":"elementor","site-pages-category":[],"site-pages-parent-category":{"60":"business"},"required-plugins":[{"slug":"elementor","init":"elementor\/elementor.php","name":"Elementor"}]},"id-45899":{"title":"Services","featured-image-url":"https:\/\/websitedemos.net\/wp-content\/uploads\/2020\/06\/courier-04-services.jpg","thumbnail-image-url":"https:\/\/websitedemos.net\/wp-content\/uploads\/2020\/06\/courier-04-services.jpg","astra-page-api-url":"https:\/\/websitedemos.net\/courier-04\/wp-json\/wp\/v2\/pages\/17","dynamic-page":"no","astra-page-url":"\/\/websitedemos.net\/courier-04\/services\/","astra-sites-tag":{"425":"services"},"site-pages-type":"agency-mini","site-pages-page-builder":"elementor","site-pages-category":[],"site-pages-parent-category":{"60":"business"},"required-plugins":[{"slug":"elementor","init":"elementor\/elementor.php","name":"Elementor"}]},"id-45895":{"title":"About","featured-image-url":"https:\/\/websitedemos.net\/wp-content\/uploads\/2020\/03\/courier-04-about.jpg","thumbnail-image-url":"https:\/\/websitedemos.net\/wp-content\/uploads\/2020\/03\/courier-04-about.jpg","astra-page-api-url":"https:\/\/websitedemos.net\/courier-04\/wp-json\/wp\/v2\/pages\/14","dynamic-page":"no","astra-page-url":"\/\/websitedemos.net\/courier-04\/about\/","astra-sites-tag":{"352":"about"},"site-pages-type":"agency-mini","site-pages-page-builder":"elementor","site-pages-category":[],"site-pages-parent-category":{"60":"business"},"required-plugins":[{"slug":"elementor","init":"elementor\/elementor.php","name":"Elementor"}]},"id-45898":{"title":"Prices","featured-image-url":"https:\/\/websitedemos.net\/wp-content\/uploads\/2020\/03\/courier-04-prices.jpg","thumbnail-image-url":"https:\/\/websitedemos.net\/wp-content\/uploads\/2020\/03\/courier-04-prices.jpg","astra-page-api-url":"https:\/\/websitedemos.net\/courier-04\/wp-json\/wp\/v2\/pages\/23","dynamic-page":"no","astra-page-url":"\/\/websitedemos.net\/courier-04\/prices\/","astra-sites-tag":{"815":"price"},"site-pages-type":"agency-mini","site-pages-page-builder":"elementor","site-pages-category":[],"site-pages-parent-category":{"60":"business"},"required-plugins":[{"slug":"elementor","init":"elementor\/elementor.php","name":"Elementor"}]},"id-45900":{"title":"Testimonials","featured-image-url":"https:\/\/websitedemos.net\/wp-content\/uploads\/2020\/03\/courier-04-testimonials.jpg","thumbnail-image-url":"https:\/\/websitedemos.net\/wp-content\/uploads\/2020\/03\/courier-04-testimonials.jpg","astra-page-api-url":"https:\/\/websitedemos.net\/courier-04\/wp-json\/wp\/v2\/pages\/21","dynamic-page":"no","astra-page-url":"\/\/websitedemos.net\/courier-04\/testimonials\/","astra-sites-tag":{"432":"review","433":"testimonials"},"site-pages-type":"agency-mini","site-pages-page-builder":"elementor","site-pages-category":[],"site-pages-parent-category":{"60":"business"},"required-plugins":[{"slug":"elementor","init":"elementor\/elementor.php","name":"Elementor"}]},"id-45896":{"title":"Contact","featured-image-url":"https:\/\/websitedemos.net\/wp-content\/uploads\/2020\/03\/courier-04-contact.jpg","thumbnail-image-url":"https:\/\/websitedemos.net\/wp-content\/uploads\/2020\/03\/courier-04-contact.jpg","astra-page-api-url":"https:\/\/websitedemos.net\/courier-04\/wp-json\/wp\/v2\/pages\/19","dynamic-page":"no","astra-page-url":"\/\/websitedemos.net\/courier-04\/contact\/","astra-sites-tag":{"415":"contact"},"site-pages-type":"agency-mini","site-pages-page-builder":"elementor","site-pages-category":[],"site-pages-parent-category":{"60":"business"},"required-plugins":[{"slug":"elementor","init":"elementor\/elementor.php","name":"Elementor"},{"slug":"wpforms-lite","init":"wpforms-lite\/wpforms.php","name":"WPForms Lite"}]}},"related-bb-template":45924,"related-elementor-template":45894,"related-gutenberg-template":""},"id-45924":{"title":"Courier &amp; Delivery Services","id":45924,"publish-date":1590081799,"featured-image-url":"https:\/\/websitedemos.net\/wp-content\/uploads\/2020\/06\/courier-03-homepage.jpg","thumbnail-image-url":"https:\/\/websitedemos.net\/wp-content\/uploads\/2020\/06\/courier-03-homepage.jpg","fullpage-thumbnail-image-url":"https:\/\/websitedemos.net\/wp-content\/uploads\/2020\/06\/courier-03-homepage.jpg","astra-site-url":"\/\/websitedemos.net\/courier-03","astra-site-parent-id":1501,"astra-sites-tag":{"1498":"bearer","1493":"carrier","1494":"courier","1497":"delivery","1495":"express","1500":"messager","1496":"parcel"},"astra-sites-type":"agency-mini","astra-site-category":{"27":"business"},"astra-sites-template-category":[],"astra-site-page-builder":"beaver-builder","categories":{"2473":"transport"},"required-plugins":[{"slug":"astra-addon","init":"astra-addon\/astra-addon.php","name":"Astra Pro"},{"slug":"beaver-builder-lite-version","init":"beaver-builder-lite-version\/fl-builder.php","name":"Beaver Builder Plugin (Lite Version)"},{"slug":"bb-ultimate-addon","init":"bb-ultimate-addon\/bb-ultimate-addon.php","name":"Ultimate Addons for Beaver Builder"},{"slug":"wpforms-lite","init":"wpforms-lite\/wpforms.php","name":"WPForms Lite"}],"post-status":"publish","post-content":"","post-excerpt":"","pages":{"id-45927":{"title":"Home","featured-image-url":"https:\/\/websitedemos.net\/wp-content\/uploads\/2020\/06\/courier-03-homepage.jpg","thumbnail-image-url":"https:\/\/websitedemos.net\/wp-content\/uploads\/2020\/06\/courier-03-homepage.jpg","astra-page-api-url":"https:\/\/websitedemos.net\/courier-03\/wp-json\/wp\/v2\/pages\/2","dynamic-page":"no","astra-page-url":"\/\/websitedemos.net\/courier-03\/","astra-sites-tag":{"423":"home"},"site-pages-type":"agency-mini","site-pages-page-builder":"beaver-builder","site-pages-category":[],"site-pages-parent-category":{"60":"business"},"required-plugins":[{"slug":"beaver-builder-lite-version","init":"beaver-builder-lite-version\/fl-builder.php","name":"Beaver Builder Plugin (Lite Version)"},{"slug":"bb-ultimate-addon","init":"bb-ultimate-addon\/bb-ultimate-addon.php","name":"Ultimate Addons for Beaver Builder"}]},"id-45929":{"title":"Services","featured-image-url":"https:\/\/websitedemos.net\/wp-content\/uploads\/2020\/06\/courier-03-services.jpg","thumbnail-image-url":"https:\/\/websitedemos.net\/wp-content\/uploads\/2020\/06\/courier-03-services.jpg","astra-page-api-url":"https:\/\/websitedemos.net\/courier-03\/wp-json\/wp\/v2\/pages\/231","dynamic-page":"no","astra-page-url":"\/\/websitedemos.net\/courier-03\/services\/","astra-sites-tag":{"425":"services"},"site-pages-type":"agency-mini","site-pages-page-builder":"beaver-builder","site-pages-category":[],"site-pages-parent-category":{"60":"business"},"required-plugins":[{"slug":"beaver-builder-lite-version","init":"beaver-builder-lite-version\/fl-builder.php","name":"Beaver Builder Plugin (Lite Version)"},{"slug":"bb-ultimate-addon","init":"bb-ultimate-addon\/bb-ultimate-addon.php","name":"Ultimate Addons for Beaver Builder"}]},"id-45925":{"title":"About","featured-image-url":"https:\/\/websitedemos.net\/wp-content\/uploads\/2020\/06\/courier-03-about.jpg","thumbnail-image-url":"https:\/\/websitedemos.net\/wp-content\/uploads\/2020\/06\/courier-03-about.jpg","astra-page-api-url":"https:\/\/websitedemos.net\/courier-03\/wp-json\/wp\/v2\/pages\/233","dynamic-page":"no","astra-page-url":"\/\/websitedemos.net\/courier-03\/about\/","astra-sites-tag":{"352":"about"},"site-pages-type":"agency-mini","site-pages-page-builder":"beaver-builder","site-pages-category":[],"site-pages-parent-category":{"60":"business"},"required-plugins":[{"slug":"beaver-builder-lite-version","init":"beaver-builder-lite-version\/fl-builder.php","name":"Beaver Builder Plugin (Lite Version)"},{"slug":"bb-ultimate-addon","init":"bb-ultimate-addon\/bb-ultimate-addon.php","name":"Ultimate Addons for Beaver Builder"}]},"id-45928":{"title":"Prices","featured-image-url":"https:\/\/websitedemos.net\/wp-content\/uploads\/2020\/06\/courier-03-prices.jpg","thumbnail-image-url":"https:\/\/websitedemos.net\/wp-content\/uploads\/2020\/06\/courier-03-prices.jpg","astra-page-api-url":"https:\/\/websitedemos.net\/courier-03\/wp-json\/wp\/v2\/pages\/235","dynamic-page":"no","astra-page-url":"\/\/websitedemos.net\/courier-03\/prices\/","astra-sites-tag":{"815":"price"},"site-pages-type":"agency-mini","site-pages-page-builder":"beaver-builder","site-pages-category":[],"site-pages-parent-category":{"60":"business"},"required-plugins":[{"slug":"beaver-builder-lite-version","init":"beaver-builder-lite-version\/fl-builder.php","name":"Beaver Builder Plugin (Lite Version)"},{"slug":"bb-ultimate-addon","init":"bb-ultimate-addon\/bb-ultimate-addon.php","name":"Ultimate Addons for Beaver Builder"}]},"id-45930":{"title":"Testimonials","featured-image-url":"https:\/\/websitedemos.net\/wp-content\/uploads\/2020\/06\/courier-03-testimonials.jpg","thumbnail-image-url":"https:\/\/websitedemos.net\/wp-content\/uploads\/2020\/06\/courier-03-testimonials.jpg","astra-page-api-url":"https:\/\/websitedemos.net\/courier-03\/wp-json\/wp\/v2\/pages\/237","dynamic-page":"no","astra-page-url":"\/\/websitedemos.net\/courier-03\/testimonials\/","astra-sites-tag":{"432":"review","433":"testimonials"},"site-pages-type":"agency-mini","site-pages-page-builder":"beaver-builder","site-pages-category":[],"site-pages-parent-category":{"60":"business"},"required-plugins":[{"slug":"beaver-builder-lite-version","init":"beaver-builder-lite-version\/fl-builder.php","name":"Beaver Builder Plugin (Lite Version)"},{"slug":"bb-ultimate-addon","init":"bb-ultimate-addon\/bb-ultimate-addon.php","name":"Ultimate Addons for Beaver Builder"}]},"id-45926":{"title":"Contact","featured-image-url":"https:\/\/websitedemos.net\/wp-content\/uploads\/2020\/06\/courier-03-contact.jpg","thumbnail-image-url":"https:\/\/websitedemos.net\/wp-content\/uploads\/2020\/06\/courier-03-contact.jpg","astra-page-api-url":"https:\/\/websitedemos.net\/courier-03\/wp-json\/wp\/v2\/pages\/239","dynamic-page":"no","astra-page-url":"\/\/websitedemos.net\/courier-03\/contact\/","astra-sites-tag":{"415":"contact"},"site-pages-type":"agency-mini","site-pages-page-builder":"beaver-builder","site-pages-category":[],"site-pages-parent-category":{"60":"business"},"required-plugins":[{"slug":"beaver-builder-lite-version","init":"beaver-builder-lite-version\/fl-builder.php","name":"Beaver Builder Plugin (Lite Version)"},{"slug":"bb-ultimate-addon","init":"bb-ultimate-addon\/bb-ultimate-addon.php","name":"Ultimate Addons for Beaver Builder"},{"slug":"wpforms-lite","init":"wpforms-lite\/wpforms.php","name":"WPForms Lite"}]}},"related-bb-template":"","related-elementor-template":"","related-gutenberg-template":""},"id-49406":{"title":"Freelance Voice-over Artist","id":49406,"publish-date":1616088047,"featured-image-url":"https:\/\/websitedemos.net\/wp-content\/uploads\/2021\/03\/voiceover-artist-02-home.jpg","thumbnail-image-url":"https:\/\/websitedemos.net\/wp-content\/uploads\/2021\/03\/voiceover-artist-02-home.jpg","fullpage-thumbnail-image-url":"https:\/\/websitedemos.net\/wp-content\/uploads\/2021\/03\/voiceover-artist-02-home.jpg","astra-site-url":"\/\/websitedemos.net\/voiceover-artist-02","astra-site-parent-id":1828,"astra-sites-tag":{"1908":"dubbing-artist","669":"freelancer","969":"musician","1834":"recording-artist","1571":"singer","1510":"studio","1833":"voice-over-artist"},"astra-sites-type":"free","astra-site-category":{"27":"business","39":"free"},"astra-sites-template-category":{"2802":"artist","2777":"business","2810":"freelance","2770":"personal"},"astra-site-page-builder":"elementor","categories":{"2488":"portfolio"},"required-plugins":[{"slug":"elementor","init":"elementor\/elementor.php","name":"Elementor"},{"slug":"header-footer-elementor","init":"header-footer-elementor\/header-footer-elementor.php","name":"Elementor Header & Footer Builder"},{"slug":"wpforms-lite","init":"wpforms-lite\/wpforms.php","name":"WPForms Lite"}],"post-status":"publish","post-content":"<!-- wp:paragraph -->\n<p>The Freelance Voice-over Artist template could work as a resume or portfolio for musicians and many other professions. It\u2019s a light modern design with strong images, calm colors and very modern fonts.<\/p>\n<!-- \/wp:paragraph -->\n\n<!-- wp:paragraph -->\n<p>The template has been configured for musicians but would work for anyone with a little customization. It has flexible content areas with space for images, text, audio or video clips, a biography, testimonials and social media integration. Everything you need to promote yourself.<\/p>\n<!-- \/wp:paragraph -->\n\n<!-- wp:heading -->\n<h2>Key features of the Freelance Voice-over Artist template<\/h2>\n<!-- \/wp:heading -->\n\n<!-- wp:list -->\n<ul><li>Modern business theme that works as a portfolio or resume<\/li><li>Calm colors and contemporary fonts<\/li><li>Great use of images, content areas and layout<\/li><li>Supports images, audio and video<\/li><li>Full compatibility with leading page builders<\/li><\/ul>\n<!-- \/wp:list -->","post-excerpt":"Contemporary website template that\u2019s perfect for freelance artists and performers","pages":{"id-49407":{"title":"About","featured-image-url":"https:\/\/websitedemos.net\/wp-content\/uploads\/2021\/03\/voiceover-artist-02-about.jpg","thumbnail-image-url":"https:\/\/websitedemos.net\/wp-content\/uploads\/2021\/03\/voiceover-artist-02-about.jpg","astra-page-api-url":"https:\/\/websitedemos.net\/voiceover-artist-02\/wp-json\/wp\/v2\/pages\/180","dynamic-page":"no","astra-page-url":"\/\/websitedemos.net\/voiceover-artist-02\/about\/","astra-sites-tag":{"352":"about"},"site-pages-type":"free","site-pages-page-builder":"elementor","site-pages-category":[],"site-pages-parent-category":{"60":"business","61":"free"},"required-plugins":[{"slug":"elementor","init":"elementor\/elementor.php","name":"Elementor"}]},"id-49408":{"title":"Contact","featured-image-url":"https:\/\/websitedemos.net\/wp-content\/uploads\/2021\/03\/voiceover-artist-02-contact.jpg","thumbnail-image-url":"https:\/\/websitedemos.net\/wp-content\/uploads\/2021\/03\/voiceover-artist-02-contact.jpg","astra-page-api-url":"https:\/\/websitedemos.net\/voiceover-artist-02\/wp-json\/wp\/v2\/pages\/400","dynamic-page":"no","astra-page-url":"\/\/websitedemos.net\/voiceover-artist-02\/contact\/","astra-sites-tag":{"415":"contact"},"site-pages-type":"free","site-pages-page-builder":"elementor","site-pages-category":[],"site-pages-parent-category":{"60":"business","61":"free"},"required-plugins":[{"slug":"elementor","init":"elementor\/elementor.php","name":"Elementor"},{"slug":"wpforms-lite","init":"wpforms-lite\/wpforms.php","name":"WPForms Lite"}]},"id-49409":{"title":"Home","featured-image-url":"https:\/\/websitedemos.net\/wp-content\/uploads\/2021\/03\/voiceover-artist-02-home.jpg","thumbnail-image-url":"https:\/\/websitedemos.net\/wp-content\/uploads\/2021\/03\/voiceover-artist-02-home.jpg","astra-page-api-url":"https:\/\/websitedemos.net\/voiceover-artist-02\/wp-json\/wp\/v2\/pages\/5","dynamic-page":"no","astra-page-url":"\/\/websitedemos.net\/voiceover-artist-02\/","astra-sites-tag":{"423":"home"},"site-pages-type":"free","site-pages-page-builder":"elementor","site-pages-category":[],"site-pages-parent-category":{"60":"business","61":"free"},"required-plugins":[{"slug":"elementor","init":"elementor\/elementor.php","name":"Elementor"}]},"id-49410":{"title":"Services","featured-image-url":"https:\/\/websitedemos.net\/wp-content\/uploads\/2021\/03\/voiceover-artist-02-services.jpg","thumbnail-image-url":"https:\/\/websitedemos.net\/wp-content\/uploads\/2021\/03\/voiceover-artist-02-services.jpg","astra-page-api-url":"https:\/\/websitedemos.net\/voiceover-artist-02\/wp-json\/wp\/v2\/pages\/270","dynamic-page":"no","astra-page-url":"\/\/websitedemos.net\/voiceover-artist-02\/services\/","astra-sites-tag":{"425":"services"},"site-pages-type":"free","site-pages-page-builder":"elementor","site-pages-category":[],"site-pages-parent-category":{"60":"business","61":"free"},"required-plugins":[{"slug":"elementor","init":"elementor\/elementor.php","name":"Elementor"}]},"id-49411":{"title":"Studio","featured-image-url":"https:\/\/websitedemos.net\/wp-content\/uploads\/2021\/03\/voiceover-artist-02-studio.jpg","thumbnail-image-url":"https:\/\/websitedemos.net\/wp-content\/uploads\/2021\/03\/voiceover-artist-02-studio.jpg","astra-page-api-url":"https:\/\/websitedemos.net\/voiceover-artist-02\/wp-json\/wp\/v2\/pages\/309","dynamic-page":"no","astra-page-url":"\/\/websitedemos.net\/voiceover-artist-02\/studio\/","astra-sites-tag":{"1510":"studio","691":"work-place"},"site-pages-type":"free","site-pages-page-builder":"elementor","site-pages-category":[],"site-pages-parent-category":{"60":"business","61":"free"},"required-plugins":[{"slug":"elementor","init":"elementor\/elementor.php","name":"Elementor"}]}},"related-bb-template":"","related-elementor-template":"","related-gutenberg-template":""},"id-47672":{"title":"Diagnostics Lab","id":47672,"publish-date":1603984733,"featured-image-url":"https:\/\/websitedemos.net\/wp-content\/uploads\/2020\/10\/diagnostics-lab-08.jpg","thumbnail-image-url":"https:\/\/websitedemos.net\/wp-content\/uploads\/2020\/10\/diagnostics-lab-08-600x3865.jpg","fullpage-thumbnail-image-url":"https:\/\/websitedemos.net\/wp-content\/uploads\/2020\/10\/diagnostics-lab-08-400x2577.jpg","astra-site-url":"\/\/websitedemos.net\/diagnostics-lab-08","astra-site-parent-id":1657,"astra-sites-tag":{"1637":"clinical-diagnosis","1636":"diagnosis","1640":"laboratory","1638":"test"},"astra-sites-type":"free","astra-site-category":{"27":"business","39":"free"},"astra-sites-template-category":{"2777":"business","2834":"healthcare","2841":"medical-clinic"},"astra-site-page-builder":"gutenberg","categories":{"2490":"healthcare"},"required-plugins":[{"slug":"ultimate-addons-for-gutenberg","init":"ultimate-addons-for-gutenberg\/ultimate-addons-for-gutenberg.php","name":"Spectra"},{"slug":"wpforms-lite","init":"wpforms-lite\/wpforms.php","name":"WPForms Lite"}],"post-status":"publish","post-content":"","post-excerpt":"","pages":{"id-47675":{"title":"Home","featured-image-url":"https:\/\/websitedemos.net\/wp-content\/uploads\/2020\/10\/diagnostics-lab-08.jpg","thumbnail-image-url":"https:\/\/websitedemos.net\/wp-content\/uploads\/2020\/10\/diagnostics-lab-08-600x3865.jpg","astra-page-api-url":"https:\/\/websitedemos.net\/diagnostics-lab-08\/wp-json\/wp\/v2\/pages\/242","dynamic-page":"no","astra-page-url":"\/\/websitedemos.net\/diagnostics-lab-08\/","astra-sites-tag":{"423":"home"},"site-pages-type":"free","site-pages-page-builder":"gutenberg","site-pages-category":[],"site-pages-parent-category":{"60":"business","61":"free"},"required-plugins":[{"slug":"ultimate-addons-for-gutenberg","init":"ultimate-addons-for-gutenberg\/ultimate-addons-for-gutenberg.php","name":"Spectra"},{"slug":"wpforms-lite","init":"wpforms-lite\/wpforms.php","name":"WPForms Lite"}]},"id-47673":{"title":"About Us","featured-image-url":"https:\/\/websitedemos.net\/wp-content\/uploads\/2020\/10\/diagnostics-lab-08-about-us.jpg","thumbnail-image-url":"https:\/\/websitedemos.net\/wp-content\/uploads\/2020\/10\/diagnostics-lab-08-about-us-600x1665.jpg","astra-page-api-url":"https:\/\/websitedemos.net\/diagnostics-lab-08\/wp-json\/wp\/v2\/pages\/247","dynamic-page":"no","astra-page-url":"\/\/websitedemos.net\/diagnostics-lab-08\/about-us\/","astra-sites-tag":{"352":"about"},"site-pages-type":"free","site-pages-page-builder":"gutenberg","site-pages-category":[],"site-pages-parent-category":{"60":"business","61":"free"},"required-plugins":[{"slug":"ultimate-addons-for-gutenberg","init":"ultimate-addons-for-gutenberg\/ultimate-addons-for-gutenberg.php","name":"Spectra"},{"slug":"wpforms-lite","init":"wpforms-lite\/wpforms.php","name":"WPForms Lite"}]},"id-47676":{"title":"Services","featured-image-url":"https:\/\/websitedemos.net\/wp-content\/uploads\/2020\/10\/diagnostics-lab-08-services.jpg","thumbnail-image-url":"https:\/\/websitedemos.net\/wp-content\/uploads\/2020\/10\/diagnostics-lab-08-services-600x1566.jpg","astra-page-api-url":"https:\/\/websitedemos.net\/diagnostics-lab-08\/wp-json\/wp\/v2\/pages\/252","dynamic-page":"no","astra-page-url":"\/\/websitedemos.net\/diagnostics-lab-08\/services\/","astra-sites-tag":{"425":"services","451":"work"},"site-pages-type":"free","site-pages-page-builder":"gutenberg","site-pages-category":[],"site-pages-parent-category":{"60":"business","61":"free"},"required-plugins":[{"slug":"ultimate-addons-for-gutenberg","init":"ultimate-addons-for-gutenberg\/ultimate-addons-for-gutenberg.php","name":"Spectra"},{"slug":"wpforms-lite","init":"wpforms-lite\/wpforms.php","name":"WPForms Lite"}]},"id-47677":{"title":"Testimonial","featured-image-url":"https:\/\/websitedemos.net\/wp-content\/uploads\/2020\/10\/diagnostics-lab-08-testimonial.jpg","thumbnail-image-url":"https:\/\/websitedemos.net\/wp-content\/uploads\/2020\/10\/diagnostics-lab-08-testimonial-600x1606.jpg","astra-page-api-url":"https:\/\/websitedemos.net\/diagnostics-lab-08\/wp-json\/wp\/v2\/pages\/254","dynamic-page":"no","astra-page-url":"\/\/websitedemos.net\/diagnostics-lab-08\/testimonial\/","astra-sites-tag":{"1615":"reviews","433":"testimonials"},"site-pages-type":"free","site-pages-page-builder":"gutenberg","site-pages-category":[],"site-pages-parent-category":{"60":"business","61":"free"},"required-plugins":[{"slug":"ultimate-addons-for-gutenberg","init":"ultimate-addons-for-gutenberg\/ultimate-addons-for-gutenberg.php","name":"Spectra"},{"slug":"wpforms-lite","init":"wpforms-lite\/wpforms.php","name":"WPForms Lite"}]},"id-47674":{"title":"Contact Us","featured-image-url":"https:\/\/websitedemos.net\/wp-content\/uploads\/2020\/10\/diagnostics-lab-08-contact-us.jpg","thumbnail-image-url":"https:\/\/websitedemos.net\/wp-content\/uploads\/2020\/10\/diagnostics-lab-08-contact-us-600x1026.jpg","astra-page-api-url":"https:\/\/websitedemos.net\/diagnostics-lab-08\/wp-json\/wp\/v2\/pages\/256","dynamic-page":"no","astra-page-url":"\/\/websitedemos.net\/diagnostics-lab-08\/contact-us\/","astra-sites-tag":{"415":"contact"},"site-pages-type":"free","site-pages-page-builder":"gutenberg","site-pages-category":[],"site-pages-parent-category":{"60":"business","61":"free"},"required-plugins":[{"slug":"ultimate-addons-for-gutenberg","init":"ultimate-addons-for-gutenberg\/ultimate-addons-for-gutenberg.php","name":"Spectra"},{"slug":"wpforms-lite","init":"wpforms-lite\/wpforms.php","name":"WPForms Lite"}]}},"related-bb-template":"","related-elementor-template":"","related-gutenberg-template":""},"id-49217":{"title":"Piano Tutor","id":49217,"publish-date":1607943895,"featured-image-url":"https:\/\/websitedemos.net\/wp-content\/uploads\/2020\/12\/piano-tutor-02-home.jpg","thumbnail-image-url":"https:\/\/websitedemos.net\/wp-content\/uploads\/2020\/12\/piano-tutor-02-home.jpg","fullpage-thumbnail-image-url":"https:\/\/websitedemos.net\/wp-content\/uploads\/2020\/12\/piano-tutor-02-home.jpg","astra-site-url":"\/\/websitedemos.net\/piano-tutor-02","astra-site-parent-id":1780,"astra-sites-tag":{"1786":"forte","407":"music","1782":"piano","1784":"piano-institute","1783":"piano-lessons","1785":"piano-programs","1781":"tutorial"},"astra-sites-type":"free","astra-site-category":{"27":"business","39":"free"},"astra-sites-template-category":{"2772":"education","2781":"music","2873":"tutor"},"astra-site-page-builder":"elementor","categories":{"2486":"art-music"},"required-plugins":[{"slug":"elementor","init":"elementor\/elementor.php","name":"Elementor"},{"slug":"wpforms-lite","init":"wpforms-lite\/wpforms.php","name":"WPForms Lite"}],"post-status":"publish","post-content":"<!-- wp:paragraph -->\n<p>The Piano Tutor template communicates its purpose immediately with a thoughtful image and header. The homepage opens out into a light, informative design with areas for courses, specializations, a biography, service area and testimonials, everything a piano teacher might need.<\/p>\n<!-- \/wp:paragraph -->\n\n<!-- wp:paragraph -->\n<p>The template uses high quality images throughout to help tell your story, along with flexible content areas, an enrolment form, relevant extra pages and an attractive content page.<\/p>\n<!-- \/wp:paragraph -->\n\n<!-- wp:heading -->\n<h2>Key features of the Piano Tutor template<\/h2>\n<!-- \/wp:heading -->\n\n<!-- wp:list -->\n<ul><li>Communicative web template for piano tutors and teachers<\/li><li>Well-designed layout with music elements everywhere<\/li><li>Flexible content areas with some nice effects<\/li><li>Relevant extra pages ideal for tutors<\/li><li>Full compatibility with leading page builders<\/li><\/ul>\n<!-- \/wp:list -->","post-excerpt":"Communicative website template designed for teachers, tutors and instructors","pages":{"id-49220":{"title":"Home","featured-image-url":"https:\/\/websitedemos.net\/wp-content\/uploads\/2020\/12\/piano-tutor-02-home.jpg","thumbnail-image-url":"https:\/\/websitedemos.net\/wp-content\/uploads\/2020\/12\/piano-tutor-02-home.jpg","astra-page-api-url":"https:\/\/websitedemos.net\/piano-tutor-02\/wp-json\/wp\/v2\/pages\/9","dynamic-page":"no","astra-page-url":"\/\/websitedemos.net\/piano-tutor-02\/","astra-sites-tag":{"423":"home"},"site-pages-type":"free","site-pages-page-builder":"elementor","site-pages-category":[],"site-pages-parent-category":{"60":"business","61":"free"},"required-plugins":[{"slug":"elementor","init":"elementor\/elementor.php","name":"Elementor"}]},"id-49218":{"title":"About Us","featured-image-url":"https:\/\/websitedemos.net\/wp-content\/uploads\/2020\/12\/piano-tutor-02-about-us.jpg","thumbnail-image-url":"https:\/\/websitedemos.net\/wp-content\/uploads\/2020\/12\/piano-tutor-02-about-us.jpg","astra-page-api-url":"https:\/\/websitedemos.net\/piano-tutor-02\/wp-json\/wp\/v2\/pages\/164","dynamic-page":"no","astra-page-url":"\/\/websitedemos.net\/piano-tutor-02\/about-us\/","astra-sites-tag":{"352":"about"},"site-pages-type":"free","site-pages-page-builder":"elementor","site-pages-category":[],"site-pages-parent-category":{"60":"business","61":"free"},"required-plugins":[{"slug":"elementor","init":"elementor\/elementor.php","name":"Elementor"}]},"id-49221":{"title":"Programs","featured-image-url":"https:\/\/websitedemos.net\/wp-content\/uploads\/2020\/12\/piano-tutor-02-programs.jpg","thumbnail-image-url":"https:\/\/websitedemos.net\/wp-content\/uploads\/2020\/12\/piano-tutor-02-programs.jpg","astra-page-api-url":"https:\/\/websitedemos.net\/piano-tutor-02\/wp-json\/wp\/v2\/pages\/228","dynamic-page":"no","astra-page-url":"\/\/websitedemos.net\/piano-tutor-02\/programs\/","astra-sites-tag":{"989":"programs"},"site-pages-type":"free","site-pages-page-builder":"elementor","site-pages-category":[],"site-pages-parent-category":{"60":"business","61":"free"},"required-plugins":[{"slug":"elementor","init":"elementor\/elementor.php","name":"Elementor"}]},"id-49222":{"title":"Testimonial","featured-image-url":"https:\/\/websitedemos.net\/wp-content\/uploads\/2020\/12\/piano-tutor-02-testimonial.jpg","thumbnail-image-url":"https:\/\/websitedemos.net\/wp-content\/uploads\/2020\/12\/piano-tutor-02-testimonial.jpg","astra-page-api-url":"https:\/\/websitedemos.net\/piano-tutor-02\/wp-json\/wp\/v2\/pages\/278","dynamic-page":"no","astra-page-url":"\/\/websitedemos.net\/piano-tutor-02\/testimonial\/","astra-sites-tag":{"432":"review","433":"testimonials"},"site-pages-type":"free","site-pages-page-builder":"elementor","site-pages-category":[],"site-pages-parent-category":{"60":"business","61":"free"},"required-plugins":[{"slug":"elementor","init":"elementor\/elementor.php","name":"Elementor"}]},"id-49219":{"title":"Contact Us","featured-image-url":"https:\/\/websitedemos.net\/wp-content\/uploads\/2020\/12\/piano-tutor-02-contact-us.jpg","thumbnail-image-url":"https:\/\/websitedemos.net\/wp-content\/uploads\/2020\/12\/piano-tutor-02-contact-us.jpg","astra-page-api-url":"https:\/\/websitedemos.net\/piano-tutor-02\/wp-json\/wp\/v2\/pages\/312","dynamic-page":"no","astra-page-url":"\/\/websitedemos.net\/piano-tutor-02\/contact-us\/","astra-sites-tag":{"415":"contact"},"site-pages-type":"free","site-pages-page-builder":"elementor","site-pages-category":[],"site-pages-parent-category":{"60":"business","61":"free"},"required-plugins":[{"slug":"elementor","init":"elementor\/elementor.php","name":"Elementor"},{"slug":"wpforms-lite","init":"wpforms-lite\/wpforms.php","name":"WPForms Lite"}]}},"related-bb-template":"","related-elementor-template":"","related-gutenberg-template":""},"id-21592":{"title":"Custom Printing Pro","id":21592,"publish-date":1555478369,"featured-image-url":"https:\/\/websitedemos.net\/wp-content\/uploads\/2019\/04\/custom-printing-04.jpg","thumbnail-image-url":"https:\/\/websitedemos.net\/wp-content\/uploads\/2019\/04\/custom-printing-04.jpg","fullpage-thumbnail-image-url":"https:\/\/websitedemos.net\/wp-content\/uploads\/2019\/04\/custom-printing-04.jpg","astra-site-url":"\/\/websitedemos.net\/custom-printing-04","astra-site-parent-id":67,"astra-sites-tag":{"2418":"commerce","400":"custom-printing","1017":"e-commerce","496":"ecommerce","1817":"ecommerce-store","2419":"eshopping","881":"mug-printing","2422":"online-market","732":"online-shop","2420":"online-shopping","383":"online-store","967":"product-store","2421":"purchases","2417":"reseller","733":"shop","2416":"shopping","749":"store","405":"t-shirt-printing","966":"woo-commerce","1024":"woocommerce"},"astra-sites-type":"agency-mini","astra-site-category":{"27":"business","38":"ecommerce"},"astra-sites-template-category":{"2777":"business","2769":"ecommerce","2857":"online-shopping"},"astra-site-page-builder":"elementor","categories":{"2495":"ecommerce"},"required-plugins":[{"slug":"astra-addon","init":"astra-addon\/astra-addon.php","name":"Astra Pro"},{"slug":"elementor","init":"elementor\/elementor.php","name":"Elementor"},{"slug":"ultimate-elementor","init":"ultimate-elementor\/ultimate-elementor.php","name":"Ultimate Addons for Elementor"},{"slug":"woocommerce","init":"woocommerce\/woocommerce.php","name":"WooCommerce"},{"slug":"woo-cart-abandonment-recovery","init":"woo-cart-abandonment-recovery\/woo-cart-abandonment-recovery.php","name":"WooCommerce Cart Abandonment Recovery"},{"slug":"wpforms-lite","init":"wpforms-lite\/wpforms.php","name":"WPForms Lite"},{"slug":"variation-swatches-woo","init":"variation-swatches-woo\/variation-swatches-woo.php","name":"Variation Swatches for WooCommerce"}],"post-status":"publish","post-content":"<!-- wp:paragraph -->\n<p>The Custom Printing Pro template is designed for eCommerce and is fully compatible with WooCommerce. It\u2019s a modern flat design with strong imagery and fonts that help create instant engagement. It\u2019s a powerful theme designed to sell.<\/p>\n<!-- \/wp:paragraph -->\n\n<!-- wp:paragraph -->\n<p>The template includes a gray background with bold colors, attractive images and lots of opportunities to sell your products. It\u2019s a well-designed template with minimal navigation with cart, bold calls to action and lots of opportunities to showcase products, special offers and anything else you might need to feature.<\/p>\n<!-- \/wp:paragraph -->\n\n<!-- wp:heading -->\n<h2>Key features of the Custom Printing Pro template<\/h2>\n<!-- \/wp:heading -->\n\n<!-- wp:list -->\n<ul><li>Elevated eCommerce design with a modern appeal<\/li><li>Fully compatible with WooCommerce<\/li><li>Lots of product and category areas<\/li><li>Special offer and calls to action sections<\/li><li>Full compatibility with leading page builders<\/li><\/ul>\n<!-- \/wp:list -->","post-excerpt":"Elevated eCommerce template with modern touches ideal for online stores","pages":{"id-36096":{"title":"Home","featured-image-url":"https:\/\/websitedemos.net\/wp-content\/uploads\/2019\/04\/custom-printing-04.jpg","thumbnail-image-url":"https:\/\/websitedemos.net\/wp-content\/uploads\/2019\/04\/custom-printing-04.jpg","astra-page-api-url":"https:\/\/websitedemos.net\/custom-printing-04\/wp-json\/wp\/v2\/pages\/95","dynamic-page":"yes","astra-page-url":"\/\/websitedemos.net\/custom-printing-04\/","astra-sites-tag":{"423":"home"},"site-pages-type":"agency-mini","site-pages-page-builder":"elementor","site-pages-category":[],"site-pages-parent-category":{"60":"business","64":"ecommerce"},"required-plugins":[{"slug":"elementor","init":"elementor\/elementor.php","name":"Elementor"},{"slug":"ultimate-elementor","init":"ultimate-elementor\/ultimate-elementor.php","name":"Ultimate Addons for Elementor"}]},"id-22180":{"title":"About HDX","featured-image-url":"https:\/\/websitedemos.net\/wp-content\/uploads\/2019\/04\/custom-printing-04-about-hdx.jpg","thumbnail-image-url":"https:\/\/websitedemos.net\/wp-content\/uploads\/2019\/04\/custom-printing-04-about-hdx.jpg","astra-page-api-url":"https:\/\/websitedemos.net\/custom-printing-04\/wp-json\/wp\/v2\/pages\/96","dynamic-page":"no","astra-page-url":"\/\/websitedemos.net\/custom-printing-04\/about-hdx\/","astra-sites-tag":{"352":"about"},"site-pages-type":"agency-mini","site-pages-page-builder":"elementor","site-pages-category":[],"site-pages-parent-category":{"60":"business","64":"ecommerce"},"required-plugins":[{"slug":"elementor","init":"elementor\/elementor.php","name":"Elementor"},{"slug":"ultimate-elementor","init":"ultimate-elementor\/ultimate-elementor.php","name":"Ultimate Addons for Elementor"}]},"id-22183":{"title":"Contact","featured-image-url":"https:\/\/websitedemos.net\/wp-content\/uploads\/2019\/04\/custom-printing-04-contact.jpg","thumbnail-image-url":"https:\/\/websitedemos.net\/wp-content\/uploads\/2019\/04\/custom-printing-04-contact.jpg","astra-page-api-url":"https:\/\/websitedemos.net\/custom-printing-04\/wp-json\/wp\/v2\/pages\/15","dynamic-page":"no","astra-page-url":"\/\/websitedemos.net\/custom-printing-04\/contact\/","astra-sites-tag":{"415":"contact"},"site-pages-type":"agency-mini","site-pages-page-builder":"elementor","site-pages-category":[],"site-pages-parent-category":{"60":"business","64":"ecommerce"},"required-plugins":[{"slug":"elementor","init":"elementor\/elementor.php","name":"Elementor"},{"slug":"ultimate-elementor","init":"ultimate-elementor\/ultimate-elementor.php","name":"Ultimate Addons for Elementor"},{"slug":"wpforms-lite","init":"wpforms-lite\/wpforms.php","name":"WPForms Lite"}]}},"related-bb-template":"","related-elementor-template":"","related-gutenberg-template":""},"id-47547":{"title":"Diagnostics Lab","id":47547,"publish-date":1600971205,"featured-image-url":"https:\/\/websitedemos.net\/wp-content\/uploads\/2020\/09\/diagnostics-lab-04.jpg","thumbnail-image-url":"https:\/\/websitedemos.net\/wp-content\/uploads\/2020\/09\/diagnostics-lab-04.jpg","fullpage-thumbnail-image-url":"https:\/\/websitedemos.net\/wp-content\/uploads\/2020\/09\/diagnostics-lab-04.jpg","astra-site-url":"\/\/websitedemos.net\/diagnostics-lab-02","astra-site-parent-id":1635,"astra-sites-tag":{"1637":"clinical-diagnosis","1636":"diagnosis","1640":"laboratory","1638":"test","1639":"workshop"},"astra-sites-type":"free","astra-site-category":{"27":"business","39":"free"},"astra-sites-template-category":{"2777":"business","2834":"healthcare","2841":"medical-clinic"},"astra-site-page-builder":"elementor","categories":{"2490":"healthcare"},"required-plugins":[{"slug":"elementor","init":"elementor\/elementor.php","name":"Elementor"},{"slug":"header-footer-elementor","init":"header-footer-elementor\/header-footer-elementor.php","name":"Elementor - Header, Footer & Blocks"},{"slug":"wpforms-lite","init":"wpforms-lite\/wpforms.php","name":"WPForms Lite"}],"post-status":"publish","post-content":"<!-- wp:paragraph -->\n<p>The Diagnostics Lab template proves you don\u2019t have to be cold to be clinical. It\u2019s a professional design with reassuring blue and green colors on a light background. It\u2019s a boxed layout with flexible content areas and engaging elements.<\/p>\n<!-- \/wp:paragraph -->\n\n<!-- wp:paragraph -->\n<p>The theme as a whole communicates well, with those colors, modern fonts, lots of whitespace, areas for images, graphics, icons and calls to action. There are also a range of complementing pages that reflect the core design while answering the core brief of this kind of niche.<\/p>\n<!-- \/wp:paragraph -->\n\n<!-- wp:heading -->\n<h2>Key features of the Diagnostics Lab template<\/h2>\n<!-- \/wp:heading -->\n\n<!-- wp:list -->\n<ul><li>Modern web template ideal for medicine, clinics or hospitals<\/li><li>Reassuring colors and fonts<\/li><li>Great use of light backgrounds, bold colors and images<\/li><li>Relevant supplementary pages for the niche<\/li><li>Full compatibility with leading page builders<\/li><\/ul>\n<!-- \/wp:list -->","post-excerpt":"Well-designed website template ideal for clinics, hospitals, doctors and medicine","pages":{"id-47550":{"title":"Home","featured-image-url":"https:\/\/websitedemos.net\/wp-content\/uploads\/2020\/09\/diagnostics-lab-04.jpg","thumbnail-image-url":"https:\/\/websitedemos.net\/wp-content\/uploads\/2020\/09\/diagnostics-lab-04.jpg","astra-page-api-url":"https:\/\/websitedemos.net\/diagnostics-lab-02\/wp-json\/wp\/v2\/pages\/14","dynamic-page":"no","astra-page-url":"\/\/websitedemos.net\/diagnostics-lab-02\/","astra-sites-tag":{"423":"home"},"site-pages-type":"free","site-pages-page-builder":"elementor","site-pages-category":[],"site-pages-parent-category":{"60":"business","61":"free"},"required-plugins":[{"slug":"elementor","init":"elementor\/elementor.php","name":"Elementor"}]},"id-47548":{"title":"About Us","featured-image-url":"https:\/\/websitedemos.net\/wp-content\/uploads\/2020\/09\/diagnostics-lab-02-about-us.jpg","thumbnail-image-url":"https:\/\/websitedemos.net\/wp-content\/uploads\/2020\/09\/diagnostics-lab-02-about-us.jpg","astra-page-api-url":"https:\/\/websitedemos.net\/diagnostics-lab-02\/wp-json\/wp\/v2\/pages\/134","dynamic-page":"no","astra-page-url":"\/\/websitedemos.net\/diagnostics-lab-02\/about-us\/","astra-sites-tag":{"352":"about"},"site-pages-type":"free","site-pages-page-builder":"elementor","site-pages-category":[],"site-pages-parent-category":{"60":"business","61":"free"},"required-plugins":[{"slug":"elementor","init":"elementor\/elementor.php","name":"Elementor"}]},"id-47551":{"title":"Services","featured-image-url":"https:\/\/websitedemos.net\/wp-content\/uploads\/2020\/09\/diagnostics-lab-02-services.jpg","thumbnail-image-url":"https:\/\/websitedemos.net\/wp-content\/uploads\/2020\/09\/diagnostics-lab-02-services.jpg","astra-page-api-url":"https:\/\/websitedemos.net\/diagnostics-lab-02\/wp-json\/wp\/v2\/pages\/157","dynamic-page":"no","astra-page-url":"\/\/websitedemos.net\/diagnostics-lab-02\/services\/","astra-sites-tag":{"425":"services"},"site-pages-type":"free","site-pages-page-builder":"elementor","site-pages-category":[],"site-pages-parent-category":{"60":"business","61":"free"},"required-plugins":[{"slug":"elementor","init":"elementor\/elementor.php","name":"Elementor"}]},"id-47552":{"title":"Testimonial","featured-image-url":"https:\/\/websitedemos.net\/wp-content\/uploads\/2020\/09\/diagnostics-lab-02-testimonial.jpg","thumbnail-image-url":"https:\/\/websitedemos.net\/wp-content\/uploads\/2020\/09\/diagnostics-lab-02-testimonial.jpg","astra-page-api-url":"https:\/\/websitedemos.net\/diagnostics-lab-02\/wp-json\/wp\/v2\/pages\/170","dynamic-page":"no","astra-page-url":"\/\/websitedemos.net\/diagnostics-lab-02\/testimonial\/","astra-sites-tag":{"433":"testimonials"},"site-pages-type":"free","site-pages-page-builder":"elementor","site-pages-category":[],"site-pages-parent-category":{"60":"business","61":"free"},"required-plugins":[{"slug":"elementor","init":"elementor\/elementor.php","name":"Elementor"}]},"id-47549":{"title":"Contact Us","featured-image-url":"https:\/\/websitedemos.net\/wp-content\/uploads\/2020\/09\/diagnostics-lab-04-contact-us.jpg","thumbnail-image-url":"https:\/\/websitedemos.net\/wp-content\/uploads\/2020\/09\/diagnostics-lab-04-contact-us.jpg","astra-page-api-url":"https:\/\/websitedemos.net\/diagnostics-lab-02\/wp-json\/wp\/v2\/pages\/183","dynamic-page":"no","astra-page-url":"\/\/websitedemos.net\/diagnostics-lab-02\/contact-us\/","astra-sites-tag":{"415":"contact"},"site-pages-type":"free","site-pages-page-builder":"elementor","site-pages-category":[],"site-pages-parent-category":{"60":"business","61":"free"},"required-plugins":[{"slug":"elementor","init":"elementor\/elementor.php","name":"Elementor"},{"slug":"wpforms-lite","init":"wpforms-lite\/wpforms.php","name":"WPForms Lite"}]}},"related-bb-template":"","related-elementor-template":47547,"related-gutenberg-template":47672},"id-48061":{"title":"Online Cooking Course","id":48061,"publish-date":1603831834,"featured-image-url":"https:\/\/websitedemos.net\/wp-content\/uploads\/2020\/10\/online-cooking-course-08-2.jpg","thumbnail-image-url":"https:\/\/websitedemos.net\/wp-content\/uploads\/2020\/10\/online-cooking-course-08-2-600x1445.jpg","fullpage-thumbnail-image-url":"https:\/\/websitedemos.net\/wp-content\/uploads\/2020\/10\/online-cooking-course-08-2-400x963.jpg","astra-site-url":"\/\/websitedemos.net\/online-cooking-course-08","astra-site-parent-id":1696,"astra-sites-tag":{"1679":"cooking-course","468":"elearning","467":"learndash","719":"online-coaching","466":"online-courses","975":"online-learning"},"astra-sites-type":"free","astra-site-category":{"27":"business","39":"free"},"astra-sites-template-category":{"2835":"elearning","2785":"food","2880":"membership","2827":"online-course","2770":"personal"},"astra-site-page-builder":"gutenberg","categories":{"2494":"elearning"},"required-plugins":[{"slug":"ultimate-addons-for-gutenberg","init":"ultimate-addons-for-gutenberg\/ultimate-addons-for-gutenberg.php","name":"Spectra"},{"slug":"sfwd-lms","init":"sfwd-lms\/sfwd_lms.php","name":"LearnDash LMS"},{"slug":"learndash-course-grid","init":"learndash-course-grid\/learndash_course_grid.php","name":"LearnDash LMS - Course Grid"},{"slug":"wpforms-lite","init":"wpforms-lite\/wpforms.php","name":"WPForms Lite"}],"post-status":"publish","post-content":"","post-excerpt":"","pages":{"id-48065":{"title":"Home","featured-image-url":"https:\/\/websitedemos.net\/wp-content\/uploads\/2020\/10\/online-cooking-course-08-2.jpg","thumbnail-image-url":"https:\/\/websitedemos.net\/wp-content\/uploads\/2020\/10\/online-cooking-course-08-2-600x1445.jpg","astra-page-api-url":"https:\/\/websitedemos.net\/online-cooking-course-08\/wp-json\/wp\/v2\/pages\/9","dynamic-page":"no","astra-page-url":"\/\/websitedemos.net\/online-cooking-course-08\/","astra-sites-tag":{"423":"home"},"site-pages-type":"free","site-pages-page-builder":"gutenberg","site-pages-category":[],"site-pages-parent-category":{"60":"business","61":"free"},"required-plugins":[{"slug":"ultimate-addons-for-gutenberg","init":"ultimate-addons-for-gutenberg\/ultimate-addons-for-gutenberg.php","name":"Spectra"},{"slug":"wpforms-lite","init":"wpforms-lite\/wpforms.php","name":"WPForms Lite"}]},"id-48063":{"title":"All Courses","featured-image-url":"https:\/\/websitedemos.net\/wp-content\/uploads\/2020\/10\/online-cooking-course-08-all-courses-2.jpg","thumbnail-image-url":"https:\/\/websitedemos.net\/wp-content\/uploads\/2020\/10\/online-cooking-course-08-all-courses-2-600x1153.jpg","astra-page-api-url":"https:\/\/websitedemos.net\/online-cooking-course-08\/wp-json\/wp\/v2\/pages\/10","dynamic-page":"yes","astra-page-url":"\/\/websitedemos.net\/online-cooking-course-08\/all-courses\/","astra-sites-tag":{"462":"courses"},"site-pages-type":"free","site-pages-page-builder":"gutenberg","site-pages-category":[],"site-pages-parent-category":{"60":"business","61":"free"},"required-plugins":[{"slug":"sfwd-lms","init":"sfwd-lms\/sfwd_lms.php","name":"LearnDash LMS"},{"slug":"learndash-course-grid","init":"learndash-course-grid\/learndash_course_grid.php","name":"LearnDash LMS - Course Grid"},{"slug":"ultimate-addons-for-gutenberg","init":"ultimate-addons-for-gutenberg\/ultimate-addons-for-gutenberg.php","name":"Spectra"},{"slug":"wpforms-lite","init":"wpforms-lite\/wpforms.php","name":"WPForms Lite"}]},"id-48062":{"title":"About","featured-image-url":"https:\/\/websitedemos.net\/wp-content\/uploads\/2020\/10\/online-cooking-course-08-about-2.jpg","thumbnail-image-url":"https:\/\/websitedemos.net\/wp-content\/uploads\/2020\/10\/online-cooking-course-08-about-2-600x1190.jpg","astra-page-api-url":"https:\/\/websitedemos.net\/online-cooking-course-08\/wp-json\/wp\/v2\/pages\/11","dynamic-page":"no","astra-page-url":"\/\/websitedemos.net\/online-cooking-course-08\/about\/","astra-sites-tag":{"352":"about"},"site-pages-type":"free","site-pages-page-builder":"gutenberg","site-pages-category":[],"site-pages-parent-category":{"60":"business","61":"free"},"required-plugins":[{"slug":"ultimate-addons-for-gutenberg","init":"ultimate-addons-for-gutenberg\/ultimate-addons-for-gutenberg.php","name":"Spectra"},{"slug":"wpforms-lite","init":"wpforms-lite\/wpforms.php","name":"WPForms Lite"}]},"id-48064":{"title":"Contact","featured-image-url":"https:\/\/websitedemos.net\/wp-content\/uploads\/2020\/10\/online-cooking-course-08-contact-2.jpg","thumbnail-image-url":"https:\/\/websitedemos.net\/wp-content\/uploads\/2020\/10\/online-cooking-course-08-contact-2-600x859.jpg","astra-page-api-url":"https:\/\/websitedemos.net\/online-cooking-course-08\/wp-json\/wp\/v2\/pages\/12","dynamic-page":"no","astra-page-url":"\/\/websitedemos.net\/online-cooking-course-08\/contact\/","astra-sites-tag":{"415":"contact"},"site-pages-type":"free","site-pages-page-builder":"gutenberg","site-pages-category":[],"site-pages-parent-category":{"60":"business","61":"free"},"required-plugins":[{"slug":"ultimate-addons-for-gutenberg","init":"ultimate-addons-for-gutenberg\/ultimate-addons-for-gutenberg.php","name":"Spectra"},{"slug":"wpforms-lite","init":"wpforms-lite\/wpforms.php","name":"WPForms Lite"}]}},"related-bb-template":"","related-elementor-template":"","related-gutenberg-template":""},"id-21821":{"title":"Custom Printing","id":21821,"publish-date":1556523458,"featured-image-url":"https:\/\/websitedemos.net\/wp-content\/uploads\/2019\/10\/custom-printing-03-home-1.jpg","thumbnail-image-url":"https:\/\/websitedemos.net\/wp-content\/uploads\/2019\/10\/custom-printing-03-home-1.jpg","fullpage-thumbnail-image-url":"https:\/\/websitedemos.net\/wp-content\/uploads\/2019\/10\/custom-printing-03-home-1.jpg","astra-site-url":"\/\/websitedemos.net\/custom-printing-03","astra-site-parent-id":318,"astra-sites-tag":{"2418":"commerce","400":"custom-printing","1017":"e-commerce","496":"ecommerce","1817":"ecommerce-store","2419":"eshopping","881":"mug-printing","2422":"online-market","732":"online-shop","2420":"online-shopping","383":"online-store","967":"product-store","2421":"purchases","2417":"reseller","733":"shop","2416":"shopping","749":"store","405":"t-shirt-printing","966":"woo-commerce","1024":"woocommerce"},"astra-sites-type":"agency-mini","astra-site-category":{"27":"business","38":"ecommerce"},"astra-sites-template-category":[],"astra-site-page-builder":"beaver-builder","categories":{"2495":"ecommerce"},"required-plugins":[{"slug":"astra-addon","init":"astra-addon\/astra-addon.php","name":"Astra Pro"},{"slug":"beaver-builder-lite-version","init":"beaver-builder-lite-version\/fl-builder.php","name":"Beaver Builder Plugin (Lite Version)"},{"slug":"cartflows","init":"cartflows\/cartflows.php","name":"CartFlows"},{"slug":"bb-ultimate-addon","init":"bb-ultimate-addon\/bb-ultimate-addon.php","name":"Ultimate Addons for Beaver Builder"},{"slug":"woocommerce","init":"woocommerce\/woocommerce.php","name":"WooCommerce"},{"slug":"woo-cart-abandonment-recovery","init":"woo-cart-abandonment-recovery\/woo-cart-abandonment-recovery.php","name":"WooCommerce Cart Abandonment Recovery"},{"slug":"wpforms-lite","init":"wpforms-lite\/wpforms.php","name":"WPForms Lite"},{"slug":"variation-swatches-woo","init":"variation-swatches-woo\/variation-swatches-woo.php","name":"Variation Swatches for WooCommerce"}],"post-status":"publish","post-content":"","post-excerpt":"","pages":{"id-34081":{"title":"Home","featured-image-url":"https:\/\/websitedemos.net\/wp-content\/uploads\/2019\/10\/custom-printing-03-home-1.jpg","thumbnail-image-url":"https:\/\/websitedemos.net\/wp-content\/uploads\/2019\/10\/custom-printing-03-home-1.jpg","astra-page-api-url":"https:\/\/websitedemos.net\/custom-printing-03\/wp-json\/wp\/v2\/pages\/95","dynamic-page":"yes","astra-page-url":"\/\/websitedemos.net\/custom-printing-03\/","astra-sites-tag":{"423":"home"},"site-pages-type":"agency-mini","site-pages-page-builder":"beaver-builder","site-pages-category":[],"site-pages-parent-category":{"60":"business","64":"ecommerce"},"required-plugins":[{"slug":"beaver-builder-lite-version","init":"beaver-builder-lite-version\/fl-builder.php","name":"Beaver Builder Plugin (Lite Version)"},{"slug":"bb-ultimate-addon","init":"bb-ultimate-addon\/bb-ultimate-addon.php","name":"Ultimate Addons for Beaver Builder"}]},"id-26341":{"title":"About HDX","featured-image-url":"https:\/\/websitedemos.net\/wp-content\/uploads\/2019\/10\/custom-printing-03-about.jpg","thumbnail-image-url":"https:\/\/websitedemos.net\/wp-content\/uploads\/2019\/10\/custom-printing-03-about.jpg","astra-page-api-url":"https:\/\/websitedemos.net\/custom-printing-03\/wp-json\/wp\/v2\/pages\/96","dynamic-page":"no","astra-page-url":"\/\/websitedemos.net\/custom-printing-03\/about-hdx\/","astra-sites-tag":{"352":"about"},"site-pages-type":"agency-mini","site-pages-page-builder":"beaver-builder","site-pages-category":[],"site-pages-parent-category":{"60":"business","64":"ecommerce"},"required-plugins":[{"slug":"beaver-builder-lite-version","init":"beaver-builder-lite-version\/fl-builder.php","name":"Beaver Builder Plugin (Lite Version)"},{"slug":"bb-ultimate-addon","init":"bb-ultimate-addon\/bb-ultimate-addon.php","name":"Ultimate Addons for Beaver Builder"}]},"id-26344":{"title":"Contact","featured-image-url":"https:\/\/websitedemos.net\/wp-content\/uploads\/2019\/10\/custom-printing-03-contact.jpg","thumbnail-image-url":"https:\/\/websitedemos.net\/wp-content\/uploads\/2019\/10\/custom-printing-03-contact.jpg","astra-page-api-url":"https:\/\/websitedemos.net\/custom-printing-03\/wp-json\/wp\/v2\/pages\/15","dynamic-page":"no","astra-page-url":"\/\/websitedemos.net\/custom-printing-03\/contact\/","astra-sites-tag":{"415":"contact"},"site-pages-type":"agency-mini","site-pages-page-builder":"beaver-builder","site-pages-category":[],"site-pages-parent-category":{"60":"business","64":"ecommerce"},"required-plugins":[{"slug":"beaver-builder-lite-version","init":"beaver-builder-lite-version\/fl-builder.php","name":"Beaver Builder Plugin (Lite Version)"},{"slug":"bb-ultimate-addon","init":"bb-ultimate-addon\/bb-ultimate-addon.php","name":"Ultimate Addons for Beaver Builder"},{"slug":"wpforms-lite","init":"wpforms-lite\/wpforms.php","name":"WPForms Lite"}]}},"related-bb-template":"","related-elementor-template":"","related-gutenberg-template":""},"id-47023":{"title":"Women Empowerment NGO","id":47023,"publish-date":1596836442,"featured-image-url":"https:\/\/websitedemos.net\/wp-content\/uploads\/2020\/08\/women-empowerment-02.jpg","thumbnail-image-url":"https:\/\/websitedemos.net\/wp-content\/uploads\/2020\/08\/women-empowerment-02.jpg","fullpage-thumbnail-image-url":"https:\/\/websitedemos.net\/wp-content\/uploads\/2020\/08\/women-empowerment-02.jpg","astra-site-url":"\/\/websitedemos.net\/women-empowerment-02","astra-site-parent-id":1590,"astra-sites-tag":{"1592":"ngo","1591":"women-empowerment"},"astra-sites-type":"free","astra-site-category":{"27":"business"},"astra-sites-template-category":{"2786":"charity-nonprofit","2872":"donation-fundraiser","2784":"event","2821":"feminine-girly","2871":"ngo"},"astra-site-page-builder":"elementor","categories":{"2492":"non-profit"},"required-plugins":[{"slug":"elementor","init":"elementor\/elementor.php","name":"Elementor"},{"slug":"wpforms-lite","init":"wpforms-lite\/wpforms.php","name":"WPForms Lite"}],"post-status":"publish","post-content":"<!-- wp:paragraph -->\n<p>The Women Empowerment NGO template delivers a pleasant feel as soon as it loads. It opens with a fullscreen image header with soft colors and modest headline before flowing into an alternating light and dark homepage.<\/p>\n<!-- \/wp:paragraph -->\n\n<!-- wp:paragraph -->\n<p>The design uses soft colors and fonts throughout to create somewhere you want to spend time. With a range of flexible content areas, lots of space to tell your story and relevant calls to action, including a donation element, this is the ideal theme for nonprofits.<\/p>\n<!-- \/wp:paragraph -->\n\n<!-- wp:heading -->\n<h2>Key features of the Women Empowerment NGO template<\/h2>\n<!-- \/wp:heading -->\n\n<!-- wp:list -->\n<ul><li>Pleasant, welcoming website template for nonprofits<\/li><li>Soft colors and fonts make you feel wanted<\/li><li>Alternating light and dark areas with parallax effects<\/li><li>Donation and calls to action elements<\/li><li>Full compatibility with leading page builders<\/li><\/ul>\n<!-- \/wp:list -->","post-excerpt":"Pleasant web template designed for good causes, nonprofits and charities","pages":{"id-47028":{"title":"Home","featured-image-url":"https:\/\/websitedemos.net\/wp-content\/uploads\/2020\/08\/women-empowerment-02.jpg","thumbnail-image-url":"https:\/\/websitedemos.net\/wp-content\/uploads\/2020\/08\/women-empowerment-02.jpg","astra-page-api-url":"https:\/\/websitedemos.net\/women-empowerment-02\/wp-json\/wp\/v2\/pages\/6","dynamic-page":"no","astra-page-url":"\/\/websitedemos.net\/women-empowerment-02\/","astra-sites-tag":{"423":"home","814":"homepage"},"site-pages-type":"free","site-pages-page-builder":"elementor","site-pages-category":[],"site-pages-parent-category":{"60":"business"},"required-plugins":[{"slug":"elementor","init":"elementor\/elementor.php","name":"Elementor"}]},"id-47024":{"title":"About Us","featured-image-url":"https:\/\/websitedemos.net\/wp-content\/uploads\/2020\/08\/women-empowerment-02-about-us.jpg","thumbnail-image-url":"https:\/\/websitedemos.net\/wp-content\/uploads\/2020\/08\/women-empowerment-02-about-us.jpg","astra-page-api-url":"https:\/\/websitedemos.net\/women-empowerment-02\/wp-json\/wp\/v2\/pages\/8","dynamic-page":"no","astra-page-url":"\/\/websitedemos.net\/women-empowerment-02\/about-us\/","astra-sites-tag":{"352":"about","455":"about-us"},"site-pages-type":"free","site-pages-page-builder":"elementor","site-pages-category":[],"site-pages-parent-category":{"60":"business"},"required-plugins":[{"slug":"elementor","init":"elementor\/elementor.php","name":"Elementor"}]},"id-47029":{"title":"What We Do","featured-image-url":"https:\/\/websitedemos.net\/wp-content\/uploads\/2020\/08\/women-empowerment-02-what-we-do.jpg","thumbnail-image-url":"https:\/\/websitedemos.net\/wp-content\/uploads\/2020\/08\/women-empowerment-02-what-we-do.jpg","astra-page-api-url":"https:\/\/websitedemos.net\/women-empowerment-02\/wp-json\/wp\/v2\/pages\/14","dynamic-page":"no","astra-page-url":"\/\/websitedemos.net\/women-empowerment-02\/what-we-do\/","astra-sites-tag":{"628":"what-we-do"},"site-pages-type":"free","site-pages-page-builder":"elementor","site-pages-category":[],"site-pages-parent-category":{"60":"business"},"required-plugins":[{"slug":"elementor","init":"elementor\/elementor.php","name":"Elementor"}]},"id-47026":{"title":"Events","featured-image-url":"https:\/\/websitedemos.net\/wp-content\/uploads\/2020\/08\/women-empowerment-02-events.jpg","thumbnail-image-url":"https:\/\/websitedemos.net\/wp-content\/uploads\/2020\/08\/women-empowerment-02-events.jpg","astra-page-api-url":"https:\/\/websitedemos.net\/women-empowerment-02\/wp-json\/wp\/v2\/pages\/16","dynamic-page":"no","astra-page-url":"\/\/websitedemos.net\/women-empowerment-02\/events\/","astra-sites-tag":{"1569":"events","989":"programs"},"site-pages-type":"free","site-pages-page-builder":"elementor","site-pages-category":[],"site-pages-parent-category":{"60":"business"},"required-plugins":[{"slug":"elementor","init":"elementor\/elementor.php","name":"Elementor"}]},"id-47027":{"title":"Gallery","featured-image-url":"https:\/\/websitedemos.net\/wp-content\/uploads\/2020\/08\/women-empowerment-02-gallery.jpg","thumbnail-image-url":"https:\/\/websitedemos.net\/wp-content\/uploads\/2020\/08\/women-empowerment-02-gallery.jpg","astra-page-api-url":"https:\/\/websitedemos.net\/women-empowerment-02\/wp-json\/wp\/v2\/pages\/18","dynamic-page":"no","astra-page-url":"\/\/websitedemos.net\/women-empowerment-02\/gallery\/","astra-sites-tag":{"461":"gallery"},"site-pages-type":"free","site-pages-page-builder":"elementor","site-pages-category":[],"site-pages-parent-category":{"60":"business"},"required-plugins":[{"slug":"elementor","init":"elementor\/elementor.php","name":"Elementor"}]},"id-47025":{"title":"Contact","featured-image-url":"https:\/\/websitedemos.net\/wp-content\/uploads\/2020\/08\/women-empowerment-02-contact.jpg","thumbnail-image-url":"https:\/\/websitedemos.net\/wp-content\/uploads\/2020\/08\/women-empowerment-02-contact.jpg","astra-page-api-url":"https:\/\/websitedemos.net\/women-empowerment-02\/wp-json\/wp\/v2\/pages\/10","dynamic-page":"no","astra-page-url":"\/\/websitedemos.net\/women-empowerment-02\/contact\/","astra-sites-tag":{"415":"contact","454":"contact-us","896":"get-connected","377":"get-in-touch"},"site-pages-type":"free","site-pages-page-builder":"elementor","site-pages-category":[],"site-pages-parent-category":{"60":"business"},"required-plugins":[{"slug":"elementor","init":"elementor\/elementor.php","name":"Elementor"},{"slug":"wpforms-lite","init":"wpforms-lite\/wpforms.php","name":"WPForms Lite"}]}},"related-bb-template":"","related-elementor-template":47023,"related-gutenberg-template":64787}}